ISO-10303-21;
HEADER;
FILE_DESCRIPTION (( 'STEP AP214' ),
    '1' );
FILE_NAME ('MP34DT05TR-A.STEP',
    '2024-01-31T10:34:40',
    ( 'LENOVO' ),
    ( '' ),
    'SwSTEP 2.0',
    'SolidWorks 2021',
    '' );
FILE_SCHEMA (( 'AUTOMOTIVE_DESIGN' ));
ENDSEC;

DATA;
#1 = VECTOR ( 'NONE', #2722, 1000.000000000000000 ) ;
#2 = PLANE ( 'NONE',  #2827 ) ;
#3 = ORIENTED_EDGE ( 'NONE', *, *, #2773, .T. ) ;
#4 = LINE ( 'NONE', #2189, #1889 ) ;
#5 = EDGE_LOOP ( 'NONE', ( #1200, #221, #2685, #1920 ) ) ;
#6 = PLANE ( 'NONE',  #431 ) ;
#7 = CARTESIAN_POINT ( 'NONE',  ( -1.100000000000000755, -0.000000000000000000, -1.899999999999999689 ) ) ;
#8 = ORIENTED_EDGE ( 'NONE', *, *, #2856, .T. ) ;
#9 = CARTESIAN_POINT ( 'NONE',  ( -0.6500000000000000222, 0.000000000000000000, 1.149999999999999911 ) ) ;
#10 = ORIENTED_EDGE ( 'NONE', *, *, #307, .T. ) ;
#11 = VECTOR ( 'NONE', #595, 1000.000000000000000 ) ;
#12 = DIRECTION ( 'NONE',  ( 0.000000000000000000, -1.000000000000000000, 0.000000000000000000 ) ) ;
#13 = ORIENTED_EDGE ( 'NONE', *, *, #1575, .F. ) ;
#14 = FACE_OUTER_BOUND ( 'NONE', #2054, .T. ) ;
#15 = VERTEX_POINT ( 'NONE', #1250 ) ;
#16 = LINE ( 'NONE', #611, #11 ) ;
#17 = CARTESIAN_POINT ( 'NONE',  ( -1.500000000000000222, 0.2399999999999999911, 2.000000000000000000 ) ) ;
#18 = EDGE_LOOP ( 'NONE', ( #2854, #535, #1288, #1910 ) ) ;
#19 = VECTOR ( 'NONE', #1754, 1000.000000000000000 ) ;
#20 = ORIENTED_EDGE ( 'NONE', *, *, #1680, .T. ) ;
#21 = LINE ( 'NONE', #2591, #2022 ) ;
#22 = DIRECTION ( 'NONE',  ( 0.000000000000000000, 0.000000000000000000, -1.000000000000000000 ) ) ;
#23 = ORIENTED_EDGE ( 'NONE', *, *, #670, .T. ) ;
#24 = VECTOR ( 'NONE', #2563, 1000.000000000000000 ) ;
#25 = ORIENTED_EDGE ( 'NONE', *, *, #2023, .F. ) ;
#26 = AXIS2_PLACEMENT_3D ( 'NONE', #1672, #2837, #2169 ) ;
#27 = VECTOR ( 'NONE', #412, 1000.000000000000000 ) ;
#28 = ORIENTED_EDGE ( 'NONE', *, *, #2399, .T. ) ;
#29 = CARTESIAN_POINT ( 'NONE',  ( 0.000000000000000000, 0.9000000000000000222, 0.4299999999999999933 ) ) ;
#30 = ADVANCED_FACE ( 'NONE', ( #849 ), #1451, .T. ) ;
#31 = EDGE_CURVE ( 'NONE', #15, #306, #922, .T. ) ;
#32 = ADVANCED_FACE ( 'NONE', ( #981 ), #1048, .F. ) ;
#33 = VECTOR ( 'NONE', #774, 1000.000000000000000 ) ;
#34 = CARTESIAN_POINT ( 'NONE',  ( -0.6500000000000000222, 0.1000000000000002554, 0.000000000000000000 ) ) ;
#35 = VERTEX_POINT ( 'NONE', #233 ) ;
#36 = VECTOR ( 'NONE', #2491, 1000.000000000000000 ) ;
#37 = DIRECTION ( 'NONE',  ( 0.000000000000000000, 0.000000000000000000, 1.000000000000000000 ) ) ;
#38 = ORIENTED_EDGE ( 'NONE', *, *, #1106, .F. ) ;
#39 = EDGE_CURVE ( 'NONE', #1120, #58, #1895, .T. ) ;
#40 = VECTOR ( 'NONE', #1866, 1000.000000000000000 ) ;
#41 = VERTEX_POINT ( 'NONE', #379 ) ;
#42 = CYLINDRICAL_SURFACE ( 'NONE', #648, 0.3499999999999999778 ) ;
#43 = VERTEX_POINT ( 'NONE', #579 ) ;
#44 = VERTEX_POINT ( 'NONE', #783 ) ;
#45 = CARTESIAN_POINT ( 'NONE',  ( -2.409338161078896346E-17, 4.820169488482378917, -0.1999999999999997891 ) ) ;
#46 = DIRECTION ( 'NONE',  ( 0.000000000000000000, -1.000000000000000000, 0.000000000000000000 ) ) ;
#47 = ORIENTED_EDGE ( 'NONE', *, *, #2557, .T. ) ;
#48 = AXIS2_PLACEMENT_3D ( 'NONE', #2841, #298, #1759 ) ;
#49 = EDGE_LOOP ( 'NONE', ( #2431, #1914, #2231, #1484 ) ) ;
#50 = CARTESIAN_POINT ( 'NONE',  ( -1.050000000000000044, 0.1000000000000000056, 0.000000000000000000 ) ) ;
#51 = LINE ( 'NONE', #1308, #995 ) ;
#52 = VERTEX_POINT ( 'NONE', #2794 ) ;
#53 = VECTOR ( 'NONE', #183, 1000.000000000000000 ) ;
#54 = DIRECTION ( 'NONE',  ( 0.000000000000000000, -0.000000000000000000, -1.000000000000000000 ) ) ;
#55 = ADVANCED_FACE ( 'NONE', ( #1828, #1968 ), #2369, .T. ) ;
#56 = VECTOR ( 'NONE', #1706, 1000.000000000000000 ) ;
#57 = ORIENTED_EDGE ( 'NONE', *, *, #2720, .T. ) ;
#58 = VERTEX_POINT ( 'NONE', #373 ) ;
#59 = CARTESIAN_POINT ( 'NONE',  ( 0.6500000000000000222, 0.1000000000000000056, 1.149999999999999911 ) ) ;
#60 = ORIENTED_EDGE ( 'NONE', *, *, #1605, .T. ) ;
#61 = CARTESIAN_POINT ( 'NONE',  ( -0.1999999999999999833, -0.000000000000000000, 0.000000000000000000 ) ) ;
#62 = DIRECTION ( 'NONE',  ( 0.000000000000000000, 0.000000000000000000, 1.000000000000000000 ) ) ;
#63 = LINE ( 'NONE', #2208, #1986 ) ;
#64 = AXIS2_PLACEMENT_3D ( 'NONE', #1366, #404, #2482 ) ;
#65 = VERTEX_POINT ( 'NONE', #2737 ) ;
#66 = ORIENTED_EDGE ( 'NONE', *, *, #2099, .T. ) ;
#67 = EDGE_CURVE ( 'NONE', #250, #2030, #1964, .T. ) ;
#68 = FILL_AREA_STYLE ('',( #2704 ) ) ;
#69 = VECTOR ( 'NONE', #2269, 1000.000000000000000 ) ;
#70 = DIRECTION ( 'NONE',  ( -3.336006684570796906E-16, 0.000000000000000000, 1.000000000000000000 ) ) ;
#71 = EDGE_LOOP ( 'NONE', ( #2152, #1671, #891, #1733 ) ) ;
#72 = ORIENTED_EDGE ( 'NONE', *, *, #1715, .T. ) ;
#73 = DIRECTION ( 'NONE',  ( 0.000000000000000000, 1.000000000000000000, 0.000000000000000000 ) ) ;
#74 = EDGE_CURVE ( 'NONE', #2541, #2164, #51, .T. ) ;
#75 = ORIENTED_EDGE ( 'NONE', *, *, #1201, .T. ) ;
#76 = ORIENTED_EDGE ( 'NONE', *, *, #2343, .T. ) ;
#77 = EDGE_CURVE ( 'NONE', #1713, #1155, #1938, .T. ) ;
#78 = ADVANCED_FACE ( 'NONE', ( #989 ), #1342, .F. ) ;
#79 = ADVANCED_FACE ( 'NONE', ( #1838 ), #2455, .T. ) ;
#80 = ORIENTED_EDGE ( 'NONE', *, *, #1303, .T. ) ;
#81 = DIRECTION ( 'NONE',  ( -1.000000000000000000, 0.000000000000000000, 0.000000000000000000 ) ) ;
#82 = ORIENTED_EDGE ( 'NONE', *, *, #1934, .T. ) ;
#83 = DIRECTION ( 'NONE',  ( 1.000000000000000000, 0.000000000000000000, -0.000000000000000000 ) ) ;
#84 = DIRECTION ( 'NONE',  ( 0.000000000000000000, 0.000000000000000000, -1.000000000000000000 ) ) ;
#85 = VECTOR ( 'NONE', #1197, 1000.000000000000000 ) ;
#86 = AXIS2_PLACEMENT_3D ( 'NONE', #1557, #2459, #277 ) ;
#87 = ORIENTED_EDGE ( 'NONE', *, *, #1368, .F. ) ;
#88 = CARTESIAN_POINT ( 'NONE',  ( -5.170810361084735452E-16, 0.1000000000000000056, 1.550000000000000266 ) ) ;
#89 = PLANE ( 'NONE',  #2671 ) ;
#90 = FACE_OUTER_BOUND ( 'NONE', #2662, .T. ) ;
#91 = DIRECTION ( 'NONE',  ( 1.000000000000000000, 0.000000000000000000, 0.000000000000000000 ) ) ;
#92 = CARTESIAN_POINT ( 'NONE',  ( -0.6500000000000000222, 0.1000000000000000056, 1.149999999999999911 ) ) ;
#93 = VERTEX_POINT ( 'NONE', #2271 ) ;
#94 = LINE ( 'NONE', #2834, #53 ) ;
#95 = EDGE_LOOP ( 'NONE', ( #2324, #2508, #1544, #1174 ) ) ;
#96 = AXIS2_PLACEMENT_3D ( 'NONE', #92, #842, #1508 ) ;
#97 = ORIENTED_EDGE ( 'NONE', *, *, #2368, .F. ) ;
#98 = DIRECTION ( 'NONE',  ( 0.000000000000000000, 0.000000000000000000, -1.000000000000000000 ) ) ;
#99 = VECTOR ( 'NONE', #2374, 1000.000000000000000 ) ;
#100 = AXIS2_PLACEMENT_3D ( 'NONE', #1887, #2158, #147 ) ;
#101 = ADVANCED_FACE ( 'NONE', ( #2783 ), #963, .F. ) ;
#102 = ORIENTED_EDGE ( 'NONE', *, *, #2658, .F. ) ;
#103 = EDGE_CURVE ( 'NONE', #237, #692, #917, .T. ) ;
#104 = ORIENTED_EDGE ( 'NONE', *, *, #417, .F. ) ;
#105 = DIRECTION ( 'NONE',  ( -0.000000000000000000, 1.000000000000000000, -0.000000000000000000 ) ) ;
#106 = PRESENTATION_STYLE_ASSIGNMENT (( #2225 ) ) ;
#107 = EDGE_CURVE ( 'NONE', #2061, #114, #824, .T. ) ;
#108 = ORIENTED_EDGE ( 'NONE', *, *, #2692, .F. ) ;
#109 = VERTEX_POINT ( 'NONE', #1796 ) ;
#110 = EDGE_CURVE ( 'NONE', #1164, #2069, #957, .T. ) ;
#111 = LINE ( 'NONE', #1842, #1037 ) ;
#112 = DIRECTION ( 'NONE',  ( 1.000000000000000000, -0.000000000000000000, 2.853163611803958777E-17 ) ) ;
#113 = VERTEX_POINT ( 'NONE', #1935 ) ;
#114 = VERTEX_POINT ( 'NONE', #1909 ) ;
#115 = EDGE_LOOP ( 'NONE', ( #1280, #785, #1677, #2672 ) ) ;
#116 = VERTEX_POINT ( 'NONE', #884 ) ;
#117 = DIRECTION ( 'NONE',  ( -1.000000000000000000, 0.000000000000000000, -0.000000000000000000 ) ) ;
#118 = AXIS2_PLACEMENT_3D ( 'NONE', #212, #2423, #1127 ) ;
#119 = DIRECTION ( 'NONE',  ( 0.000000000000000000, 0.000000000000000000, 1.000000000000000000 ) ) ;
#120 = COLOUR_RGB ( '',1.000000000000000000, 0.8117647058823529438, 0.5019607843137254832 ) ;
#121 = VERTEX_POINT ( 'NONE', #2029 ) ;
#122 = EDGE_LOOP ( 'NONE', ( #768, #1189 ) ) ;
#123 = DIRECTION ( 'NONE',  ( 1.000000000000000000, 0.000000000000000000, -0.000000000000000000 ) ) ;
#124 = DIRECTION ( 'NONE',  ( 0.000000000000000000, 0.000000000000000000, 1.000000000000000000 ) ) ;
#125 = FACE_OUTER_BOUND ( 'NONE', #2419, .T. ) ;
#126 = CARTESIAN_POINT ( 'NONE',  ( -0.6500000000000000222, -0.000000000000000000, 0.000000000000000000 ) ) ;
#127 = DIRECTION ( 'NONE',  ( 1.000000000000000000, 0.000000000000000000, 3.336006684570796906E-16 ) ) ;
#128 = ADVANCED_FACE ( 'NONE', ( #832 ), #2278, .F. ) ;
#129 = VERTEX_POINT ( 'NONE', #2581 ) ;
#130 = VERTEX_POINT ( 'NONE', #838 ) ;
#131 = FACE_BOUND ( 'NONE', #134, .T. ) ;
#132 = CLOSED_SHELL ( 'NONE', ( #1386, #1547, #267, #366, #1617, #2608, #659, #766, #1434, #1565, #1872, #289, #482, #1410, #2274 ) ) ;
#133 = AXIS2_PLACEMENT_3D ( 'NONE', #559, #997, #1463 ) ;
#134 = EDGE_LOOP ( 'NONE', ( #763, #1136 ) ) ;
#135 = DIRECTION ( 'NONE',  ( -0.000000000000000000, 1.000000000000000000, -0.000000000000000000 ) ) ;
#136 = CARTESIAN_POINT ( 'NONE',  ( 0.1999999999999999833, 0.1000000000000000056, 0.000000000000000000 ) ) ;
#137 = VERTEX_POINT ( 'NONE', #2443 ) ;
#138 = ORIENTED_EDGE ( 'NONE', *, *, #2661, .T. ) ;
#139 = DIRECTION ( 'NONE',  ( -1.000000000000000000, 0.000000000000000000, 0.000000000000000000 ) ) ;
#140 = CARTESIAN_POINT ( 'NONE',  ( 0.6500000000000000222, 0.1000000000000000056, 0.000000000000000000 ) ) ;
#141 = CARTESIAN_POINT ( 'NONE',  ( -0.6500000000000000222, 0.1000000000000002554, 0.000000000000000000 ) ) ;
#142 = VECTOR ( 'NONE', #1861, 1000.000000000000000 ) ;
#143 = EDGE_CURVE ( 'NONE', #2350, #914, #2849, .T. ) ;
#144 = EDGE_CURVE ( 'NONE', #93, #1996, #1812, .T. ) ;
#145 = EDGE_LOOP ( 'NONE', ( #2447, #799, #1314, #812 ) ) ;
#146 = EDGE_LOOP ( 'NONE', ( #1954, #2129, #1737, #2710 ) ) ;
#147 = DIRECTION ( 'NONE',  ( 0.000000000000000000, -0.000000000000000000, -1.000000000000000000 ) ) ;
#148 = EDGE_CURVE ( 'NONE', #210, #236, #2770, .T. ) ;
#149 = VECTOR ( 'NONE', #384, 1000.000000000000000 ) ;
#150 = PLANE ( 'NONE',  #1497 ) ;
#151 = DIRECTION ( 'NONE',  ( -0.000000000000000000, 1.000000000000000000, -0.000000000000000000 ) ) ;
#152 = EDGE_LOOP ( 'NONE', ( #2191, #796, #2641, #977 ) ) ;
#153 = EDGE_LOOP ( 'NONE', ( #964, #895, #889, #469 ) ) ;
#154 = LINE ( 'NONE', #2559, #1103 ) ;
#155 = PRESENTATION_STYLE_ASSIGNMENT (( #1830 ) ) ;
#156 = ORIENTED_EDGE ( 'NONE', *, *, #180, .T. ) ;
#157 = ORIENTED_EDGE ( 'NONE', *, *, #1307, .T. ) ;
#158 = DIRECTION ( 'NONE',  ( 0.000000000000000000, -1.000000000000000000, 0.000000000000000000 ) ) ;
#159 = CARTESIAN_POINT ( 'NONE',  ( 1.399999999999999467, 0.1000000000000000056, 1.900000000000000133 ) ) ;
#160 = DIRECTION ( 'NONE',  ( 0.000000000000000000, 0.000000000000000000, -1.000000000000000000 ) ) ;
#161 = VECTOR ( 'NONE', #593, 1000.000000000000000 ) ;
#162 = ORIENTED_EDGE ( 'NONE', *, *, #2251, .T. ) ;
#163 = VERTEX_POINT ( 'NONE', #2481 ) ;
#164 = CARTESIAN_POINT ( 'NONE',  ( -0.6500000000000000222, 0.000000000000000000, -0.1999999999999998723 ) ) ;
#165 = VECTOR ( 'NONE', #2348, 1000.000000000000000 ) ;
#166 = CARTESIAN_POINT ( 'NONE',  ( -0.1999999999999999833, 4.820169488482378917, 0.1999999999999999001 ) ) ;
#167 = FACE_OUTER_BOUND ( 'NONE', #152, .T. ) ;
#168 = ORIENTED_EDGE ( 'NONE', *, *, #360, .F. ) ;
#169 = EDGE_LOOP ( 'NONE', ( #2718, #2798, #780, #2209 ) ) ;
#170 = CARTESIAN_POINT ( 'NONE',  ( -1.100000000000000755, -0.000000000000000000, -1.899999999999999689 ) ) ;
#171 = LINE ( 'NONE', #2079, #1177 ) ;
#172 = LINE ( 'NONE', #2238, #1226 ) ;
#173 = DIRECTION ( 'NONE',  ( -1.000000000000000000, 0.000000000000000000, -1.734723475976807094E-16 ) ) ;
#174 = PLANE ( 'NONE',  #2449 ) ;
#175 = EDGE_LOOP ( 'NONE', ( #1331, #2422, #1882, #953 ) ) ;
#176 = ORIENTED_EDGE ( 'NONE', *, *, #1238, .T. ) ;
#177 = FACE_OUTER_BOUND ( 'NONE', #724, .T. ) ;
#178 = LINE ( 'NONE', #2831, #161 ) ;
#179 = ORIENTED_EDGE ( 'NONE', *, *, #1943, .F. ) ;
#180 = EDGE_CURVE ( 'NONE', #2097, #2134, #1930, .T. ) ;
#181 = VERTEX_POINT ( 'NONE', #1572 ) ;
#182 = DIRECTION ( 'NONE',  ( 0.000000000000000000, -1.000000000000000000, 0.000000000000000000 ) ) ;
#183 = DIRECTION ( 'NONE',  ( 0.000000000000000000, 0.000000000000000000, 1.000000000000000000 ) ) ;
#184 = CYLINDRICAL_SURFACE ( 'NONE', #905, 0.3499999999999999223 ) ;
#185 = VECTOR ( 'NONE', #1203, 1000.000000000000000 ) ;
#186 = ORIENTED_EDGE ( 'NONE', *, *, #1573, .T. ) ;
#187 = VERTEX_POINT ( 'NONE', #2800 ) ;
#188 = CARTESIAN_POINT ( 'NONE',  ( -1.050000000000000044, 0.1000000000000000056, -1.149999999999997247 ) ) ;
#189 = EDGE_CURVE ( 'NONE', #2064, #2121, #1904, .T. ) ;
#190 = EDGE_CURVE ( 'NONE', #1004, #1403, #844, .T. ) ;
#191 = CARTESIAN_POINT ( 'NONE',  ( 0.6500000000000003553, 0.1000000000000000056, 1.150000000000000133 ) ) ;
#192 = DIRECTION ( 'NONE',  ( 0.000000000000000000, 0.000000000000000000, -1.000000000000000000 ) ) ;
#193 = FACE_BOUND ( 'NONE', #684, .T. ) ;
#194 = ORIENTED_EDGE ( 'NONE', *, *, #1337, .T. ) ;
#195 = ORIENTED_EDGE ( 'NONE', *, *, #1335, .F. ) ;
#196 = PLANE ( 'NONE',  #731 ) ;
#197 = FACE_OUTER_BOUND ( 'NONE', #617, .T. ) ;
#198 = DIRECTION ( 'NONE',  ( -0.000000000000000000, 0.000000000000000000, -1.000000000000000000 ) ) ;
#199 = VERTEX_POINT ( 'NONE', #1668 ) ;
#200 = EDGE_LOOP ( 'NONE', ( #2744, #2830, #2302, #1782 ) ) ;
#201 = DIRECTION ( 'NONE',  ( 0.000000000000000000, 0.000000000000000000, -1.000000000000000000 ) ) ;
#202 = AXIS2_PLACEMENT_3D ( 'NONE', #770, #1235, #1472 ) ;
#203 = LINE ( 'NONE', #2362, #2066 ) ;
#204 = VECTOR ( 'NONE', #22, 1000.000000000000000 ) ;
#205 = ORIENTED_EDGE ( 'NONE', *, *, #189, .F. ) ;
#206 = ORIENTED_EDGE ( 'NONE', *, *, #1054, .T. ) ;
#207 = DIRECTION ( 'NONE',  ( 0.000000000000000000, -0.000000000000000000, -1.000000000000000000 ) ) ;
#208 = CARTESIAN_POINT ( 'NONE',  ( 1.050000000000000266, 0.1000000000000000056, -1.149999999999997025 ) ) ;
#209 = VERTEX_POINT ( 'NONE', #1808 ) ;
#210 = VERTEX_POINT ( 'NONE', #1834 ) ;
#211 = CARTESIAN_POINT ( 'NONE',  ( 0.000000000000000000, 0.1000000000000000056, 1.149999999999999911 ) ) ;
#212 = CARTESIAN_POINT ( 'NONE',  ( 0.6500000000000003553, 0.000000000000000000, -1.149999999999999467 ) ) ;
#213 = LINE ( 'NONE', #275, #239 ) ;
#214 = EDGE_LOOP ( 'NONE', ( #2416, #886, #1457, #2828 ) ) ;
#215 = ORIENTED_EDGE ( 'NONE', *, *, #698, .T. ) ;
#216 =( LENGTH_UNIT ( ) NAMED_UNIT ( * ) SI_UNIT ( .MILLI., .METRE. ) );
#217 = FACE_OUTER_BOUND ( 'NONE', #2282, .T. ) ;
#218 = LINE ( 'NONE', #1378, #1204 ) ;
#219 = PLANE ( 'NONE',  #1921 ) ;
#220 = VERTEX_POINT ( 'NONE', #2530 ) ;
#221 = ORIENTED_EDGE ( 'NONE', *, *, #2619, .F. ) ;
#222 = AXIS2_PLACEMENT_3D ( 'NONE', #1594, #112, #1399 ) ;
#223 = CARTESIAN_POINT ( 'NONE',  ( -5.170810361084735452E-16, 0.1000000000000000056, 1.550000000000000266 ) ) ;
#224 = LINE ( 'NONE', #1291, #149 ) ;
#225 = EDGE_CURVE ( 'NONE', #2011, #2104, #945, .T. ) ;
#226 = ADVANCED_FACE ( 'NONE', ( #1924, #1840 ), #196, .T. ) ;
#227 = VECTOR ( 'NONE', #476, 1000.000000000000000 ) ;
#228 = CARTESIAN_POINT ( 'NONE',  ( 0.000000000000000000, 0.1000000000000002554, -1.149999999999999911 ) ) ;
#229 = ORIENTED_EDGE ( 'NONE', *, *, #986, .F. ) ;
#230 = ORIENTED_EDGE ( 'NONE', *, *, #1979, .T. ) ;
#231 = CARTESIAN_POINT ( 'NONE',  ( 3.614007241618345443E-17, 0.1000000000000000056, 0.1999999999999998723 ) ) ;
#232 = FACE_OUTER_BOUND ( 'NONE', #1900, .T. ) ;
#233 = CARTESIAN_POINT ( 'NONE',  ( 0.1999999999999999556, 0.1000000000000000056, -0.1999999999999998168 ) ) ;
#234 = FACE_OUTER_BOUND ( 'NONE', #1169, .T. ) ;
#235 = EDGE_CURVE ( 'NONE', #2327, #755, #2765, .T. ) ;
#236 = VERTEX_POINT ( 'NONE', #1459 ) ;
#237 = VERTEX_POINT ( 'NONE', #519 ) ;
#238 = VECTOR ( 'NONE', #602, 1000.000000000000000 ) ;
#239 = VECTOR ( 'NONE', #829, 1000.000000000000000 ) ;
#240 = DIRECTION ( 'NONE',  ( 0.000000000000000000, -1.000000000000000000, 0.000000000000000000 ) ) ;
#241 = EDGE_CURVE ( 'NONE', #2135, #1656, #839, .T. ) ;
#242 = ORIENTED_EDGE ( 'NONE', *, *, #1652, .F. ) ;
#243 = EDGE_LOOP ( 'NONE', ( #2724, #2265, #2690, #1879 ) ) ;
#244 = DIRECTION ( 'NONE',  ( 0.000000000000000000, -1.000000000000000000, 0.000000000000000000 ) ) ;
#245 = FACE_OUTER_BOUND ( 'NONE', #1334, .T. ) ;
#246 = CARTESIAN_POINT ( 'NONE',  ( 0.1999999999999999833, 0.1000000000000002554, 0.1999999999999999001 ) ) ;
#247 = EDGE_LOOP ( 'NONE', ( #1124, #206, #2197, #2204 ) ) ;
#248 = AXIS2_PLACEMENT_3D ( 'NONE', #1353, #845, #201 ) ;
#249 = ORIENTED_EDGE ( 'NONE', *, *, #1335, .T. ) ;
#250 = VERTEX_POINT ( 'NONE', #723 ) ;
#251 = DIRECTION ( 'NONE',  ( -1.000000000000000000, 0.000000000000000000, -1.807003620809173892E-16 ) ) ;
#252 = CARTESIAN_POINT ( 'NONE',  ( 1.399999999999999467, 0.1000000000000000056, 1.900000000000000133 ) ) ;
#253 = DIRECTION ( 'NONE',  ( -1.000000000000000000, 0.000000000000000000, -3.336006684570796906E-16 ) ) ;
#254 = DIRECTION ( 'NONE',  ( 0.000000000000000000, -1.000000000000000000, 0.000000000000000000 ) ) ;
#255 = CARTESIAN_POINT ( 'NONE',  ( 0.000000000000000000, 0.000000000000000000, 0.000000000000000000 ) ) ;
#256 = EDGE_LOOP ( 'NONE', ( #1709, #242, #230, #1187 ) ) ;
#257 = FACE_OUTER_BOUND ( 'NONE', #2077, .T. ) ;
#258 = DIRECTION ( 'NONE',  ( -0.000000000000000000, -1.000000000000000000, -0.000000000000000000 ) ) ;
#259 = SURFACE_STYLE_USAGE ( .BOTH. , #1181 ) ;
#260 = STYLED_ITEM ( 'NONE', ( #1464 ), #804 ) ;
#261 = VECTOR ( 'NONE', #1747, 1000.000000000000000 ) ;
#262 = DIRECTION ( 'NONE',  ( -0.000000000000000000, -1.000000000000000000, -0.000000000000000000 ) ) ;
#263 = ORIENTED_EDGE ( 'NONE', *, *, #2592, .F. ) ;
#264 = LINE ( 'NONE', #1196, #1241 ) ;
#265 = DIRECTION ( 'NONE',  ( 0.000000000000000000, -1.000000000000000000, 0.000000000000000000 ) ) ;
#266 = ADVANCED_FACE ( 'NONE', ( #937, #14 ), #590, .T. ) ;
#267 = ADVANCED_FACE ( 'NONE', ( #2788 ), #2332, .F. ) ;
#268 = LINE ( 'NONE', #17, #1151 ) ;
#269 = EDGE_CURVE ( 'NONE', #621, #199, #970, .T. ) ;
#270 = ORIENTED_EDGE ( 'NONE', *, *, #1485, .T. ) ;
#271 = EDGE_CURVE ( 'NONE', #1633, #109, #1952, .T. ) ;
#272 = EDGE_CURVE ( 'NONE', #2541, #1176, #630, .T. ) ;
#273 = ORIENTED_EDGE ( 'NONE', *, *, #2400, .T. ) ;
#274 = PLANE ( 'NONE',  #280 ) ;
#275 = CARTESIAN_POINT ( 'NONE',  ( -0.6500000000000000222, -0.000000000000000000, 0.000000000000000000 ) ) ;
#276 = EDGE_CURVE ( 'NONE', #35, #755, #2553, .T. ) ;
#277 = DIRECTION ( 'NONE',  ( 1.000000000000000000, 0.000000000000000000, 2.323290369611795497E-16 ) ) ;
#278 = ORIENTED_EDGE ( 'NONE', *, *, #1198, .F. ) ;
#279 = PRESENTATION_STYLE_ASSIGNMENT (( #703 ) ) ;
#280 = AXIS2_PLACEMENT_3D ( 'NONE', #2196, #192, #2613 ) ;
#281 = PLANE ( 'NONE',  #1586 ) ;
#282 = PRESENTATION_STYLE_ASSIGNMENT (( #1350 ) ) ;
#283 = CARTESIAN_POINT ( 'NONE',  ( 0.6500000000000003553, 0.1000000000000002554, -1.549999999999999822 ) ) ;
#284 = ORIENTED_EDGE ( 'NONE', *, *, #797, .F. ) ;
#285 = CARTESIAN_POINT ( 'NONE',  ( -1.500000000000000222, 1.100000000000000089, 2.000000000000000000 ) ) ;
#286 = MECHANICAL_DESIGN_GEOMETRIC_PRESENTATION_REPRESENTATION (  '', ( #1905 ), #550 ) ;
#287 = ORIENTED_EDGE ( 'NONE', *, *, #822, .T. ) ;
#288 = MANIFOLD_SOLID_BREP ( 'Boss-Extrude2[5]', #612 ) ;
#289 = ADVANCED_FACE ( 'NONE', ( #2241 ), #2365, .F. ) ;
#290 = FACE_BOUND ( 'NONE', #1115, .T. ) ;
#291 = ORIENTED_EDGE ( 'NONE', *, *, #1481, .F. ) ;
#292 = CARTESIAN_POINT ( 'NONE',  ( 3.614007241618345443E-17, 0.1000000000000000056, 0.1999999999999998723 ) ) ;
#293 = DIRECTION ( 'NONE',  ( -1.000000000000000000, 0.000000000000000000, -2.323290369611795497E-16 ) ) ;
#294 = DIRECTION ( 'NONE',  ( 0.000000000000000000, -1.000000000000000000, 0.000000000000000000 ) ) ;
#295 = VERTEX_POINT ( 'NONE', #2748 ) ;
#296 = LINE ( 'NONE', #1551, #1253 ) ;
#297 = AXIS2_PLACEMENT_3D ( 'NONE', #308, #81, #2520 ) ;
#298 = DIRECTION ( 'NONE',  ( 0.000000000000000000, -1.000000000000000000, 0.000000000000000000 ) ) ;
#299 = FILL_AREA_STYLE_COLOUR ( '', #2550 ) ;
#300 = LINE ( 'NONE', #2846, #1359 ) ;
#301 = DIRECTION ( 'NONE',  ( 0.000000000000000000, 0.000000000000000000, 1.000000000000000000 ) ) ;
#302 = ORIENTED_EDGE ( 'NONE', *, *, #470, .T. ) ;
#303 = DIRECTION ( 'NONE',  ( -0.000000000000000000, -1.000000000000000000, -0.000000000000000000 ) ) ;
#304 = EDGE_CURVE ( 'NONE', #1193, #2154, #1283, .T. ) ;
#305 = EDGE_CURVE ( 'NONE', #1650, #114, #1297, .T. ) ;
#306 = VERTEX_POINT ( 'NONE', #170 ) ;
#307 = EDGE_CURVE ( 'NONE', #645, #2622, #348, .T. ) ;
#308 = CARTESIAN_POINT ( 'NONE',  ( -0.6500000000000000222, 0.1000000000000000056, 0.000000000000000000 ) ) ;
#309 = ORIENTED_EDGE ( 'NONE', *, *, #449, .F. ) ;
#310 = CARTESIAN_POINT ( 'NONE',  ( -3.614007241618345443E-17, 0.000000000000000000, 0.1999999999999998723 ) ) ;
#311 = ADVANCED_FACE ( 'NONE', ( #1316, #2237, #316, #290, #1247 ), #757, .T. ) ;
#312 = AXIS2_PLACEMENT_3D ( 'NONE', #1570, #655, #818 ) ;
#313 = ORIENTED_EDGE ( 'NONE', *, *, #77, .T. ) ;
#314 = CARTESIAN_POINT ( 'NONE',  ( 0.1999999999999999833, 0.000000000000000000, 1.149999999999999911 ) ) ;
#315 =( LENGTH_UNIT ( ) NAMED_UNIT ( * ) SI_UNIT ( .MILLI., .METRE. ) );
#316 = FACE_OUTER_BOUND ( 'NONE', #1182, .T. ) ;
#317 = VERTEX_POINT ( 'NONE', #2602 ) ;
#318 = CARTESIAN_POINT ( 'NONE',  ( 0.6500000000000000222, 0.000000000000000000, 0.000000000000000000 ) ) ;
#319 = LINE ( 'NONE', #2657, #338 ) ;
#320 = ORIENTED_EDGE ( 'NONE', *, *, #1721, .T. ) ;
#321 = SHAPE_DEFINITION_REPRESENTATION ( #570, #1311 ) ;
#322 = UNCERTAINTY_MEASURE_WITH_UNIT (LENGTH_MEASURE( 1.000000000000000082E-05 ), #216, 'distance_accuracy_value', 'NONE');
#323 = EDGE_LOOP ( 'NONE', ( #971, #2857, #1293, #57 ) ) ;
#324 = UNCERTAINTY_MEASURE_WITH_UNIT (LENGTH_MEASURE( 1.000000000000000082E-05 ), #1025, 'distance_accuracy_value', 'NONE');
#325 = CARTESIAN_POINT ( 'NONE',  ( 1.050000000000000266, 0.1000000000000002554, -1.149999999999997025 ) ) ;
#326 = CARTESIAN_POINT ( 'NONE',  ( -1.050000000000000044, 0.000000000000000000, 1.149999999999997247 ) ) ;
#327 = EDGE_CURVE ( 'NONE', #1009, #58, #2323, .T. ) ;
#328 = CARTESIAN_POINT ( 'NONE',  ( -0.1999999999999999833, 4.820169488482378917, 0.000000000000000000 ) ) ;
#329 = ORIENTED_EDGE ( 'NONE', *, *, #2256, .T. ) ;
#330 = DIRECTION ( 'NONE',  ( 0.000000000000000000, 0.000000000000000000, 1.000000000000000000 ) ) ;
#331 = CARTESIAN_POINT ( 'NONE',  ( 1.050000000000000266, 0.000000000000000000, 0.000000000000000000 ) ) ;
#332 = ADVANCED_FACE ( 'NONE', ( #333 ), #2677, .T. ) ;
#333 = FACE_OUTER_BOUND ( 'NONE', #2680, .T. ) ;
#334 = EDGE_CURVE ( 'NONE', #2135, #1209, #300, .T. ) ;
#335 = ORIENTED_EDGE ( 'NONE', *, *, #944, .F. ) ;
#336 = CARTESIAN_POINT ( 'NONE',  ( 0.6500000000000003553, 0.1000000000000000056, -1.149999999999999467 ) ) ;
#337 = EDGE_CURVE ( 'NONE', #1498, #2648, #1230, .T. ) ;
#338 = VECTOR ( 'NONE', #37, 1000.000000000000000 ) ;
#339 = ORIENTED_EDGE ( 'NONE', *, *, #2633, .T. ) ;
#340 = ORIENTED_EDGE ( 'NONE', *, *, #2368, .T. ) ;
#341 = DIRECTION ( 'NONE',  ( 0.000000000000000000, 0.000000000000000000, 1.000000000000000000 ) ) ;
#342 = AXIS2_PLACEMENT_3D ( 'NONE', #1221, #1564, #1356 ) ;
#343 = LINE ( 'NONE', #2295, #2206 ) ;
#344 = CARTESIAN_POINT ( 'NONE',  ( 0.1999999999999999833, 4.820169488482378917, 0.000000000000000000 ) ) ;
#345 = CARTESIAN_POINT ( 'NONE',  ( 0.000000000000000000, 0.000000000000000000, 0.000000000000000000 ) ) ;
#346 = VERTEX_POINT ( 'NONE', #1781 ) ;
#347 = PLANE ( 'NONE',  #487 ) ;
#348 = LINE ( 'NONE', #1296, #2267 ) ;
#349 = ORIENTED_EDGE ( 'NONE', *, *, #1031, .T. ) ;
#350 = VECTOR ( 'NONE', #676, 1000.000000000000000 ) ;
#351 = ORIENTED_EDGE ( 'NONE', *, *, #2400, .F. ) ;
#352 = PLANE ( 'NONE',  #1669 ) ;
#353 = ORIENTED_EDGE ( 'NONE', *, *, #1158, .F. ) ;
#354 = DIRECTION ( 'NONE',  ( 0.000000000000000000, -1.000000000000000000, 0.000000000000000000 ) ) ;
#355 = CARTESIAN_POINT ( 'NONE',  ( 0.6500000000000000222, 0.000000000000000000, 0.000000000000000000 ) ) ;
#356 = AXIS2_PLACEMENT_3D ( 'NONE', #641, #1762, #1420 ) ;
#357 = EDGE_CURVE ( 'NONE', #15, #1491, #319, .T. ) ;
#358 = ORIENTED_EDGE ( 'NONE', *, *, #1785, .T. ) ;
#359 = DIRECTION ( 'NONE',  ( 1.000000000000000000, 0.000000000000000000, 1.204669080539449344E-16 ) ) ;
#360 = EDGE_CURVE ( 'NONE', #900, #2097, #2198, .T. ) ;
#361 = ORIENTED_EDGE ( 'NONE', *, *, #107, .T. ) ;
#362 = DIRECTION ( 'NONE',  ( 0.000000000000000000, 0.000000000000000000, 1.000000000000000000 ) ) ;
#363 = VERTEX_POINT ( 'NONE', #1133 ) ;
#364 = DIRECTION ( 'NONE',  ( -0.000000000000000000, -1.000000000000000000, -0.000000000000000000 ) ) ;
#365 = EDGE_LOOP ( 'NONE', ( #543, #2838, #2358, #588 ) ) ;
#366 = ADVANCED_FACE ( 'NONE', ( #1302 ), #1251, .F. ) ;
#367 = MECHANICAL_DESIGN_GEOMETRIC_PRESENTATION_REPRESENTATION (  '', ( #2325 ), #831 ) ;
#368 = PLANE ( 'NONE',  #806 ) ;
#369 = CARTESIAN_POINT ( 'NONE',  ( -0.6500000000000000222, 0.000000000000000000, -1.149999999999999911 ) ) ;
#370 = CARTESIAN_POINT ( 'NONE',  ( -0.1999999999999999833, -0.000000000000000000, 0.000000000000000000 ) ) ;
#371 = ORIENTED_EDGE ( 'NONE', *, *, #1158, .T. ) ;
#372 = CARTESIAN_POINT ( 'NONE',  ( 1.050000000000000266, 0.000000000000000000, -1.149999999999997025 ) ) ;
#373 = CARTESIAN_POINT ( 'NONE',  ( 0.6500000000000000222, 0.1000000000000002554, 0.1999999999999999833 ) ) ;
#374 = ORIENTED_EDGE ( 'NONE', *, *, #67, .F. ) ;
#375 = AXIS2_PLACEMENT_3D ( 'NONE', #424, #240, #620 ) ;
#376 = DIRECTION ( 'NONE',  ( 0.000000000000000000, -1.000000000000000000, 0.000000000000000000 ) ) ;
#377 = DIRECTION ( 'NONE',  ( -0.000000000000000000, -1.000000000000000000, -0.000000000000000000 ) ) ;
#378 = ORIENTED_EDGE ( 'NONE', *, *, #511, .F. ) ;
#379 = CARTESIAN_POINT ( 'NONE',  ( 1.530808498934191509E-17, 0.9000000000000000222, 0.9050000000000000266 ) ) ;
#380 = CARTESIAN_POINT ( 'NONE',  ( 3.295974604355933479E-16, 0.1000000000000000056, -1.899999999999999911 ) ) ;
#381 = EDGE_CURVE ( 'NONE', #2340, #645, #1257, .T. ) ;
#382 = ORIENTED_EDGE ( 'NONE', *, *, #1516, .F. ) ;
#383 = DIRECTION ( 'NONE',  ( 0.000000000000000000, -1.000000000000000000, 0.000000000000000000 ) ) ;
#384 = DIRECTION ( 'NONE',  ( 0.000000000000000000, -1.000000000000000000, 0.000000000000000000 ) ) ;
#385 = EDGE_CURVE ( 'NONE', #1213, #1004, #343, .T. ) ;
#386 = CARTESIAN_POINT ( 'NONE',  ( -0.1999999999999999833, 4.820169488482378917, -1.149999999999999911 ) ) ;
#387 = CARTESIAN_POINT ( 'NONE',  ( -0.1999999999999999833, 0.1000000000000002554, 0.1999999999999999001 ) ) ;
#388 = EDGE_CURVE ( 'NONE', #93, #137, #2224, .T. ) ;
#389 = ORIENTED_EDGE ( 'NONE', *, *, #1026, .T. ) ;
#390 = PRESENTATION_LAYER_ASSIGNMENT (  '', '', ( #1857 ) ) ;
#391 = CARTESIAN_POINT ( 'NONE',  ( -1.500000000000000222, 1.100000000000000089, -2.000000000000000000 ) ) ;
#392 = EDGE_CURVE ( 'NONE', #2648, #1207, #1260, .T. ) ;
#393 = DIRECTION ( 'NONE',  ( 0.000000000000000000, 1.000000000000000000, 0.000000000000000000 ) ) ;
#394 = MANIFOLD_SOLID_BREP ( 'Boss-Extrude2[2]', #2643 ) ;
#395 = FACE_OUTER_BOUND ( 'NONE', #1228, .T. ) ;
#396 = ORIENTED_EDGE ( 'NONE', *, *, #1368, .T. ) ;
#397 = CARTESIAN_POINT ( 'NONE',  ( -1.400000000000000355, -0.000000000000000000, 0.000000000000000000 ) ) ;
#398 = VECTOR ( 'NONE', #2489, 1000.000000000000000 ) ;
#399 = ORIENTED_EDGE ( 'NONE', *, *, #2852, .F. ) ;
#400 = DIRECTION ( 'NONE',  ( -1.734723475976807094E-16, 0.000000000000000000, 1.000000000000000000 ) ) ;
#401 = ORIENTED_EDGE ( 'NONE', *, *, #2848, .T. ) ;
#402 = CARTESIAN_POINT ( 'NONE',  ( 4.286263797015735979E-17, 1.989949493661166580, 1.129999999999999893 ) ) ;
#403 = CARTESIAN_POINT ( 'NONE',  ( -1.050000000000000044, -0.000000000000000000, 0.000000000000000000 ) ) ;
#404 = DIRECTION ( 'NONE',  ( -0.000000000000000000, 1.000000000000000000, -0.000000000000000000 ) ) ;
#405 = VECTOR ( 'NONE', #364, 1000.000000000000000 ) ;
#406 = EDGE_LOOP ( 'NONE', ( #28, #1811, #263, #1766, #1903 ) ) ;
#407 = CARTESIAN_POINT ( 'NONE',  ( -1.400000000000000355, 0.1000000000000000056, 1.899999999999999467 ) ) ;
#408 = LINE ( 'NONE', #1736, #1380 ) ;
#409 = ORIENTED_EDGE ( 'NONE', *, *, #1163, .T. ) ;
#410 = AXIS2_PLACEMENT_3D ( 'NONE', #2826, #1744, #1062 ) ;
#411 = CARTESIAN_POINT ( 'NONE',  ( 0.000000000000000000, 0.000000000000000000, 1.149999999999999911 ) ) ;
#412 = DIRECTION ( 'NONE',  ( -0.000000000000000000, -1.000000000000000000, -0.000000000000000000 ) ) ;
#413 = VECTOR ( 'NONE', #2772, 1000.000000000000000 ) ;
#414 = VERTEX_POINT ( 'NONE', #1383 ) ;
#415 = DIRECTION ( 'NONE',  ( 0.000000000000000000, 0.000000000000000000, -1.000000000000000000 ) ) ;
#416 = ADVANCED_FACE ( 'NONE', ( #1287 ), #441, .F. ) ;
#417 = EDGE_CURVE ( 'NONE', #1213, #1262, #1278, .T. ) ;
#418 = FILL_AREA_STYLE ('',( #1518 ) ) ;
#419 = EDGE_CURVE ( 'NONE', #1209, #2786, #1292, .T. ) ;
#420 = CYLINDRICAL_SURFACE ( 'NONE', #817, 0.4000000000000001887 ) ;
#421 = ORIENTED_EDGE ( 'NONE', *, *, #2717, .T. ) ;
#422 = DIRECTION ( 'NONE',  ( -0.000000000000000000, 1.000000000000000000, -0.000000000000000000 ) ) ;
#423 = CARTESIAN_POINT ( 'NONE',  ( 5.541477770481466340E-16, 4.820169488482378917, -1.149999999999999911 ) ) ;
#424 = CARTESIAN_POINT ( 'NONE',  ( 0.000000000000000000, 0.1000000000000000056, 0.000000000000000000 ) ) ;
#425 = CARTESIAN_POINT ( 'NONE',  ( -0.1999999999999999833, 0.1000000000000000056, 0.000000000000000000 ) ) ;
#426 = LINE ( 'NONE', #2502, #2397 ) ;
#427 = ORIENTED_EDGE ( 'NONE', *, *, #514, .T. ) ;
#428 = DIRECTION ( 'NONE',  ( 0.000000000000000000, 0.000000000000000000, 1.000000000000000000 ) ) ;
#429 = LINE ( 'NONE', #810, #2410 ) ;
#430 = ORIENTED_EDGE ( 'NONE', *, *, #2620, .T. ) ;
#431 = AXIS2_PLACEMENT_3D ( 'NONE', #2819, #860, #2252 ) ;
#432 = DIRECTION ( 'NONE',  ( 1.000000000000000000, 0.000000000000000000, -0.000000000000000000 ) ) ;
#433 = DIRECTION ( 'NONE',  ( -0.000000000000000000, -1.000000000000000000, -0.000000000000000000 ) ) ;
#434 = DIRECTION ( 'NONE',  ( 0.000000000000000000, 1.000000000000000000, 0.000000000000000000 ) ) ;
#435 = LINE ( 'NONE', #1229, #2371 ) ;
#436 = ORIENTED_EDGE ( 'NONE', *, *, #357, .F. ) ;
#437 = DIRECTION ( 'NONE',  ( 1.000000000000000000, 0.000000000000000000, 2.323290369611795497E-16 ) ) ;
#438 = LINE ( 'NONE', #2709, #2405 ) ;
#439 = ORIENTED_EDGE ( 'NONE', *, *, #1848, .F. ) ;
#440 = CARTESIAN_POINT ( 'NONE',  ( -4.414251702262411544E-16, 0.1000000000000000056, 1.899999999999999911 ) ) ;
#441 = PLANE ( 'NONE',  #1362 ) ;
#442 = FACE_OUTER_BOUND ( 'NONE', #323, .T. ) ;
#443 = ORIENTED_EDGE ( 'NONE', *, *, #508, .T. ) ;
#444 = CARTESIAN_POINT ( 'NONE',  ( -1.050000000000000044, 0.1000000000000002554, 0.000000000000000000 ) ) ;
#445 = EDGE_CURVE ( 'NONE', #1060, #113, #1354, .T. ) ;
#446 = LINE ( 'NONE', #1529, #451 ) ;
#447 = PLANE ( 'NONE',  #248 ) ;
#448 = ORIENTED_EDGE ( 'NONE', *, *, #1437, .T. ) ;
#449 = EDGE_CURVE ( 'NONE', #1577, #346, #429, .T. ) ;
#450 = DIRECTION ( 'NONE',  ( -1.000000000000000000, 0.000000000000000000, -1.204669080539449344E-16 ) ) ;
#451 = VECTOR ( 'NONE', #2266, 1000.000000000000000 ) ;
#452 = ORIENTED_EDGE ( 'NONE', *, *, #143, .F. ) ;
#453 = CARTESIAN_POINT ( 'NONE',  ( 0.6500000000000000222, 0.1000000000000000056, 0.000000000000000000 ) ) ;
#454 = DIRECTION ( 'NONE',  ( 0.000000000000000000, -1.000000000000000000, 0.000000000000000000 ) ) ;
#455 = CIRCLE ( 'NONE', #534, 0.3499999999999999223 ) ;
#456 = DIRECTION ( 'NONE',  ( 0.000000000000000000, -1.000000000000000000, 0.000000000000000000 ) ) ;
#457 =( NAMED_UNIT ( * ) PLANE_ANGLE_UNIT ( ) SI_UNIT ( $, .RADIAN. ) );
#458 = LINE ( 'NONE', #735, #1440 ) ;
#459 = AXIS2_PLACEMENT_3D ( 'NONE', #1850, #2334, #2088 ) ;
#460 = LINE ( 'NONE', #318, #1444 ) ;
#461 = DIRECTION ( 'NONE',  ( -0.000000000000000000, -1.000000000000000000, -0.000000000000000000 ) ) ;
#462 = LINE ( 'NONE', #2451, #1393 ) ;
#463 = DIRECTION ( 'NONE',  ( 0.000000000000000000, -0.000000000000000000, -1.000000000000000000 ) ) ;
#464 = ADVANCED_FACE ( 'NONE', ( #2326 ), #2411, .T. ) ;
#465 = LINE ( 'NONE', #751, #1421 ) ;
#466 = PLANE ( 'NONE',  #2474 ) ;
#467 = VECTOR ( 'NONE', #2754, 1000.000000000000000 ) ;
#468 = LINE ( 'NONE', #2053, #2330 ) ;
#469 = ORIENTED_EDGE ( 'NONE', *, *, #2499, .F. ) ;
#470 = EDGE_CURVE ( 'NONE', #1135, #1491, #1446, .T. ) ;
#471 = CARTESIAN_POINT ( 'NONE',  ( 0.6500000000000003553, 4.820169488482378917, -1.149999999999999467 ) ) ;
#472 = DIRECTION ( 'NONE',  ( 0.000000000000000000, -1.000000000000000000, 0.000000000000000000 ) ) ;
#473 = LINE ( 'NONE', #1917, #537 ) ;
#474 = EDGE_CURVE ( 'NONE', #1948, #2774, #1411, .T. ) ;
#475 = ORIENTED_EDGE ( 'NONE', *, *, #2396, .T. ) ;
#476 = DIRECTION ( 'NONE',  ( 0.000000000000000000, -1.000000000000000000, 0.000000000000000000 ) ) ;
#477 = DIRECTION ( 'NONE',  ( 1.000000000000000000, 0.000000000000000000, 1.204669080539449344E-16 ) ) ;
#478 = FACE_OUTER_BOUND ( 'NONE', #1984, .T. ) ;
#479 = AXIS2_PLACEMENT_3D ( 'NONE', #2791, #596, #2858 ) ;
#480 = CARTESIAN_POINT ( 'NONE',  ( -0.6499999999999972466, 0.1000000000000000056, 1.550000000000000044 ) ) ;
#481 = FILL_AREA_STYLE ('',( #299 ) ) ;
#482 = ADVANCED_FACE ( 'NONE', ( #2377 ), #2383, .F. ) ;
#483 = CARTESIAN_POINT ( 'NONE',  ( -0.6500000000000000222, -0.000000000000000000, 1.149999999999999911 ) ) ;
#484 = ORIENTED_EDGE ( 'NONE', *, *, #1715, .F. ) ;
#485 = DIRECTION ( 'NONE',  ( -0.000000000000000000, -1.000000000000000000, -0.000000000000000000 ) ) ;
#486 = COLOUR_RGB ( '',1.000000000000000000, 0.8117647058823529438, 0.5019607843137254832 ) ;
#487 = AXIS2_PLACEMENT_3D ( 'NONE', #742, #91, #996 ) ;
#488 = ORIENTED_EDGE ( 'NONE', *, *, #2861, .T. ) ;
#489 = VECTOR ( 'NONE', #2544, 1000.000000000000000 ) ;
#490 = CARTESIAN_POINT ( 'NONE',  ( 0.1999999999999999833, 0.1000000000000000056, 0.1999999999999999001 ) ) ;
#491 = ORIENTED_EDGE ( 'NONE', *, *, #1271, .T. ) ;
#492 = PLANE ( 'NONE',  #2752 ) ;
#493 = DIRECTION ( 'NONE',  ( 0.000000000000000000, -0.000000000000000000, 1.000000000000000000 ) ) ;
#494 = ORIENTED_EDGE ( 'NONE', *, *, #39, .F. ) ;
#495 = DIRECTION ( 'NONE',  ( 0.000000000000000000, 0.000000000000000000, -1.000000000000000000 ) ) ;
#496 = AXIS2_PLACEMENT_3D ( 'NONE', #2596, #1956, #805 ) ;
#497 = LINE ( 'NONE', #211, #2500 ) ;
#498 = CARTESIAN_POINT ( 'NONE',  ( -0.6500000000000000222, 0.1000000000000002554, -1.149999999999999911 ) ) ;
#499 = FILL_AREA_STYLE_COLOUR ( '', #1083 ) ;
#500 =( NAMED_UNIT ( * ) PLANE_ANGLE_UNIT ( ) SI_UNIT ( $, .RADIAN. ) );
#501 = CARTESIAN_POINT ( 'NONE',  ( 3.614007241618345443E-17, 0.1000000000000002554, 0.1999999999999998723 ) ) ;
#502 = ORIENTED_EDGE ( 'NONE', *, *, #1817, .T. ) ;
#503 = CARTESIAN_POINT ( 'NONE',  ( 0.000000000000000000, 0.9000000000000000222, 0.7800000000000000266 ) ) ;
#504 = EDGE_CURVE ( 'NONE', #65, #941, #455, .T. ) ;
#505 = ADVANCED_FACE ( 'NONE', ( #1397 ), #420, .T. ) ;
#506 = ADVANCED_FACE ( 'NONE', ( #2357 ), #708, .T. ) ;
#507 = EDGE_CURVE ( 'NONE', #2184, #1145, #1418, .T. ) ;
#508 = EDGE_CURVE ( 'NONE', #199, #1300, #438, .T. ) ;
#509 = ORIENTED_EDGE ( 'NONE', *, *, #272, .T. ) ;
#510 = FACE_OUTER_BOUND ( 'NONE', #115, .T. ) ;
#511 = EDGE_CURVE ( 'NONE', #1300, #773, #460, .T. ) ;
#512 = CARTESIAN_POINT ( 'NONE',  ( -0.6499999999999970246, 0.1000000000000000056, -1.550000000000000266 ) ) ;
#513 = ORIENTED_EDGE ( 'NONE', *, *, #1460, .F. ) ;
#514 = EDGE_CURVE ( 'NONE', #129, #1695, #435, .T. ) ;
#515 = DIRECTION ( 'NONE',  ( -0.000000000000000000, 1.000000000000000000, -0.000000000000000000 ) ) ;
#516 = DIRECTION ( 'NONE',  ( 0.000000000000000000, 0.000000000000000000, 1.000000000000000000 ) ) ;
#517 = VECTOR ( 'NONE', #608, 1000.000000000000000 ) ;
#518 = ORIENTED_EDGE ( 'NONE', *, *, #1981, .F. ) ;
#519 = CARTESIAN_POINT ( 'NONE',  ( 4.286263797015735979E-17, 1.000000000000000000, 0.4299999999999999933 ) ) ;
#520 = AXIS2_PLACEMENT_3D ( 'NONE', #650, #1698, #801 ) ;
#521 = VECTOR ( 'NONE', #1299, 1000.000000000000000 ) ;
#522 = CARTESIAN_POINT ( 'NONE',  ( -0.1999999999999999833, 0.000000000000000000, 1.149999999999999911 ) ) ;
#523 = ORIENTED_EDGE ( 'NONE', *, *, #31, .T. ) ;
#524 = DIRECTION ( 'NONE',  ( 0.000000000000000000, 0.000000000000000000, 1.000000000000000000 ) ) ;
#525 = VECTOR ( 'NONE', #1944, 1000.000000000000000 ) ;
#526 = ORIENTED_EDGE ( 'NONE', *, *, #144, .T. ) ;
#527 = VECTOR ( 'NONE', #811, 1000.000000000000000 ) ;
#528 = ADVANCED_FACE ( 'NONE', ( #1387 ), #2337, .F. ) ;
#529 = CARTESIAN_POINT ( 'NONE',  ( 0.1999999999999999833, 0.1000000000000000056, -1.149999999999999911 ) ) ;
#530 = ORIENTED_EDGE ( 'NONE', *, *, #470, .F. ) ;
#531 = DIRECTION ( 'NONE',  ( -0.000000000000000000, -1.000000000000000000, -0.000000000000000000 ) ) ;
#532 = PLANE ( 'NONE',  #1277 ) ;
#533 = FACE_BOUND ( 'NONE', #1327, .T. ) ;
#534 = AXIS2_PLACEMENT_3D ( 'NONE', #503, #73, #1835 ) ;
#535 = ORIENTED_EDGE ( 'NONE', *, *, #388, .T. ) ;
#536 = CARTESIAN_POINT ( 'NONE',  ( 1.500000000000000222, 0.2399999999999999911, 2.000000000000000000 ) ) ;
#537 = VECTOR ( 'NONE', #127, 1000.000000000000000 ) ;
#538 = DIRECTION ( 'NONE',  ( -0.000000000000000000, -1.000000000000000000, -0.000000000000000000 ) ) ;
#539 = ORIENTED_EDGE ( 'NONE', *, *, #327, .T. ) ;
#540 = CARTESIAN_POINT ( 'NONE',  ( -1.500000000000000222, 1.100000000000000089, 2.000000000000000000 ) ) ;
#541 = FACE_OUTER_BOUND ( 'NONE', #967, .T. ) ;
#542 = EDGE_CURVE ( 'NONE', #1611, #1153, #426, .T. ) ;
#543 = ORIENTED_EDGE ( 'NONE', *, *, #235, .F. ) ;
#544 = FACE_OUTER_BOUND ( 'NONE', #1087, .T. ) ;
#545 = DIRECTION ( 'NONE',  ( -0.000000000000000000, -1.000000000000000000, -0.000000000000000000 ) ) ;
#546 = EDGE_LOOP ( 'NONE', ( #2200, #1722, #1682, #176 ) ) ;
#547 = DIRECTION ( 'NONE',  ( 0.000000000000000000, 0.000000000000000000, -1.000000000000000000 ) ) ;
#548 = CARTESIAN_POINT ( 'NONE',  ( 4.286263797015737211E-17, 0.9000000000000000222, 1.129999999999999893 ) ) ;
#549 = LINE ( 'NONE', #2479, #2484 ) ;
#550 =( GEOMETRIC_REPRESENTATION_CONTEXT ( 3 ) GLOBAL_UNCERTAINTY_ASSIGNED_CONTEXT ( ( #1597 ) ) GLOBAL_UNIT_ASSIGNED_CONTEXT ( ( #2085, #2317, #2511 ) ) REPRESENTATION_CONTEXT ( 'NONE', 'WORKASPACE' ) );
#551 = ADVANCED_FACE ( 'NONE', ( #442 ), #2068, .F. ) ;
#552 = ORIENTED_EDGE ( 'NONE', *, *, #504, .F. ) ;
#553 = DIRECTION ( 'NONE',  ( 1.000000000000000000, 0.000000000000000000, -1.204669080539449344E-16 ) ) ;
#554 = SURFACE_SIDE_STYLE ('',( #2561 ) ) ;
#555 = ADVANCED_FACE ( 'NONE', ( #395 ), #2116, .F. ) ;
#556 = CARTESIAN_POINT ( 'NONE',  ( 0.1999999999999999556, 0.000000000000000000, 5.706327223607916168E-18 ) ) ;
#557 = LINE ( 'NONE', #1346, #561 ) ;
#558 = CARTESIAN_POINT ( 'NONE',  ( -1.500000000000000222, 0.2399999999999999911, 2.000000000000000000 ) ) ;
#559 = CARTESIAN_POINT ( 'NONE',  ( 0.000000000000000000, 0.9000000000000000222, 0.7800000000000000266 ) ) ;
#560 = ORIENTED_EDGE ( 'NONE', *, *, #1057, .T. ) ;
#561 = VECTOR ( 'NONE', #2254, 1000.000000000000000 ) ;
#562 = ORIENTED_EDGE ( 'NONE', *, *, #1546, .T. ) ;
#563 = CARTESIAN_POINT ( 'NONE',  ( 0.6499999999999974687, 0.1000000000000000056, 1.550000000000000488 ) ) ;
#564 = CARTESIAN_POINT ( 'NONE',  ( -1.050000000000000044, 4.820169488482378917, 0.000000000000000000 ) ) ;
#565 = ORIENTED_EDGE ( 'NONE', *, *, #39, .T. ) ;
#566 = CARTESIAN_POINT ( 'NONE',  ( 0.000000000000000000, 0.000000000000000000, 0.000000000000000000 ) ) ;
#567 = DIRECTION ( 'NONE',  ( -1.000000000000000000, 0.000000000000000000, -4.818676322157797375E-16 ) ) ;
#568 = LINE ( 'NONE', #1993, #2446 ) ;
#569 = EDGE_CURVE ( 'NONE', #1001, #1017, #446, .T. ) ;
#570 = PRODUCT_DEFINITION_SHAPE ( 'NONE', 'NONE',  #2293 ) ;
#571 = ORIENTED_EDGE ( 'NONE', *, *, #1813, .T. ) ;
#572 = DIRECTION ( 'NONE',  ( 0.000000000000000000, 0.000000000000000000, 1.000000000000000000 ) ) ;
#573 = CARTESIAN_POINT ( 'NONE',  ( 1.050000000000000266, 0.000000000000000000, -1.149999999999997025 ) ) ;
#574 = ORIENTED_EDGE ( 'NONE', *, *, #942, .T. ) ;
#575 = EDGE_CURVE ( 'NONE', #2786, #113, #462, .T. ) ;
#576 = VECTOR ( 'NONE', #1347, 1000.000000000000000 ) ;
#577 = EDGE_LOOP ( 'NONE', ( #320, #1146 ) ) ;
#578 = CARTESIAN_POINT ( 'NONE',  ( -1.500000000000000222, 1.100000000000000089, 2.000000000000000000 ) ) ;
#579 = CARTESIAN_POINT ( 'NONE',  ( -1.050000000000000044, -0.000000000000000000, -1.149999999999997247 ) ) ;
#580 = VECTOR ( 'NONE', #2843, 1000.000000000000000 ) ;
#581 = CARTESIAN_POINT ( 'NONE',  ( 0.6500000000000000222, 0.000000000000000000, -0.1999999999999998723 ) ) ;
#582 = ORIENTED_EDGE ( 'NONE', *, *, #1934, .F. ) ;
#583 = AXIS2_PLACEMENT_3D ( 'NONE', #328, #1225, #1431 ) ;
#584 = CARTESIAN_POINT ( 'NONE',  ( 5.170810361084734466E-16, -0.000000000000000000, -1.550000000000000044 ) ) ;
#585 = DIRECTION ( 'NONE',  ( 0.000000000000000000, -1.000000000000000000, 0.000000000000000000 ) ) ;
#586 = VECTOR ( 'NONE', #1807, 1000.000000000000000 ) ;
#587 = DIRECTION ( 'NONE',  ( 0.000000000000000000, 0.000000000000000000, -1.000000000000000000 ) ) ;
#588 = ORIENTED_EDGE ( 'NONE', *, *, #276, .T. ) ;
#589 = PLANE ( 'NONE',  #2781 ) ;
#590 = PLANE ( 'NONE',  #2715 ) ;
#591 = LINE ( 'NONE', #501, #2588 ) ;
#592 = CARTESIAN_POINT ( 'NONE',  ( 0.000000000000000000, 4.820169488482378917, 1.149999999999999911 ) ) ;
#593 = DIRECTION ( 'NONE',  ( 1.000000000000000000, 0.000000000000000000, 0.000000000000000000 ) ) ;
#594 = AXIS2_PLACEMENT_3D ( 'NONE', #2112, #393, #2751 ) ;
#595 = DIRECTION ( 'NONE',  ( -0.000000000000000000, -0.000000000000000000, 1.000000000000000000 ) ) ;
#596 = DIRECTION ( 'NONE',  ( -0.000000000000000000, 1.000000000000000000, -0.000000000000000000 ) ) ;
#597 = CARTESIAN_POINT ( 'NONE',  ( 0.000000000000000000, 0.000000000000000000, 1.149999999999999911 ) ) ;
#598 = VECTOR ( 'NONE', #2425, 1000.000000000000000 ) ;
#599 = DIRECTION ( 'NONE',  ( 1.000000000000000000, 0.000000000000000000, 1.734723475976807094E-16 ) ) ;
#600 = STYLED_ITEM ( 'NONE', ( #282 ), #394 ) ;
#601 = DIRECTION ( 'NONE',  ( -0.000000000000000000, -1.000000000000000000, -0.000000000000000000 ) ) ;
#602 = DIRECTION ( 'NONE',  ( -1.000000000000000000, 0.000000000000000000, -1.807003620809173892E-16 ) ) ;
#603 = FACE_OUTER_BOUND ( 'NONE', #546, .T. ) ;
#604 = DIRECTION ( 'NONE',  ( 0.000000000000000000, 0.000000000000000000, 1.000000000000000000 ) ) ;
#605 = EDGE_CURVE ( 'NONE', #1502, #41, #1371, .T. ) ;
#606 = LINE ( 'NONE', #2004, #1567 ) ;
#607 = EDGE_CURVE ( 'NONE', #2069, #2541, #465, .T. ) ;
#608 = DIRECTION ( 'NONE',  ( 0.000000000000000000, 0.000000000000000000, -1.000000000000000000 ) ) ;
#609 = LINE ( 'NONE', #2024, #2539 ) ;
#610 = AXIS2_PLACEMENT_3D ( 'NONE', #753, #1473, #1679 ) ;
#611 = CARTESIAN_POINT ( 'NONE',  ( -1.500000000000000222, 0.000000000000000000, 2.000000000000000000 ) ) ;
#612 = CLOSED_SHELL ( 'NONE', ( #2273, #2615, #464, #1972, #2351, #416 ) ) ;
#613 = PRESENTATION_STYLE_ASSIGNMENT (( #1243 ) ) ;
#614 = FACE_OUTER_BOUND ( 'NONE', #1932, .T. ) ;
#615 = AXIS2_PLACEMENT_3D ( 'NONE', #2018, #83, #915 ) ;
#616 = DIRECTION ( 'NONE',  ( 1.000000000000000000, 0.000000000000000000, -0.000000000000000000 ) ) ;
#617 = EDGE_LOOP ( 'NONE', ( #2650, #972 ) ) ;
#618 = VECTOR ( 'NONE', #1426, 1000.000000000000000 ) ;
#619 = DIRECTION ( 'NONE',  ( 0.000000000000000000, 0.000000000000000000, 1.000000000000000000 ) ) ;
#620 = DIRECTION ( 'NONE',  ( 0.000000000000000000, -0.000000000000000000, -1.000000000000000000 ) ) ;
#621 = VERTEX_POINT ( 'NONE', #529 ) ;
#622 = DIRECTION ( 'NONE',  ( 0.000000000000000000, 0.000000000000000000, -1.000000000000000000 ) ) ;
#623 = LINE ( 'NONE', #2578, #697 ) ;
#624 = CIRCLE ( 'NONE', #202, 0.4000000000000001887 ) ;
#625 = LINE ( 'NONE', #1790, #1535 ) ;
#626 = PRESENTATION_LAYER_ASSIGNMENT (  '', '', ( #260 ) ) ;
#627 = DIRECTION ( 'NONE',  ( 0.000000000000000000, -1.000000000000000000, 0.000000000000000000 ) ) ;
#628 = VERTEX_POINT ( 'NONE', #1195 ) ;
#629 = CARTESIAN_POINT ( 'NONE',  ( 0.000000000000000000, 0.1000000000000000056, 1.149999999999999911 ) ) ;
#630 = CIRCLE ( 'NONE', #854, 0.4000000000000000777 ) ;
#631 = LINE ( 'NONE', #140, #1585 ) ;
#632 = EDGE_CURVE ( 'NONE', #121, #1502, #458, .T. ) ;
#633 = EDGE_CURVE ( 'NONE', #621, #2327, #1402, .T. ) ;
#634 = CIRCLE ( 'NONE', #1466, 0.1250000000000000000 ) ;
#635 = DIRECTION ( 'NONE',  ( 0.000000000000000000, 0.000000000000000000, -1.000000000000000000 ) ) ;
#636 = LINE ( 'NONE', #2495, #1542 ) ;
#637 = DIRECTION ( 'NONE',  ( 0.000000000000000000, 0.000000000000000000, 1.000000000000000000 ) ) ;
#638 = EDGE_CURVE ( 'NONE', #2629, #1155, #2387, .T. ) ;
#639 = DIRECTION ( 'NONE',  ( 0.000000000000000000, -1.000000000000000000, 0.000000000000000000 ) ) ;
#640 = VERTEX_POINT ( 'NONE', #490 ) ;
#641 = CARTESIAN_POINT ( 'NONE',  ( 0.000000000000000000, 0.9000000000000000222, 0.7800000000000000266 ) ) ;
#642 = LINE ( 'NONE', #2745, #2576 ) ;
#643 = FACE_OUTER_BOUND ( 'NONE', #675, .T. ) ;
#644 = DIRECTION ( 'NONE',  ( -0.000000000000000000, -1.000000000000000000, -0.000000000000000000 ) ) ;
#645 = VERTEX_POINT ( 'NONE', #2312 ) ;
#646 = LINE ( 'NONE', #310, #669 ) ;
#647 = DIRECTION ( 'NONE',  ( -3.336006684570796906E-16, 0.000000000000000000, 1.000000000000000000 ) ) ;
#648 = AXIS2_PLACEMENT_3D ( 'NONE', #1357, #1306, #1501 ) ;
#649 = CARTESIAN_POINT ( 'NONE',  ( -0.6500000000000000222, 0.000000000000000000, 0.1999999999999999833 ) ) ;
#650 = CARTESIAN_POINT ( 'NONE',  ( 1.500000000000000222, 1.100000000000000089, 2.000000000000000000 ) ) ;
#651 = FACE_OUTER_BOUND ( 'NONE', #1061, .T. ) ;
#652 = LINE ( 'NONE', #1778, #2533 ) ;
#653 = ORIENTED_EDGE ( 'NONE', *, *, #670, .F. ) ;
#654 = VECTOR ( 'NONE', #2173, 1000.000000000000000 ) ;
#655 = DIRECTION ( 'NONE',  ( -1.204669080539449344E-16, 0.000000000000000000, 1.000000000000000000 ) ) ;
#656 = LINE ( 'NONE', #1590, #586 ) ;
#657 = DIRECTION ( 'NONE',  ( 0.000000000000000000, 1.000000000000000000, 0.000000000000000000 ) ) ;
#658 = ADVANCED_FACE ( 'NONE', ( #2402 ), #2534, .F. ) ;
#659 = ADVANCED_FACE ( 'NONE', ( #1364 ), #1254, .T. ) ;
#660 = DIRECTION ( 'NONE',  ( 0.000000000000000000, -1.000000000000000000, 0.000000000000000000 ) ) ;
#661 = VERTEX_POINT ( 'NONE', #1404 ) ;
#662 = DIRECTION ( 'NONE',  ( -1.000000000000000000, 0.000000000000000000, 0.000000000000000000 ) ) ;
#663 = VECTOR ( 'NONE', #2045, 1000.000000000000000 ) ;
#664 = VERTEX_POINT ( 'NONE', #2556 ) ;
#665 = EDGE_CURVE ( 'NONE', #1890, #2036, #1424, .T. ) ;
#666 = PLANE ( 'NONE',  #1281 ) ;
#667 = EDGE_LOOP ( 'NONE', ( #2659, #1231, #750, #2098 ) ) ;
#668 = CARTESIAN_POINT ( 'NONE',  ( 0.1999999999999999833, 0.000000000000000000, 0.000000000000000000 ) ) ;
#669 = VECTOR ( 'NONE', #1768, 1000.000000000000000 ) ;
#670 = EDGE_CURVE ( 'NONE', #1855, #1093, #468, .T. ) ;
#671 = EDGE_CURVE ( 'NONE', #761, #1498, #1438, .T. ) ;
#672 = DIRECTION ( 'NONE',  ( 1.000000000000000000, 0.000000000000000000, 0.000000000000000000 ) ) ;
#673 = FACE_OUTER_BOUND ( 'NONE', #18, .T. ) ;
#674 = MECHANICAL_DESIGN_GEOMETRIC_PRESENTATION_REPRESENTATION (  '', ( #1857 ), #2749 ) ;
#675 = EDGE_LOOP ( 'NONE', ( #452, #2486, #1970, #562 ) ) ;
#676 = DIRECTION ( 'NONE',  ( 1.000000000000000000, 0.000000000000000000, 0.000000000000000000 ) ) ;
#677 = FACE_OUTER_BOUND ( 'NONE', #200, .T. ) ;
#678 = ADVANCED_FACE ( 'NONE', ( #1430 ), #1600, .F. ) ;
#679 = PRESENTATION_LAYER_ASSIGNMENT (  '', '', ( #1905 ) ) ;
#680 = VECTOR ( 'NONE', #737, 1000.000000000000000 ) ;
#681 = CARTESIAN_POINT ( 'NONE',  ( 1.500000000000000222, 0.2399999999999999911, -2.000000000000000000 ) ) ;
#682 = CARTESIAN_POINT ( 'NONE',  ( 7.960204194457795477E-17, 1.100000000000000089, 0.1300000000000000044 ) ) ;
#683 = CIRCLE ( 'NONE', #2070, 0.3499999999999999223 ) ;
#684 = EDGE_LOOP ( 'NONE', ( #475, #2320, #10, #1539, #1344, #509, #1385, #1372 ) ) ;
#685 = CARTESIAN_POINT ( 'NONE',  ( -0.6500000000000000222, 0.1000000000000000056, -1.149999999999999911 ) ) ;
#686 = VECTOR ( 'NONE', #1931, 1000.000000000000000 ) ;
#687 = PLANE ( 'NONE',  #1538 ) ;
#688 = ORIENTED_EDGE ( 'NONE', *, *, #2624, .F. ) ;
#689 = DIRECTION ( 'NONE',  ( 1.000000000000000000, 0.000000000000000000, 0.000000000000000000 ) ) ;
#690 = CIRCLE ( 'NONE', #342, 0.4000000000000000777 ) ;
#691 = AXIS2_PLACEMENT_3D ( 'NONE', #2531, #689, #1185 ) ;
#692 = VERTEX_POINT ( 'NONE', #1579 ) ;
#693 = LINE ( 'NONE', #807, #1667 ) ;
#694 = ADVANCED_FACE ( 'NONE', ( #1435 ), #352, .T. ) ;
#695 = CARTESIAN_POINT ( 'NONE',  ( 1.399999999999999467, 0.000000000000000000, 1.900000000000000133 ) ) ;
#696 = DIRECTION ( 'NONE',  ( 0.000000000000000000, 0.000000000000000000, 1.000000000000000000 ) ) ;
#697 = VECTOR ( 'NONE', #2755, 1000.000000000000114 ) ;
#698 = EDGE_CURVE ( 'NONE', #2184, #1855, #2395, .T. ) ;
#699 = EDGE_CURVE ( 'NONE', #1695, #2111, #2342, .T. ) ;
#700 = CARTESIAN_POINT ( 'NONE',  ( 5.170810361084734466E-16, 4.820169488482378917, -1.550000000000000044 ) ) ;
#701 = EDGE_LOOP ( 'NONE', ( #1480, #2836, #1465, #2290 ) ) ;
#702 = VECTOR ( 'NONE', #2506, 1000.000000000000000 ) ;
#703 = SURFACE_STYLE_USAGE ( .BOTH. , #1128 ) ;
#704 = ORIENTED_EDGE ( 'NONE', *, *, #1100, .T. ) ;
#705 = UNCERTAINTY_MEASURE_WITH_UNIT (LENGTH_MEASURE( 1.000000000000000082E-05 ), #1589, 'distance_accuracy_value', 'NONE');
#706 = CARTESIAN_POINT ( 'NONE',  ( 1.500000000000000222, 1.100000000000000089, 2.000000000000000000 ) ) ;
#707 = ORIENTED_EDGE ( 'NONE', *, *, #1234, .F. ) ;
#708 = PLANE ( 'NONE',  #222 ) ;
#709 = LINE ( 'NONE', #1536, #747 ) ;
#710 = AXIS2_PLACEMENT_3D ( 'NONE', #2420, #2627, #463 ) ;
#711 = EDGE_LOOP ( 'NONE', ( #2261, #1826 ) ) ;
#712 = VERTEX_POINT ( 'NONE', #2695 ) ;
#713 = FACE_OUTER_BOUND ( 'NONE', #1168, .T. ) ;
#714 = VERTEX_POINT ( 'NONE', #59 ) ;
#715 = CARTESIAN_POINT ( 'NONE',  ( 0.1999999999999999556, 4.820169488482378917, 5.706327223607916168E-18 ) ) ;
#716 = DIRECTION ( 'NONE',  ( 0.000000000000000000, 0.000000000000000000, 1.000000000000000000 ) ) ;
#717 = EDGE_LOOP ( 'NONE', ( #1533, #582, #918, #138 ) ) ;
#718 = CARTESIAN_POINT ( 'NONE',  ( 1.500000000000000222, 0.000000000000000000, -2.000000000000000000 ) ) ;
#719 = VECTOR ( 'NONE', #2304, 1000.000000000000000 ) ;
#720 = ADVANCED_FACE ( 'NONE', ( #1369 ), #1623, .F. ) ;
#721 = ORIENTED_EDGE ( 'NONE', *, *, #1613, .T. ) ;
#722 = ADVANCED_FACE ( 'NONE', ( #2333 ), #1980, .T. ) ;
#723 = CARTESIAN_POINT ( 'NONE',  ( 0.6500000000000000222, 0.000000000000000000, 1.149999999999999911 ) ) ;
#724 = EDGE_LOOP ( 'NONE', ( #552, #60, #1907, #2354 ) ) ;
#725 = AXIS2_PLACEMENT_3D ( 'NONE', #1928, #616, #1074 ) ;
#726 = LINE ( 'NONE', #2478, #1701 ) ;
#727 = DIRECTION ( 'NONE',  ( 0.000000000000000000, 0.000000000000000000, 1.000000000000000000 ) ) ;
#728 = CARTESIAN_POINT ( 'NONE',  ( -0.6500000000000000222, 0.000000000000000000, 1.149999999999999911 ) ) ;
#729 = ORIENTED_EDGE ( 'NONE', *, *, #899, .F. ) ;
#730 = FACE_OUTER_BOUND ( 'NONE', #2731, .T. ) ;
#731 = AXIS2_PLACEMENT_3D ( 'NONE', #345, #2109, #949 ) ;
#732 = ORIENTED_EDGE ( 'NONE', *, *, #1785, .F. ) ;
#733 = EDGE_CURVE ( 'NONE', #2168, #1890, #408, .T. ) ;
#734 = ORIENTED_EDGE ( 'NONE', *, *, #1854, .T. ) ;
#735 = CARTESIAN_POINT ( 'NONE',  ( 0.000000000000000000, 1.989949493661166580, 0.6550000000000000266 ) ) ;
#736 = EDGE_CURVE ( 'NONE', #1855, #1180, #2349, .T. ) ;
#737 = DIRECTION ( 'NONE',  ( 0.000000000000000000, 0.000000000000000000, -1.000000000000000000 ) ) ;
#738 = PLANE ( 'NONE',  #1036 ) ;
#739 = LINE ( 'NONE', #1806, #1683 ) ;
#740 = ORIENTED_EDGE ( 'NONE', *, *, #607, .F. ) ;
#741 = CARTESIAN_POINT ( 'NONE',  ( 0.1999999999999999556, 0.1000000000000000056, -0.1999999999999998168 ) ) ;
#742 = CARTESIAN_POINT ( 'NONE',  ( 1.050000000000000266, 0.1000000000000000056, 0.000000000000000000 ) ) ;
#743 = ADVANCED_FACE ( 'NONE', ( #1384 ), #2406, .F. ) ;
#744 = VERTEX_POINT ( 'NONE', #164 ) ;
#745 = AXIS2_PLACEMENT_3D ( 'NONE', #191, #531, #1642 ) ;
#746 = DIRECTION ( 'NONE',  ( 0.000000000000000000, 0.000000000000000000, -1.000000000000000000 ) ) ;
#747 = VECTOR ( 'NONE', #2441, 1000.000000000000000 ) ;
#748 = VERTEX_POINT ( 'NONE', #1504 ) ;
#749 = VECTOR ( 'NONE', #2366, 1000.000000000000000 ) ;
#750 = ORIENTED_EDGE ( 'NONE', *, *, #334, .T. ) ;
#751 = CARTESIAN_POINT ( 'NONE',  ( 0.6499999999999974687, 4.820169488482378917, 1.550000000000000488 ) ) ;
#752 = CARTESIAN_POINT ( 'NONE',  ( -0.6500000000000000222, 0.1000000000000000056, 0.1999999999999999833 ) ) ;
#753 = CARTESIAN_POINT ( 'NONE',  ( 0.000000000000000000, 1.989949493661166580, 0.7800000000000000266 ) ) ;
#754 = VECTOR ( 'NONE', #538, 1000.000000000000000 ) ;
#755 = VERTEX_POINT ( 'NONE', #1720 ) ;
#756 =( GEOMETRIC_REPRESENTATION_CONTEXT ( 3 ) GLOBAL_UNCERTAINTY_ASSIGNED_CONTEXT ( ( #1282 ) ) GLOBAL_UNIT_ASSIGNED_CONTEXT ( ( #315, #500, #1520 ) ) REPRESENTATION_CONTEXT ( 'NONE', 'WORKASPACE' ) );
#757 = PLANE ( 'NONE',  #100 ) ;
#758 = FACE_OUTER_BOUND ( 'NONE', #153, .T. ) ;
#759 = CARTESIAN_POINT ( 'NONE',  ( 0.6500000000000000222, 0.000000000000000000, -1.149999999999999689 ) ) ;
#760 = PLANE ( 'NONE',  #1294 ) ;
#761 = VERTEX_POINT ( 'NONE', #1702 ) ;
#762 = EDGE_CURVE ( 'NONE', #209, #2011, #2352, .T. ) ;
#763 = ORIENTED_EDGE ( 'NONE', *, *, #2096, .F. ) ;
#764 = DIRECTION ( 'NONE',  ( -0.000000000000000000, -1.000000000000000000, -0.000000000000000000 ) ) ;
#765 = EDGE_CURVE ( 'NONE', #2184, #1598, #497, .T. ) ;
#766 = ADVANCED_FACE ( 'NONE', ( #510 ), #1675, .F. ) ;
#767 = LINE ( 'NONE', #1462, #754 ) ;
#768 = ORIENTED_EDGE ( 'NONE', *, *, #1238, .F. ) ;
#769 = CARTESIAN_POINT ( 'NONE',  ( 3.295974604355933479E-16, -0.000000000000000000, -1.899999999999999911 ) ) ;
#770 = CARTESIAN_POINT ( 'NONE',  ( -0.6500000000000000222, 0.1000000000000002554, -1.149999999999999911 ) ) ;
#771 = CARTESIAN_POINT ( 'NONE',  ( 1.500000000000000222, 1.100000000000000089, 2.000000000000000000 ) ) ;
#772 = VECTOR ( 'NONE', #2275, 1000.000000000000000 ) ;
#773 = VERTEX_POINT ( 'NONE', #581 ) ;
#774 = DIRECTION ( 'NONE',  ( -0.000000000000000000, -1.000000000000000000, -0.000000000000000000 ) ) ;
#775 = CIRCLE ( 'NONE', #459, 0.6499999999999999112 ) ;
#776 = DIRECTION ( 'NONE',  ( 0.000000000000000000, 0.000000000000000000, 1.000000000000000000 ) ) ;
#777 = DIRECTION ( 'NONE',  ( -0.000000000000000000, -1.000000000000000000, -0.000000000000000000 ) ) ;
#778 = ORIENTED_EDGE ( 'NONE', *, *, #241, .T. ) ;
#779 = LINE ( 'NONE', #2612, #1692 ) ;
#780 = ORIENTED_EDGE ( 'NONE', *, *, #1054, .F. ) ;
#781 = DIRECTION ( 'NONE',  ( -0.000000000000000000, -1.000000000000000000, -0.000000000000000000 ) ) ;
#782 = DIRECTION ( 'NONE',  ( -0.000000000000000000, -1.000000000000000000, -0.000000000000000000 ) ) ;
#783 = CARTESIAN_POINT ( 'NONE',  ( -0.6499999999999972466, 0.1000000000000000056, 1.550000000000000044 ) ) ;
#784 = LINE ( 'NONE', #1558, #2649 ) ;
#785 = ORIENTED_EDGE ( 'NONE', *, *, #2852, .T. ) ;
#786 = DIRECTION ( 'NONE',  ( -1.000000000000000000, 0.000000000000000000, 1.807003620809173892E-16 ) ) ;
#787 = CARTESIAN_POINT ( 'NONE',  ( -1.500000000000000222, 0.2399999999999999911, -2.000000000000000000 ) ) ;
#788 = CARTESIAN_POINT ( 'NONE',  ( 0.000000000000000000, 0.1000000000000002554, 1.149999999999999911 ) ) ;
#789 = VECTOR ( 'NONE', #1279, 1000.000000000000000 ) ;
#790 =( GEOMETRIC_REPRESENTATION_CONTEXT ( 3 ) GLOBAL_UNCERTAINTY_ASSIGNED_CONTEXT ( ( #2789 ) ) GLOBAL_UNIT_ASSIGNED_CONTEXT ( ( #2178, #993, #2540 ) ) REPRESENTATION_CONTEXT ( 'NONE', 'WORKASPACE' ) );
#791 = ORIENTED_EDGE ( 'NONE', *, *, #2595, .F. ) ;
#792 = EDGE_CURVE ( 'NONE', #664, #43, #2424, .T. ) ;
#793 = CARTESIAN_POINT ( 'NONE',  ( 0.6500000000000000222, 4.820169488482378917, -1.149999999999999689 ) ) ;
#794 = VECTOR ( 'NONE', #1588, 1000.000000000000000 ) ;
#795 = CARTESIAN_POINT ( 'NONE',  ( 0.1999999999999999833, 0.000000000000000000, 1.149999999999999911 ) ) ;
#796 = ORIENTED_EDGE ( 'NONE', *, *, #1756, .T. ) ;
#797 = EDGE_CURVE ( 'NONE', #1180, #1507, #1503, .T. ) ;
#798 = SURFACE_STYLE_FILL_AREA ( #2353 ) ;
#799 = ORIENTED_EDGE ( 'NONE', *, *, #1852, .F. ) ;
#800 = DIRECTION ( 'NONE',  ( 0.000000000000000000, -1.000000000000000000, 0.000000000000000000 ) ) ;
#801 = DIRECTION ( 'NONE',  ( 0.000000000000000000, 0.000000000000000000, 1.000000000000000000 ) ) ;
#802 = DIRECTION ( 'NONE',  ( -1.000000000000000000, 0.000000000000000000, 0.000000000000000000 ) ) ;
#803 = EDGE_LOOP ( 'NONE', ( #421, #565, #946, #2477 ) ) ;
#804 = MANIFOLD_SOLID_BREP ( 'Boss-Extrude3', #1628 ) ;
#805 = DIRECTION ( 'NONE',  ( 1.000000000000000000, 0.000000000000000000, -0.000000000000000000 ) ) ;
#806 = AXIS2_PLACEMENT_3D ( 'NONE', #2127, #2105, #98 ) ;
#807 = CARTESIAN_POINT ( 'NONE',  ( 0.1999999999999999833, 0.1000000000000000056, 1.149999999999999911 ) ) ;
#808 = CARTESIAN_POINT ( 'NONE',  ( -1.500000000000000222, 0.2399999999999999911, -2.000000000000000000 ) ) ;
#809 = ORIENTED_EDGE ( 'NONE', *, *, #1333, .F. ) ;
#810 = CARTESIAN_POINT ( 'NONE',  ( -0.6500000000000000222, 4.820169488482378917, 0.1999999999999999833 ) ) ;
#811 = DIRECTION ( 'NONE',  ( -0.000000000000000000, 1.000000000000000000, -0.000000000000000000 ) ) ;
#812 = ORIENTED_EDGE ( 'NONE', *, *, #1019, .T. ) ;
#813 = ORIENTED_EDGE ( 'NONE', *, *, #1264, .T. ) ;
#814 = PLANE ( 'NONE',  #1125 ) ;
#815 = CARTESIAN_POINT ( 'NONE',  ( 0.000000000000000000, 1.000000000000000000, 0.7800000000000000266 ) ) ;
#816 = CARTESIAN_POINT ( 'NONE',  ( 3.614007241618345443E-17, 0.000000000000000000, 0.1999999999999998723 ) ) ;
#817 = AXIS2_PLACEMENT_3D ( 'NONE', #336, #485, #746 ) ;
#818 = DIRECTION ( 'NONE',  ( 1.000000000000000000, 0.000000000000000000, 1.204669080539449344E-16 ) ) ;
#819 = CARTESIAN_POINT ( 'NONE',  ( -3.614007241618345443E-17, 0.000000000000000000, 0.1999999999999998723 ) ) ;
#820 = DIRECTION ( 'NONE',  ( -0.000000000000000000, -0.000000000000000000, 1.000000000000000000 ) ) ;
#821 = UNCERTAINTY_MEASURE_WITH_UNIT (LENGTH_MEASURE( 1.000000000000000082E-05 ), #1298, 'distance_accuracy_value', 'NONE');
#822 = EDGE_CURVE ( 'NONE', #2115, #2069, #473, .T. ) ;
#823 = CARTESIAN_POINT ( 'NONE',  ( 0.000000000000000000, 0.2399999999999999911, 0.000000000000000000 ) ) ;
#824 = LINE ( 'NONE', #1779, #932 ) ;
#825 = DIRECTION ( 'NONE',  ( -1.000000000000000000, 0.000000000000000000, -0.000000000000000000 ) ) ;
#826 = DIRECTION ( 'NONE',  ( -0.000000000000000000, -1.000000000000000000, -0.000000000000000000 ) ) ;
#827 = ADVANCED_FACE ( 'NONE', ( #541 ), #174, .F. ) ;
#828 = FACE_OUTER_BOUND ( 'NONE', #2645, .T. ) ;
#829 = DIRECTION ( 'NONE',  ( 0.000000000000000000, 0.000000000000000000, 1.000000000000000000 ) ) ;
#830 = ORIENTED_EDGE ( 'NONE', *, *, #272, .F. ) ;
#831 =( GEOMETRIC_REPRESENTATION_CONTEXT ( 3 ) GLOBAL_UNCERTAINTY_ASSIGNED_CONTEXT ( ( #821 ) ) GLOBAL_UNIT_ASSIGNED_CONTEXT ( ( #1298, #1494, #1710 ) ) REPRESENTATION_CONTEXT ( 'NONE', 'WORKASPACE' ) );
#832 = FACE_OUTER_BOUND ( 'NONE', #2760, .T. ) ;
#833 = DIRECTION ( 'NONE',  ( -0.000000000000000000, -1.000000000000000000, -0.000000000000000000 ) ) ;
#834 = DIRECTION ( 'NONE',  ( 0.000000000000000000, 0.000000000000000000, 1.000000000000000000 ) ) ;
#835 = CARTESIAN_POINT ( 'NONE',  ( -0.6500000000000000222, 4.820169488482378917, 1.149999999999999911 ) ) ;
#836 = FACE_OUTER_BOUND ( 'NONE', #955, .T. ) ;
#837 = ORIENTED_EDGE ( 'NONE', *, *, #1573, .F. ) ;
#838 = CARTESIAN_POINT ( 'NONE',  ( -1.400000000000000133, 0.1000000000000002554, -1.600000000000000311 ) ) ;
#839 = LINE ( 'NONE', #1647, #33 ) ;
#840 = DIRECTION ( 'NONE',  ( 0.000000000000000000, 0.000000000000000000, -1.000000000000000000 ) ) ;
#841 = VECTOR ( 'NONE', #1324, 1000.000000000000000 ) ;
#842 = DIRECTION ( 'NONE',  ( -0.000000000000000000, -1.000000000000000000, -0.000000000000000000 ) ) ;
#843 = ORIENTED_EDGE ( 'NONE', *, *, #2518, .T. ) ;
#844 = LINE ( 'NONE', #2257, #1945 ) ;
#845 = DIRECTION ( 'NONE',  ( 1.000000000000000000, -0.000000000000000000, 0.000000000000000000 ) ) ;
#846 = AXIS2_PLACEMENT_3D ( 'NONE', #1131, #1157, #637 ) ;
#847 = LINE ( 'NONE', #1846, #1919 ) ;
#848 = ORIENTED_EDGE ( 'NONE', *, *, #2771, .F. ) ;
#849 = FACE_OUTER_BOUND ( 'NONE', #2032, .T. ) ;
#850 = CARTESIAN_POINT ( 'NONE',  ( 1.050000000000000266, 0.1000000000000002554, 0.000000000000000000 ) ) ;
#851 = FILL_AREA_STYLE ('',( #1923 ) ) ;
#852 = CARTESIAN_POINT ( 'NONE',  ( -0.6500000000000000222, 0.1000000000000000056, 0.000000000000000000 ) ) ;
#853 = PLANE ( 'NONE',  #1248 ) ;
#854 = AXIS2_PLACEMENT_3D ( 'NONE', #2734, #105, #2758 ) ;
#855 = LINE ( 'NONE', #397, #841 ) ;
#856 = ORIENTED_EDGE ( 'NONE', *, *, #605, .T. ) ;
#857 = VECTOR ( 'NONE', #660, 1000.000000000000000 ) ;
#858 = EDGE_CURVE ( 'NONE', #2622, #2164, #2450, .T. ) ;
#859 = EDGE_CURVE ( 'NONE', #941, #65, #2421, .T. ) ;
#860 = DIRECTION ( 'NONE',  ( -1.734723475976807094E-16, 0.000000000000000000, 1.000000000000000000 ) ) ;
#861 = LINE ( 'NONE', #793, #1868 ) ;
#862 = ORIENTED_EDGE ( 'NONE', *, *, #1020, .T. ) ;
#863 = EDGE_CURVE ( 'NONE', #1093, #1507, #2469, .T. ) ;
#864 = VECTOR ( 'NONE', #2585, 1000.000000000000000 ) ;
#865 = FILL_AREA_STYLE ('',( #2259 ) ) ;
#866 = EDGE_CURVE ( 'NONE', #163, #744, #1450, .T. ) ;
#867 = LINE ( 'NONE', #563, #2829 ) ;
#868 = ORIENTED_EDGE ( 'NONE', *, *, #2370, .T. ) ;
#869 = ORIENTED_EDGE ( 'NONE', *, *, #797, .T. ) ;
#870 = AXIS2_PLACEMENT_3D ( 'NONE', #1172, #46, #84 ) ;
#871 = ADVANCED_FACE ( 'NONE', ( #2463 ), #2336, .T. ) ;
#872 = LINE ( 'NONE', #88, #2801 ) ;
#873 = EDGE_LOOP ( 'NONE', ( #962, #1224, #1524, #2825 ) ) ;
#874 = CARTESIAN_POINT ( 'NONE',  ( 0.000000000000000000, 0.1000000000000000056, 0.000000000000000000 ) ) ;
#875 = CARTESIAN_POINT ( 'NONE',  ( -3.614007241618345443E-17, 4.820169488482378917, 0.1999999999999998723 ) ) ;
#876 = LINE ( 'NONE', #1731, #1902 ) ;
#877 = CARTESIAN_POINT ( 'NONE',  ( -0.1999999999999999833, -0.000000000000000000, 0.1999999999999999001 ) ) ;
#878 = ORIENTED_EDGE ( 'NONE', *, *, #2551, .T. ) ;
#879 = CARTESIAN_POINT ( 'NONE',  ( 2.409338161078896346E-17, 0.1000000000000002554, -0.1999999999999997891 ) ) ;
#880 = ORIENTED_EDGE ( 'NONE', *, *, #148, .T. ) ;
#881 = PLANE ( 'NONE',  #2086 ) ;
#882 = VECTOR ( 'NONE', #2403, 1000.000000000000000 ) ;
#883 = EDGE_LOOP ( 'NONE', ( #309, #2239, #2235, #502 ) ) ;
#884 = CARTESIAN_POINT ( 'NONE',  ( 7.960204194457795477E-17, 1.000000000000000000, 0.1300000000000000044 ) ) ;
#885 = DIRECTION ( 'NONE',  ( 0.000000000000000000, 0.000000000000000000, 1.000000000000000000 ) ) ;
#886 = ORIENTED_EDGE ( 'NONE', *, *, #1988, .F. ) ;
#887 = LINE ( 'NONE', #1922, #1843 ) ;
#888 = VERTEX_POINT ( 'NONE', #2736 ) ;
#889 = ORIENTED_EDGE ( 'NONE', *, *, #1150, .F. ) ;
#890 = LINE ( 'NONE', #1295, #1915 ) ;
#891 = ORIENTED_EDGE ( 'NONE', *, *, #2346, .T. ) ;
#892 = DIRECTION ( 'NONE',  ( -1.204669080539449344E-16, 0.000000000000000000, -1.000000000000000000 ) ) ;
#893 = CARTESIAN_POINT ( 'NONE',  ( -0.1999999999999999833, 4.820169488482378917, 0.000000000000000000 ) ) ;
#894 = ADVANCED_FACE ( 'NONE', ( #1526 ), #760, .T. ) ;
#895 = ORIENTED_EDGE ( 'NONE', *, *, #1272, .T. ) ;
#896 = DIRECTION ( 'NONE',  ( -1.000000000000000000, 0.000000000000000000, -4.818676322157797375E-16 ) ) ;
#897 = ADVANCED_FACE ( 'NONE', ( #2475, #533 ), #2355, .F. ) ;
#898 = VECTOR ( 'NONE', #1024, 1000.000000000000000 ) ;
#899 = EDGE_CURVE ( 'NONE', #363, #41, #1517, .T. ) ;
#900 = VERTEX_POINT ( 'NONE', #1416 ) ;
#901 = CARTESIAN_POINT ( 'NONE',  ( 0.1999999999999999833, 4.820169488482378917, 1.149999999999999911 ) ) ;
#902 = ORIENTED_EDGE ( 'NONE', *, *, #31, .F. ) ;
#903 = CARTESIAN_POINT ( 'NONE',  ( 0.1999999999999999556, 0.1000000000000002554, -0.1999999999999998168 ) ) ;
#904 = VECTOR ( 'NONE', #553, 1000.000000000000000 ) ;
#905 = AXIS2_PLACEMENT_3D ( 'NONE', #1724, #2756, #1960 ) ;
#906 = EDGE_LOOP ( 'NONE', ( #2335, #2001, #1953, #2497 ) ) ;
#907 = DIRECTION ( 'NONE',  ( 0.000000000000000000, 0.000000000000000000, 1.000000000000000000 ) ) ;
#908 = DIRECTION ( 'NONE',  ( 0.000000000000000000, -1.000000000000000000, 0.000000000000000000 ) ) ;
#909 = ORIENTED_EDGE ( 'NONE', *, *, #2051, .T. ) ;
#910 = FACE_OUTER_BOUND ( 'NONE', #1687, .T. ) ;
#911 = ORIENTED_EDGE ( 'NONE', *, *, #1852, .T. ) ;
#912 = ORIENTED_EDGE ( 'NONE', *, *, #665, .T. ) ;
#913 = LINE ( 'NONE', #2404, #2845 ) ;
#914 = VERTEX_POINT ( 'NONE', #2321 ) ;
#915 = DIRECTION ( 'NONE',  ( -0.000000000000000000, 0.000000000000000000, -1.000000000000000000 ) ) ;
#916 = DIRECTION ( 'NONE',  ( 1.000000000000000000, 0.000000000000000000, 1.807003620809173892E-16 ) ) ;
#917 = CIRCLE ( 'NONE', #2212, 0.3499999999999999223 ) ;
#918 = ORIENTED_EDGE ( 'NONE', *, *, #1268, .F. ) ;
#919 = CYLINDRICAL_SURFACE ( 'NONE', #2694, 0.6499999999999999112 ) ;
#920 = ORIENTED_EDGE ( 'NONE', *, *, #1686, .T. ) ;
#921 = CARTESIAN_POINT ( 'NONE',  ( 0.1999999999999999556, 0.1000000000000000056, 5.706327223607916168E-18 ) ) ;
#922 = LINE ( 'NONE', #1469, #1957 ) ;
#923 = DIRECTION ( 'NONE',  ( -0.000000000000000000, 1.000000000000000000, -0.000000000000000000 ) ) ;
#924 = CARTESIAN_POINT ( 'NONE',  ( 0.000000000000000000, 0.000000000000000000, 0.000000000000000000 ) ) ;
#925 = CARTESIAN_POINT ( 'NONE',  ( 0.000000000000000000, 0.1000000000000000056, 0.000000000000000000 ) ) ;
#926 = ADVANCED_FACE ( 'NONE', ( #2442 ), #2413, .T. ) ;
#927 = VERTEX_POINT ( 'NONE', #2415 ) ;
#928 = ADVANCED_FACE ( 'NONE', ( #478 ), #1041, .T. ) ;
#929 = CIRCLE ( 'NONE', #2727, 0.6499999999999999112 ) ;
#930 = CLOSED_SHELL ( 'NONE', ( #871, #1216, #1409, #2233, #1215, #551 ) ) ;
#931 = DIRECTION ( 'NONE',  ( 0.000000000000000000, -0.000000000000000000, -1.000000000000000000 ) ) ;
#932 = VECTOR ( 'NONE', #639, 1000.000000000000000 ) ;
#933 = ORIENTED_EDGE ( 'NONE', *, *, #304, .T. ) ;
#934 = AXIS2_PLACEMENT_3D ( 'NONE', #1681, #1184, #587 ) ;
#935 = VECTOR ( 'NONE', #782, 1000.000000000000000 ) ;
#936 = ORIENTED_EDGE ( 'NONE', *, *, #1234, .T. ) ;
#937 = FACE_BOUND ( 'NONE', #122, .T. ) ;
#938 = ORIENTED_EDGE ( 'NONE', *, *, #2376, .T. ) ;
#939 = LINE ( 'NONE', #411, #882 ) ;
#940 = CARTESIAN_POINT ( 'NONE',  ( -1.500000000000000222, 1.100000000000000089, 2.000000000000000000 ) ) ;
#941 = VERTEX_POINT ( 'NONE', #2804 ) ;
#942 = EDGE_CURVE ( 'NONE', #236, #15, #1467, .T. ) ;
#943 = CARTESIAN_POINT ( 'NONE',  ( 1.500000000000000222, 0.000000000000000000, 2.000000000000000000 ) ) ;
#944 = EDGE_CURVE ( 'NONE', #187, #295, #2437, .T. ) ;
#945 = LINE ( 'NONE', #1893, #1 ) ;
#946 = ORIENTED_EDGE ( 'NONE', *, *, #327, .F. ) ;
#947 = VECTOR ( 'NONE', #182, 1000.000000000000000 ) ;
#948 = ORIENTED_EDGE ( 'NONE', *, *, #2256, .F. ) ;
#949 = DIRECTION ( 'NONE',  ( 0.000000000000000000, -0.000000000000000000, -1.000000000000000000 ) ) ;
#950 = ORIENTED_EDGE ( 'NONE', *, *, #2815, .T. ) ;
#951 =( GEOMETRIC_REPRESENTATION_CONTEXT ( 3 ) GLOBAL_UNCERTAINTY_ASSIGNED_CONTEXT ( ( #324 ) ) GLOBAL_UNIT_ASSIGNED_CONTEXT ( ( #1025, #2626, #1514 ) ) REPRESENTATION_CONTEXT ( 'NONE', 'WORKASPACE' ) );
#952 = CARTESIAN_POINT ( 'NONE',  ( 0.6500000000000000222, 0.000000000000000000, 0.1999999999999999833 ) ) ;
#953 = ORIENTED_EDGE ( 'NONE', *, *, #1150, .T. ) ;
#954 = LINE ( 'NONE', #2590, #1874 ) ;
#955 = EDGE_LOOP ( 'NONE', ( #1515, #20, #448, #933 ) ) ;
#956 = DIRECTION ( 'NONE',  ( 0.000000000000000000, 0.000000000000000000, -1.000000000000000000 ) ) ;
#957 = CIRCLE ( 'NONE', #934, 0.4000000000000000777 ) ;
#958 = AXIS2_PLACEMENT_3D ( 'NONE', #2552, #800, #1697 ) ;
#959 = ADVANCED_FACE ( 'NONE', ( #544 ), #219, .T. ) ;
#960 = ORIENTED_EDGE ( 'NONE', *, *, #1616, .F. ) ;
#961 = CIRCLE ( 'NONE', #479, 0.3999999999999999667 ) ;
#962 = ORIENTED_EDGE ( 'NONE', *, *, #2285, .T. ) ;
#963 = CYLINDRICAL_SURFACE ( 'NONE', #1714, 0.6499999999999999112 ) ;
#964 = ORIENTED_EDGE ( 'NONE', *, *, #2717, .F. ) ;
#965 = LINE ( 'NONE', #2284, #2042 ) ;
#966 = CARTESIAN_POINT ( 'NONE',  ( 5.541477770481466340E-16, 0.000000000000000000, -1.149999999999999911 ) ) ;
#967 = EDGE_LOOP ( 'NONE', ( #229, #249, #1691, #2708 ) ) ;
#968 = CARTESIAN_POINT ( 'NONE',  ( 1.050000000000000266, 0.1000000000000000056, 1.149999999999997469 ) ) ;
#969 = DIRECTION ( 'NONE',  ( 0.000000000000000000, -1.000000000000000000, 0.000000000000000000 ) ) ;
#970 = LINE ( 'NONE', #2133, #864 ) ;
#971 = ORIENTED_EDGE ( 'NONE', *, *, #762, .T. ) ;
#972 = ORIENTED_EDGE ( 'NONE', *, *, #504, .T. ) ;
#973 = VECTOR ( 'NONE', #160, 1000.000000000000000 ) ;
#974 = CARTESIAN_POINT ( 'NONE',  ( 1.399999999999999467, 0.1000000000000000056, 0.000000000000000000 ) ) ;
#975 = ORIENTED_EDGE ( 'NONE', *, *, #944, .T. ) ;
#976 = LINE ( 'NONE', #2507, #1042 ) ;
#977 = ORIENTED_EDGE ( 'NONE', *, *, #1485, .F. ) ;
#978 = PRESENTATION_LAYER_ASSIGNMENT (  '', '', ( #600 ) ) ;
#979 = ORIENTED_EDGE ( 'NONE', *, *, #2592, .T. ) ;
#980 = ORIENTED_EDGE ( 'NONE', *, *, #1554, .T. ) ;
#981 = FACE_OUTER_BOUND ( 'NONE', #1002, .T. ) ;
#982 = EDGE_CURVE ( 'NONE', #2041, #2227, #568, .T. ) ;
#983 = ADVANCED_FACE ( 'NONE', ( #1458 ), #1351, .F. ) ;
#984 = ORIENTED_EDGE ( 'NONE', *, *, #1817, .F. ) ;
#985 = LINE ( 'NONE', #1582, #1058 ) ;
#986 = EDGE_CURVE ( 'NONE', #888, #1207, #1482, .T. ) ;
#987 = DIRECTION ( 'NONE',  ( 0.000000000000000000, 1.000000000000000000, 0.000000000000000000 ) ) ;
#988 = DIRECTION ( 'NONE',  ( -0.000000000000000000, 1.000000000000000000, -0.000000000000000000 ) ) ;
#989 = FACE_OUTER_BOUND ( 'NONE', #2146, .T. ) ;
#990 = ORIENTED_EDGE ( 'NONE', *, *, #1689, .F. ) ;
#991 = FACE_OUTER_BOUND ( 'NONE', #2606, .T. ) ;
#992 = CARTESIAN_POINT ( 'NONE',  ( -0.6499999999999970246, 0.000000000000000000, -1.550000000000000266 ) ) ;
#993 =( NAMED_UNIT ( * ) PLANE_ANGLE_UNIT ( ) SI_UNIT ( $, .RADIAN. ) );
#994 = AXIS2_PLACEMENT_3D ( 'NONE', #1329, #585, #2394 ) ;
#995 = VECTOR ( 'NONE', #253, 1000.000000000000000 ) ;
#996 = DIRECTION ( 'NONE',  ( 0.000000000000000000, 0.000000000000000000, -1.000000000000000000 ) ) ;
#997 = DIRECTION ( 'NONE',  ( 0.000000000000000000, 1.000000000000000000, 0.000000000000000000 ) ) ;
#998 = ORIENTED_EDGE ( 'NONE', *, *, #1689, .T. ) ;
#999 = CYLINDRICAL_SURFACE ( 'NONE', #870, 0.3999999999999999667 ) ;
#1000 = AXIS2_PLACEMENT_3D ( 'NONE', #223, #647, #1527 ) ;
#1001 = VERTEX_POINT ( 'NONE', #2430 ) ;
#1002 = EDGE_LOOP ( 'NONE', ( #1703, #526, #2344, #1419 ) ) ;
#1003 = LINE ( 'NONE', #1427, #69 ) ;
#1004 = VERTEX_POINT ( 'NONE', #2605 ) ;
#1005 = ORIENTED_EDGE ( 'NONE', *, *, #269, .F. ) ;
#1006 = LINE ( 'NONE', #1222, #85 ) ;
#1007 = DIRECTION ( 'NONE',  ( 1.951563910473907035E-14, 0.000000000000000000, -1.000000000000000000 ) ) ;
#1008 = DIRECTION ( 'NONE',  ( 0.000000000000000000, -1.000000000000000000, 0.000000000000000000 ) ) ;
#1009 = VERTEX_POINT ( 'NONE', #246 ) ;
#1010 = ORIENTED_EDGE ( 'NONE', *, *, #2370, .F. ) ;
#1011 = AXIS2_PLACEMENT_3D ( 'NONE', #823, #2236, #1082 ) ;
#1012 = LINE ( 'NONE', #159, #2033 ) ;
#1013 = DIRECTION ( 'NONE',  ( 0.000000000000000000, 0.000000000000000000, 1.000000000000000000 ) ) ;
#1014 = ORIENTED_EDGE ( 'NONE', *, *, #180, .F. ) ;
#1015 = CARTESIAN_POINT ( 'NONE',  ( 0.6499999999999976907, -0.000000000000000000, -1.549999999999999822 ) ) ;
#1016 = CARTESIAN_POINT ( 'NONE',  ( -1.500000000000000222, 1.100000000000000089, -2.000000000000000000 ) ) ;
#1017 = VERTEX_POINT ( 'NONE', #407 ) ;
#1018 = CIRCLE ( 'NONE', #2601, 0.3499999999999999223 ) ;
#1019 = EDGE_CURVE ( 'NONE', #927, #2064, #2472, .T. ) ;
#1020 = EDGE_CURVE ( 'NONE', #109, #2095, #2488, .T. ) ;
#1021 = ORIENTED_EDGE ( 'NONE', *, *, #1309, .F. ) ;
#1022 = ORIENTED_EDGE ( 'NONE', *, *, #2140, .F. ) ;
#1023 = FACE_OUTER_BOUND ( 'NONE', #1338, .T. ) ;
#1024 = DIRECTION ( 'NONE',  ( -0.000000000000000000, -1.000000000000000000, -0.000000000000000000 ) ) ;
#1025 =( LENGTH_UNIT ( ) NAMED_UNIT ( * ) SI_UNIT ( .MILLI., .METRE. ) );
#1026 = EDGE_CURVE ( 'NONE', #116, #2575, #2457, .T. ) ;
#1027 = EDGE_LOOP ( 'NONE', ( #75, #2537, #1636, #1621 ) ) ;
#1028 = EDGE_CURVE ( 'NONE', #664, #927, #2480, .T. ) ;
#1029 = LINE ( 'NONE', #2522, #1126 ) ;
#1030 = DIRECTION ( 'NONE',  ( -0.000000000000000000, -1.000000000000000000, -0.000000000000000000 ) ) ;
#1031 = EDGE_CURVE ( 'NONE', #1574, #1129, #549, .T. ) ;
#1032 = CARTESIAN_POINT ( 'NONE',  ( 0.000000000000000000, 1.000000000000000000, 0.7800000000000000266 ) ) ;
#1033 = CARTESIAN_POINT ( 'NONE',  ( 0.000000000000000000, 1.100000000000000089, 0.000000000000000000 ) ) ;
#1034 = EDGE_LOOP ( 'NONE', ( #2805, #371, #1959, #2453 ) ) ;
#1035 = DIRECTION ( 'NONE',  ( 0.000000000000000000, 0.000000000000000000, -1.000000000000000000 ) ) ;
#1036 = AXIS2_PLACEMENT_3D ( 'NONE', #875, #1143, #916 ) ;
#1037 = VECTOR ( 'NONE', #1443, 1000.000000000000000 ) ;
#1038 = FILL_AREA_STYLE ('',( #1937 ) ) ;
#1039 = EDGE_LOOP ( 'NONE', ( #2145, #1604, #2110, #2048 ) ) ;
#1040 = SURFACE_STYLE_USAGE ( .BOTH. , #2543 ) ;
#1041 = PLANE ( 'NONE',  #410 ) ;
#1042 = VECTOR ( 'NONE', #293, 1000.000000000000000 ) ;
#1043 = VERTEX_POINT ( 'NONE', #1099 ) ;
#1044 = LINE ( 'NONE', #208, #27 ) ;
#1045 = CARTESIAN_POINT ( 'NONE',  ( -1.500000000000000222, 1.100000000000000089, 2.000000000000000000 ) ) ;
#1046 = DIRECTION ( 'NONE',  ( 1.000000000000000000, 0.000000000000000000, -0.000000000000000000 ) ) ;
#1047 = ORIENTED_EDGE ( 'NONE', *, *, #2341, .F. ) ;
#1048 = PLANE ( 'NONE',  #26 ) ;
#1049 = ORIENTED_EDGE ( 'NONE', *, *, #2546, .T. ) ;
#1050 = DIRECTION ( 'NONE',  ( 1.000000000000000000, 0.000000000000000000, -0.000000000000000000 ) ) ;
#1051 = CARTESIAN_POINT ( 'NONE',  ( 0.6500000000000003553, 0.000000000000000000, -1.149999999999999467 ) ) ;
#1052 = PLANE ( 'NONE',  #1949 ) ;
#1053 = EDGE_LOOP ( 'NONE', ( #1506, #82, #427, #938 ) ) ;
#1054 = EDGE_CURVE ( 'NONE', #1598, #2125, #557, .T. ) ;
#1055 = EDGE_LOOP ( 'NONE', ( #2795, #1072, #401, #378 ) ) ;
#1056 = MANIFOLD_SOLID_BREP ( 'Boss-Extrude2[3]', #2015 ) ;
#1057 = EDGE_CURVE ( 'NONE', #2575, #2492, #1562, .T. ) ;
#1058 = VECTOR ( 'NONE', #969, 1000.000000000000000 ) ;
#1059 = DIRECTION ( 'NONE',  ( 1.000000000000000000, 0.000000000000000000, 1.807003620809173892E-16 ) ) ;
#1060 = VERTEX_POINT ( 'NONE', #1210 ) ;
#1061 = EDGE_LOOP ( 'NONE', ( #1447, #1888, #518, #1521 ) ) ;
#1062 = DIRECTION ( 'NONE',  ( 0.000000000000000000, -0.000000000000000000, -1.000000000000000000 ) ) ;
#1063 = LINE ( 'NONE', #2573, #1941 ) ;
#1064 = EDGE_CURVE ( 'NONE', #1577, #2350, #591, .T. ) ;
#1065 = EDGE_LOOP ( 'NONE', ( #2007, #488, #2445, #439, #399 ) ) ;
#1066 = EDGE_LOOP ( 'NONE', ( #2818, #1217, #278, #1693 ) ) ;
#1067 = CARTESIAN_POINT ( 'NONE',  ( 0.000000000000000000, -0.000000000000000000, -1.149999999999999911 ) ) ;
#1068 = CARTESIAN_POINT ( 'NONE',  ( -0.1999999999999999833, 0.1000000000000000056, 1.149999999999999911 ) ) ;
#1069 = DIRECTION ( 'NONE',  ( 0.000000000000000000, 0.000000000000000000, 1.000000000000000000 ) ) ;
#1070 = ORIENTED_EDGE ( 'NONE', *, *, #1752, .T. ) ;
#1071 = DIRECTION ( 'NONE',  ( -1.000000000000000000, 0.000000000000000000, -1.734723475976807094E-16 ) ) ;
#1072 = ORIENTED_EDGE ( 'NONE', *, *, #235, .T. ) ;
#1073 = CIRCLE ( 'NONE', #1341, 0.4000000000000000777 ) ;
#1074 = DIRECTION ( 'NONE',  ( -0.000000000000000000, 0.000000000000000000, -1.000000000000000000 ) ) ;
#1075 = PRESENTATION_LAYER_ASSIGNMENT (  '', '', ( #2407 ) ) ;
#1076 = PLANE ( 'NONE',  #2699 ) ;
#1077 = EDGE_LOOP ( 'NONE', ( #1885, #1284, #2087, #162 ) ) ;
#1078 = CARTESIAN_POINT ( 'NONE',  ( 0.000000000000000000, 1.100000000000000089, 0.7800000000000000266 ) ) ;
#1079 = EDGE_LOOP ( 'NONE', ( #1940, #2364, #902, #1394, #1991 ) ) ;
#1080 = EDGE_LOOP ( 'NONE', ( #1461, #2741, #868, #911 ) ) ;
#1081 = VERTEX_POINT ( 'NONE', #1183 ) ;
#1082 = DIRECTION ( 'NONE',  ( 0.000000000000000000, 0.000000000000000000, -1.000000000000000000 ) ) ;
#1083 = COLOUR_RGB ( '',0.7921568627450980005, 0.8196078431372548767, 0.9333333333333333481 ) ;
#1084 = CARTESIAN_POINT ( 'NONE',  ( -0.1999999999999999833, 0.1000000000000000056, -0.1999999999999998168 ) ) ;
#1085 = EDGE_LOOP ( 'NONE', ( #2656, #270, #1194, #791 ) ) ;
#1086 = ADVANCED_FACE ( 'NONE', ( #2555 ), #687, .F. ) ;
#1087 = EDGE_LOOP ( 'NONE', ( #1867, #2512, #1388, #2466 ) ) ;
#1088 = DIRECTION ( 'NONE',  ( 0.000000000000000000, 0.000000000000000000, -1.000000000000000000 ) ) ;
#1089 = LINE ( 'NONE', #788, #2162 ) ;
#1090 = PLANE ( 'NONE',  #958 ) ;
#1091 = DIRECTION ( 'NONE',  ( 0.000000000000000000, 0.000000000000000000, 1.000000000000000000 ) ) ;
#1092 = ORIENTED_EDGE ( 'NONE', *, *, #2658, .T. ) ;
#1093 = VERTEX_POINT ( 'NONE', #483 ) ;
#1094 = CARTESIAN_POINT ( 'NONE',  ( 0.1999999999999999833, 0.000000000000000000, 0.1999999999999999001 ) ) ;
#1095 = LINE ( 'NONE', #403, #2074 ) ;
#1096 = CARTESIAN_POINT ( 'NONE',  ( -1.500000000000000222, 0.1000000000000002554, -1.500000000000000222 ) ) ;
#1097 = PRODUCT_CONTEXT ( 'NONE', #1739, 'mechanical' ) ;
#1098 = VERTEX_POINT ( 'NONE', #903 ) ;
#1099 = CARTESIAN_POINT ( 'NONE',  ( 1.399999999999999467, 0.1000000000000000056, -1.899999999999999689 ) ) ;
#1100 = EDGE_CURVE ( 'NONE', #187, #2622, #656, .T. ) ;
#1101 = ORIENTED_EDGE ( 'NONE', *, *, #1208, .F. ) ;
#1102 = PLANE ( 'NONE',  #375 ) ;
#1103 = VECTOR ( 'NONE', #2381, 1000.000000000000000 ) ;
#1104 = CARTESIAN_POINT ( 'NONE',  ( 1.500000000000000222, 0.000000000000000000, 2.000000000000000000 ) ) ;
#1105 = LINE ( 'NONE', #1067, #1113 ) ;
#1106 = EDGE_CURVE ( 'NONE', #714, #250, #1580, .T. ) ;
#1107 = ORIENTED_EDGE ( 'NONE', *, *, #2460, .F. ) ;
#1108 = ORIENTED_EDGE ( 'NONE', *, *, #1886, .F. ) ;
#1109 = ADVANCED_FACE ( 'NONE', ( #2524, #2529 ), #1102, .T. ) ;
#1110 = EDGE_CURVE ( 'NONE', #2786, #2280, #1560, .T. ) ;
#1111 = CARTESIAN_POINT ( 'NONE',  ( 0.6500000000000000222, 4.820169488482378917, 0.000000000000000000 ) ) ;
#1112 = LINE ( 'NONE', #808, #2113 ) ;
#1113 = VECTOR ( 'NONE', #1513, 1000.000000000000000 ) ;
#1114 = VERTEX_POINT ( 'NONE', #2277 ) ;
#1115 = EDGE_LOOP ( 'NONE', ( #2120, #2020, #2638, #102 ) ) ;
#1116 = DIRECTION ( 'NONE',  ( 0.000000000000000000, -1.000000000000000000, 0.000000000000000000 ) ) ;
#1117 = DIRECTION ( 'NONE',  ( 0.000000000000000000, -1.000000000000000000, 0.000000000000000000 ) ) ;
#1118 = DIRECTION ( 'NONE',  ( 1.807003620809173892E-16, 0.000000000000000000, 1.000000000000000000 ) ) ;
#1119 = VECTOR ( 'NONE', #432, 1000.000000000000000 ) ;
#1120 = VERTEX_POINT ( 'NONE', #1795 ) ;
#1121 = DIRECTION ( 'NONE',  ( 1.000000000000000000, 0.000000000000000000, 0.000000000000000000 ) ) ;
#1122 = ADVANCED_FACE ( 'NONE', ( #1624 ), #881, .T. ) ;
#1123 = DIRECTION ( 'NONE',  ( 0.000000000000000000, 0.000000000000000000, 1.000000000000000000 ) ) ;
#1124 = ORIENTED_EDGE ( 'NONE', *, *, #765, .T. ) ;
#1125 = AXIS2_PLACEMENT_3D ( 'NONE', #1499, #1950, #1322 ) ;
#1126 = VECTOR ( 'NONE', #62, 1000.000000000000000 ) ;
#1127 = DIRECTION ( 'NONE',  ( 1.951563910473907035E-14, 0.000000000000000000, -1.000000000000000000 ) ) ;
#1128 = SURFACE_SIDE_STYLE ('',( #1259 ) ) ;
#1129 = VERTEX_POINT ( 'NONE', #283 ) ;
#1130 = VERTEX_POINT ( 'NONE', #1987 ) ;
#1131 = CARTESIAN_POINT ( 'NONE',  ( 0.000000000000000000, 0.9000000000000000222, 0.7800000000000000266 ) ) ;
#1132 = VECTOR ( 'NONE', #2213, 1000.000000000000000 ) ;
#1133 = CARTESIAN_POINT ( 'NONE',  ( 1.530808498934191509E-17, 1.000000000000000000, 0.9050000000000000266 ) ) ;
#1134 = FACE_OUTER_BOUND ( 'NONE', #1663, .T. ) ;
#1135 = VERTEX_POINT ( 'NONE', #2292 ) ;
#1136 = ORIENTED_EDGE ( 'NONE', *, *, #1057, .F. ) ;
#1137 = LINE ( 'NONE', #2128, #165 ) ;
#1138 = VECTOR ( 'NONE', #330, 1000.000000000000000 ) ;
#1139 = VERTEX_POINT ( 'NONE', #1962 ) ;
#1140 = ORIENTED_EDGE ( 'NONE', *, *, #74, .T. ) ;
#1141 = LINE ( 'NONE', #2776, #1132 ) ;
#1142 = DIRECTION ( 'NONE',  ( 0.000000000000000000, -1.000000000000000000, 0.000000000000000000 ) ) ;
#1143 = DIRECTION ( 'NONE',  ( -1.807003620809173892E-16, 0.000000000000000000, 1.000000000000000000 ) ) ;
#1144 = FACE_OUTER_BOUND ( 'NONE', #883, .T. ) ;
#1145 = VERTEX_POINT ( 'NONE', #2009 ) ;
#1146 = ORIENTED_EDGE ( 'NONE', *, *, #1481, .T. ) ;
#1147 = AXIS2_PLACEMENT_3D ( 'NONE', #1963, #265, #622 ) ;
#1148 = CARTESIAN_POINT ( 'NONE',  ( -1.500000000000000222, 1.100000000000000089, 2.000000000000000000 ) ) ;
#1149 = VECTOR ( 'NONE', #2174, 1000.000000000000000 ) ;
#1150 = EDGE_CURVE ( 'NONE', #2227, #2154, #2567, .T. ) ;
#1151 = VECTOR ( 'NONE', #1321, 1000.000000000000000 ) ;
#1152 = CARTESIAN_POINT ( 'NONE',  ( 0.000000000000000000, 4.820169488482378917, 1.149999999999999911 ) ) ;
#1153 = VERTEX_POINT ( 'NONE', #2636 ) ;
#1154 = ADVANCED_FACE ( 'NONE', ( #603 ), #2505, .F. ) ;
#1155 = VERTEX_POINT ( 'NONE', #7 ) ;
#1156 = VECTOR ( 'NONE', #1413, 1000.000000000000000 ) ;
#1157 = DIRECTION ( 'NONE',  ( -0.000000000000000000, 1.000000000000000000, -0.000000000000000000 ) ) ;
#1158 = EDGE_CURVE ( 'NONE', #209, #1925, #1614, .T. ) ;
#1159 = DIRECTION ( 'NONE',  ( 1.000000000000000000, 0.000000000000000000, 0.000000000000000000 ) ) ;
#1160 = LINE ( 'NONE', #819, #238 ) ;
#1161 = DIRECTION ( 'NONE',  ( 0.000000000000000000, -1.000000000000000000, 0.000000000000000000 ) ) ;
#1162 = LINE ( 'NONE', #901, #2108 ) ;
#1163 = EDGE_CURVE ( 'NONE', #113, #181, #652, .T. ) ;
#1164 = VERTEX_POINT ( 'NONE', #2287 ) ;
#1165 = ORIENTED_EDGE ( 'NONE', *, *, #2619, .T. ) ;
#1166 = LINE ( 'NONE', #141, #2100 ) ;
#1167 = VECTOR ( 'NONE', #477, 1000.000000000000000 ) ;
#1168 = EDGE_LOOP ( 'NONE', ( #1107, #880, #574, #523 ) ) ;
#1169 = EDGE_LOOP ( 'NONE', ( #2855, #194, #156, #396 ) ) ;
#1170 = CIRCLE ( 'NONE', #1955, 0.4000000000000001887 ) ;
#1171 = DIRECTION ( 'NONE',  ( 0.000000000000000000, 0.000000000000000000, -1.000000000000000000 ) ) ;
#1172 = CARTESIAN_POINT ( 'NONE',  ( -0.6500000000000000222, 4.820169488482378917, 1.149999999999999911 ) ) ;
#1173 = LINE ( 'NONE', #1414, #1138 ) ;
#1174 = ORIENTED_EDGE ( 'NONE', *, *, #866, .T. ) ;
#1175 = AXIS2_PLACEMENT_3D ( 'NONE', #1415, #70, #2719 ) ;
#1176 = VERTEX_POINT ( 'NONE', #1534 ) ;
#1177 = VECTOR ( 'NONE', #2313, 1000.000000000000000 ) ;
#1178 = LINE ( 'NONE', #1566, #227 ) ;
#1179 = DIRECTION ( 'NONE',  ( -0.000000000000000000, -1.000000000000000000, -0.000000000000000000 ) ) ;
#1180 = VERTEX_POINT ( 'NONE', #877 ) ;
#1181 = SURFACE_SIDE_STYLE ('',( #1550 ) ) ;
#1182 = EDGE_LOOP ( 'NONE', ( #1512, #2519, #66, #382, #2050, #205, #108, #1108 ) ) ;
#1183 = CARTESIAN_POINT ( 'NONE',  ( 0.6499999999999974687, 0.000000000000000000, 1.550000000000000488 ) ) ;
#1184 = DIRECTION ( 'NONE',  ( 0.000000000000000000, -1.000000000000000000, 0.000000000000000000 ) ) ;
#1185 = DIRECTION ( 'NONE',  ( 0.000000000000000000, 0.000000000000000000, -1.000000000000000000 ) ) ;
#1186 = CIRCLE ( 'NONE', #1442, 0.3499999999999999223 ) ;
#1187 = ORIENTED_EDGE ( 'NONE', *, *, #2096, .T. ) ;
#1188 = ADVANCED_FACE ( 'NONE', ( #2582 ), #1202, .F. ) ;
#1189 = ORIENTED_EDGE ( 'NONE', *, *, #103, .F. ) ;
#1190 = LINE ( 'NONE', #2409, #142 ) ;
#1191 = AXIS2_PLACEMENT_3D ( 'NONE', #728, #151, #1851 ) ;
#1192 = LINE ( 'NONE', #2863, #2163 ) ;
#1193 = VERTEX_POINT ( 'NONE', #1094 ) ;
#1194 = ORIENTED_EDGE ( 'NONE', *, *, #1892, .F. ) ;
#1195 = CARTESIAN_POINT ( 'NONE',  ( -1.400000000000000355, 0.000000000000000000, 1.899999999999999467 ) ) ;
#1196 = CARTESIAN_POINT ( 'NONE',  ( 0.6499999999999976907, 4.820169488482378917, -1.549999999999999822 ) ) ;
#1197 = DIRECTION ( 'NONE',  ( -1.000000000000000000, 0.000000000000000000, -1.204669080539449344E-16 ) ) ;
#1198 = EDGE_CURVE ( 'NONE', #714, #1405, #625, .T. ) ;
#1199 = EDGE_LOOP ( 'NONE', ( #920, #2218, #837, #843 ) ) ;
#1200 = ORIENTED_EDGE ( 'NONE', *, *, #1549, .F. ) ;
#1201 = EDGE_CURVE ( 'NONE', #748, #744, #636, .T. ) ;
#1202 = PLANE ( 'NONE',  #1423 ) ;
#1203 = DIRECTION ( 'NONE',  ( -2.853163611803958777E-17, 0.000000000000000000, 1.000000000000000000 ) ) ;
#1204 = VECTOR ( 'NONE', #1568, 1000.000000000000000 ) ;
#1205 = CARTESIAN_POINT ( 'NONE',  ( -2.409338161078896346E-17, -0.000000000000000000, -0.1999999999999997891 ) ) ;
#1206 = DIRECTION ( 'NONE',  ( 0.000000000000000000, 0.000000000000000000, 1.000000000000000000 ) ) ;
#1207 = VERTEX_POINT ( 'NONE', #1343 ) ;
#1208 = EDGE_CURVE ( 'NONE', #1004, #163, #606, .T. ) ;
#1209 = VERTEX_POINT ( 'NONE', #1148 ) ;
#1210 = CARTESIAN_POINT ( 'NONE',  ( 1.500000000000000222, 0.2399999999999999911, -2.000000000000000000 ) ) ;
#1211 = EDGE_CURVE ( 'NONE', #2061, #1135, #609, .T. ) ;
#1212 = DIRECTION ( 'NONE',  ( 0.000000000000000000, -1.000000000000000000, 0.000000000000000000 ) ) ;
#1213 = VERTEX_POINT ( 'NONE', #2438 ) ;
#1214 = COLOUR_RGB ( '',1.000000000000000000, 0.8117647058823529438, 0.5019607843137254832 ) ;
#1215 = ADVANCED_FACE ( 'NONE', ( #614 ), #2, .T. ) ;
#1216 = ADVANCED_FACE ( 'NONE', ( #643 ), #1829, .F. ) ;
#1217 = ORIENTED_EDGE ( 'NONE', *, *, #1755, .F. ) ;
#1218 = DIRECTION ( 'NONE',  ( -1.807003620809173892E-16, 0.000000000000000000, 1.000000000000000000 ) ) ;
#1219 = MANIFOLD_SOLID_BREP ( 'Cut-Extrude3', #2253 ) ;
#1220 = ADVANCED_FACE ( 'NONE', ( #2132 ), #447, .F. ) ;
#1221 = CARTESIAN_POINT ( 'NONE',  ( 0.6500000000000003553, 0.000000000000000000, 1.150000000000000133 ) ) ;
#1222 = CARTESIAN_POINT ( 'NONE',  ( 2.409338161078896346E-17, -0.000000000000000000, -0.1999999999999997891 ) ) ;
#1223 = LINE ( 'NONE', #879, #1167 ) ;
#1224 = ORIENTED_EDGE ( 'NONE', *, *, #899, .T. ) ;
#1225 = DIRECTION ( 'NONE',  ( -1.000000000000000000, 0.000000000000000000, -0.000000000000000000 ) ) ;
#1226 = VECTOR ( 'NONE', #2288, 1000.000000000000000 ) ;
#1227 = CARTESIAN_POINT ( 'NONE',  ( 0.000000000000000000, 1.989949493661166580, 0.7800000000000000266 ) ) ;
#1228 = EDGE_LOOP ( 'NONE', ( #1699, #936, #2170, #329 ) ) ;
#1229 = CARTESIAN_POINT ( 'NONE',  ( 0.1999999999999999833, 4.820169488482378917, -1.149999999999999911 ) ) ;
#1230 = LINE ( 'NONE', #1104, #2249 ) ;
#1231 = ORIENTED_EDGE ( 'NONE', *, *, #1460, .T. ) ;
#1232 = VECTOR ( 'NONE', #2824, 1000.000000000000000 ) ;
#1233 = VERTEX_POINT ( 'NONE', #2016 ) ;
#1234 = EDGE_CURVE ( 'NONE', #2095, #888, #268, .T. ) ;
#1235 = DIRECTION ( 'NONE',  ( 0.000000000000000000, -1.000000000000000000, 0.000000000000000000 ) ) ;
#1236 = PLANE ( 'NONE',  #1439 ) ;
#1237 = VECTOR ( 'NONE', #885, 1000.000000000000000 ) ;
#1238 = EDGE_CURVE ( 'NONE', #692, #237, #1186, .T. ) ;
#1239 = ADVANCED_FACE ( 'NONE', ( #2151 ), #2621, .T. ) ;
#1240 = ORIENTED_EDGE ( 'NONE', *, *, #110, .F. ) ;
#1241 = VECTOR ( 'NONE', #2646, 1000.000000000000000 ) ;
#1242 = DIRECTION ( 'NONE',  ( -1.000000000000000000, 0.000000000000000000, -3.336006684570796906E-16 ) ) ;
#1243 = SURFACE_STYLE_USAGE ( .BOTH. , #554 ) ;
#1244 = VECTOR ( 'NONE', #840, 1000.000000000000000 ) ;
#1245 = CARTESIAN_POINT ( 'NONE',  ( -0.6500000000000000222, 0.1000000000000000056, 0.1999999999999999833 ) ) ;
#1246 = ORIENTED_EDGE ( 'NONE', *, *, #2558, .F. ) ;
#1247 = FACE_BOUND ( 'NONE', #1901, .T. ) ;
#1248 = AXIS2_PLACEMENT_3D ( 'NONE', #2003, #1123, #2246 ) ;
#1249 = ORIENTED_EDGE ( 'NONE', *, *, #2215, .T. ) ;
#1250 = CARTESIAN_POINT ( 'NONE',  ( 1.399999999999999467, -0.000000000000000000, -1.899999999999999689 ) ) ;
#1251 = CYLINDRICAL_SURFACE ( 'NONE', #1783, 0.4000000000000000777 ) ;
#1252 = EDGE_LOOP ( 'NONE', ( #1763, #2668, #948, #1319 ) ) ;
#1253 = VECTOR ( 'NONE', #251, 1000.000000000000000 ) ;
#1254 = PLANE ( 'NONE',  #1805 ) ;
#1255 = DIRECTION ( 'NONE',  ( -0.000000000000000000, -1.000000000000000000, -0.000000000000000000 ) ) ;
#1256 = DIRECTION ( 'NONE',  ( 4.818676322157797375E-16, 0.000000000000000000, -1.000000000000000000 ) ) ;
#1257 = CIRCLE ( 'NONE', #64, 0.4000000000000001887 ) ;
#1258 = ORIENTED_EDGE ( 'NONE', *, *, #2181, .T. ) ;
#1259 = SURFACE_STYLE_FILL_AREA ( #2687 ) ;
#1260 = LINE ( 'NONE', #2047, #1232 ) ;
#1261 = CARTESIAN_POINT ( 'NONE',  ( -0.6499999999999972466, 0.000000000000000000, 1.550000000000000044 ) ) ;
#1262 = VERTEX_POINT ( 'NONE', #1084 ) ;
#1263 = PRODUCT ( 'MP34DT05TR-A', 'MP34DT05TR-A', '', ( #1097 ) ) ;
#1264 = EDGE_CURVE ( 'NONE', #220, #1948, #2092, .T. ) ;
#1265 = ORIENTED_EDGE ( 'NONE', *, *, #271, .T. ) ;
#1266 = CARTESIAN_POINT ( 'NONE',  ( -0.6500000000000000222, 4.820169488482378917, 0.000000000000000000 ) ) ;
#1267 = DIRECTION ( 'NONE',  ( 1.000000000000000000, 0.000000000000000000, 0.000000000000000000 ) ) ;
#1268 = EDGE_CURVE ( 'NONE', #1611, #1098, #172, .T. ) ;
#1269 = ORIENTED_EDGE ( 'NONE', *, *, #1516, .T. ) ;
#1270 = CARTESIAN_POINT ( 'NONE',  ( -1.500000000000000222, 0.000000000000000000, 2.000000000000000000 ) ) ;
#1271 = EDGE_CURVE ( 'NONE', #93, #900, #1223, .T. ) ;
#1272 = EDGE_CURVE ( 'NONE', #1114, #2154, #1162, .T. ) ;
#1273 = DIRECTION ( 'NONE',  ( -0.7071067811865474617, 0.000000000000000000, 0.7071067811865474617 ) ) ;
#1274 = DIRECTION ( 'NONE',  ( 0.000000000000000000, -0.000000000000000000, -1.000000000000000000 ) ) ;
#1275 = ORIENTED_EDGE ( 'NONE', *, *, #1546, .F. ) ;
#1276 = PRODUCT_DEFINITION_CONTEXT ( 'detailed design', #1559, 'design' ) ;
#1277 = AXIS2_PLACEMENT_3D ( 'NONE', #2056, #2040, #516 ) ;
#1278 = LINE ( 'NONE', #425, #2258 ) ;
#1279 = DIRECTION ( 'NONE',  ( -0.000000000000000000, -1.000000000000000000, -0.000000000000000000 ) ) ;
#1280 = ORIENTED_EDGE ( 'NONE', *, *, #107, .F. ) ;
#1281 = AXIS2_PLACEMENT_3D ( 'NONE', #874, #1142, #2039 ) ;
#1282 = UNCERTAINTY_MEASURE_WITH_UNIT (LENGTH_MEASURE( 1.000000000000000082E-05 ), #315, 'distance_accuracy_value', 'NONE');
#1283 = LINE ( 'NONE', #2802, #2221 ) ;
#1284 = ORIENTED_EDGE ( 'NONE', *, *, #2429, .F. ) ;
#1285 = DIRECTION ( 'NONE',  ( -0.000000000000000000, 0.000000000000000000, 1.000000000000000000 ) ) ;
#1286 = PLANE ( 'NONE',  #2667 ) ;
#1287 = FACE_OUTER_BOUND ( 'NONE', #803, .T. ) ;
#1288 = ORIENTED_EDGE ( 'NONE', *, *, #2620, .F. ) ;
#1289 = SURFACE_SIDE_STYLE ('',( #2493 ) ) ;
#1290 = DIRECTION ( 'NONE',  ( 0.000000000000000000, 1.000000000000000000, 0.000000000000000000 ) ) ;
#1291 = CARTESIAN_POINT ( 'NONE',  ( -0.6499999999999972466, 4.820169488482378917, 1.550000000000000044 ) ) ;
#1292 = LINE ( 'NONE', #285, #350 ) ;
#1293 = ORIENTED_EDGE ( 'NONE', *, *, #1064, .F. ) ;
#1294 = AXIS2_PLACEMENT_3D ( 'NONE', #925, #2182, #2514 ) ;
#1295 = CARTESIAN_POINT ( 'NONE',  ( 1.050000000000000266, 0.1000000000000000056, 0.000000000000000000 ) ) ;
#1296 = CARTESIAN_POINT ( 'NONE',  ( -1.050000000000000044, -0.000000000000000000, 0.000000000000000000 ) ) ;
#1297 = LINE ( 'NONE', #1847, #2262 ) ;
#1298 =( LENGTH_UNIT ( ) NAMED_UNIT ( * ) SI_UNIT ( .MILLI., .METRE. ) );
#1299 = DIRECTION ( 'NONE',  ( -0.000000000000000000, -1.000000000000000000, -0.000000000000000000 ) ) ;
#1300 = VERTEX_POINT ( 'NONE', #2476 ) ;
#1301 = AXIS2_PLACEMENT_3D ( 'NONE', #1432, #2525, #1912 ) ;
#1302 = FACE_OUTER_BOUND ( 'NONE', #2840, .T. ) ;
#1303 = EDGE_CURVE ( 'NONE', #2327, #1300, #218, .T. ) ;
#1304 = ORIENTED_EDGE ( 'NONE', *, *, #1755, .T. ) ;
#1305 = DIRECTION ( 'NONE',  ( 0.000000000000000000, 1.000000000000000000, 0.000000000000000000 ) ) ;
#1306 = DIRECTION ( 'NONE',  ( -0.000000000000000000, -1.000000000000000000, -0.000000000000000000 ) ) ;
#1307 = EDGE_CURVE ( 'NONE', #1890, #664, #2187, .T. ) ;
#1308 = CARTESIAN_POINT ( 'NONE',  ( -5.170810361084735452E-16, 0.000000000000000000, 1.550000000000000266 ) ) ;
#1309 = EDGE_CURVE ( 'NONE', #1213, #1139, #2193, .T. ) ;
#1310 = ORIENTED_EDGE ( 'NONE', *, *, #2723, .T. ) ;
#1311 = ADVANCED_BREP_SHAPE_REPRESENTATION ( 'MP34DT05TR-A', ( #2126, #1318, #394, #1056, #2456, #288, #1219, #804, #2628 ), #2501 ) ;
#1312 = DIRECTION ( 'NONE',  ( 0.000000000000000000, 1.000000000000000000, 0.000000000000000000 ) ) ;
#1313 = PLANE ( 'NONE',  #2471 ) ;
#1314 = ORIENTED_EDGE ( 'NONE', *, *, #2465, .F. ) ;
#1315 = DIRECTION ( 'NONE',  ( 0.000000000000000000, -1.000000000000000000, 0.000000000000000000 ) ) ;
#1316 = FACE_BOUND ( 'NONE', #1837, .T. ) ;
#1317 = DIRECTION ( 'NONE',  ( 0.000000000000000000, -1.000000000000000000, 0.000000000000000000 ) ) ;
#1318 = MANIFOLD_SOLID_BREP ( 'Boss-Extrude2[1]', #132 ) ;
#1319 = ORIENTED_EDGE ( 'NONE', *, *, #392, .F. ) ;
#1320 = AXIS2_PLACEMENT_3D ( 'NONE', #1723, #422, #1738 ) ;
#1321 = DIRECTION ( 'NONE',  ( 0.000000000000000000, 0.000000000000000000, -1.000000000000000000 ) ) ;
#1322 = DIRECTION ( 'NONE',  ( -1.000000000000000000, 0.000000000000000000, 1.204669080539449344E-16 ) ) ;
#1323 = ORIENTED_EDGE ( 'NONE', *, *, #982, .F. ) ;
#1324 = DIRECTION ( 'NONE',  ( 0.000000000000000000, 0.000000000000000000, 1.000000000000000000 ) ) ;
#1325 = CARTESIAN_POINT ( 'NONE',  ( -1.400000000000000133, 0.1000000000000000056, -1.600000000000000311 ) ) ;
#1326 = UNCERTAINTY_MEASURE_WITH_UNIT (LENGTH_MEASURE( 1.000000000000000082E-05 ), #1883, 'distance_accuracy_value', 'NONE');
#1327 = EDGE_LOOP ( 'NONE', ( #856, #358 ) ) ;
#1328 = DIRECTION ( 'NONE',  ( 1.000000000000000000, 0.000000000000000000, 0.000000000000000000 ) ) ;
#1329 = CARTESIAN_POINT ( 'NONE',  ( 0.000000000000000000, 0.1000000000000000056, 0.000000000000000000 ) ) ;
#1330 = AXIS2_PLACEMENT_3D ( 'NONE', #1078, #657, #2232 ) ;
#1331 = ORIENTED_EDGE ( 'NONE', *, *, #304, .F. ) ;
#1332 = CARTESIAN_POINT ( 'NONE',  ( 0.6500000000000000222, 4.820169488482378917, 0.000000000000000000 ) ) ;
#1333 = EDGE_CURVE ( 'NONE', #109, #1498, #2102, .T. ) ;
#1334 = EDGE_LOOP ( 'NONE', ( #2759, #361, #1246, #530 ) ) ;
#1335 = EDGE_CURVE ( 'NONE', #888, #1633, #178, .T. ) ;
#1336 = CARTESIAN_POINT ( 'NONE',  ( 0.000000000000000000, 1.989949493661166580, 0.4299999999999999933 ) ) ;
#1337 = EDGE_CURVE ( 'NONE', #1996, #2097, #2076, .T. ) ;
#1338 = EDGE_LOOP ( 'NONE', ( #2702, #2298, #1849, #734 ) ) ;
#1339 = CARTESIAN_POINT ( 'NONE',  ( 0.000000000000000000, 1.989949493661166580, 0.7800000000000000266 ) ) ;
#1340 = PLANE ( 'NONE',  #520 ) ;
#1341 = AXIS2_PLACEMENT_3D ( 'NONE', #1643, #988, #2598 ) ;
#1342 = PLANE ( 'NONE',  #1884 ) ;
#1343 = CARTESIAN_POINT ( 'NONE',  ( -1.500000000000000222, 0.000000000000000000, -2.000000000000000000 ) ) ;
#1344 = ORIENTED_EDGE ( 'NONE', *, *, #74, .F. ) ;
#1345 = DIRECTION ( 'NONE',  ( -2.323290369611795497E-16, 0.000000000000000000, 1.000000000000000000 ) ) ;
#1346 = CARTESIAN_POINT ( 'NONE',  ( -0.6500000000000000222, 0.1000000000000000056, 0.000000000000000000 ) ) ;
#1347 = DIRECTION ( 'NONE',  ( 0.000000000000000000, 0.000000000000000000, -1.000000000000000000 ) ) ;
#1348 = DIRECTION ( 'NONE',  ( 0.000000000000000000, -1.000000000000000000, 0.000000000000000000 ) ) ;
#1349 = ORIENTED_EDGE ( 'NONE', *, *, #1979, .F. ) ;
#1350 = SURFACE_STYLE_USAGE ( .BOTH. , #2031 ) ;
#1351 = PLANE ( 'NONE',  #1011 ) ;
#1352 = ORIENTED_EDGE ( 'NONE', *, *, #2260, .T. ) ;
#1353 = CARTESIAN_POINT ( 'NONE',  ( -1.500000000000000222, 1.100000000000000089, 2.000000000000000000 ) ) ;
#1354 = LINE ( 'NONE', #1543, #1237 ) ;
#1355 = ORIENTED_EDGE ( 'NONE', *, *, #2465, .T. ) ;
#1356 = DIRECTION ( 'NONE',  ( 0.000000000000000000, 0.000000000000000000, -1.000000000000000000 ) ) ;
#1357 = CARTESIAN_POINT ( 'NONE',  ( 0.000000000000000000, 1.989949493661166580, 0.7800000000000000266 ) ) ;
#1358 = DIRECTION ( 'NONE',  ( 1.000000000000000000, 0.000000000000000000, 0.000000000000000000 ) ) ;
#1359 = VECTOR ( 'NONE', #820, 1000.000000000000000 ) ;
#1360 = PLANE ( 'NONE',  #86 ) ;
#1361 = EDGE_LOOP ( 'NONE', ( #1860, #1946, #980, #2245 ) ) ;
#1362 = AXIS2_PLACEMENT_3D ( 'NONE', #2444, #1161, #54 ) ;
#1363 = PLANE ( 'NONE',  #312 ) ;
#1364 = FACE_OUTER_BOUND ( 'NONE', #1748, .T. ) ;
#1365 = ORIENTED_EDGE ( 'NONE', *, *, #1549, .T. ) ;
#1366 = CARTESIAN_POINT ( 'NONE',  ( -0.6500000000000000222, 0.000000000000000000, -1.149999999999999911 ) ) ;
#1367 = ADVANCED_FACE ( 'NONE', ( #1134 ), #814, .T. ) ;
#1368 = EDGE_CURVE ( 'NONE', #2134, #2735, #1105, .T. ) ;
#1369 = FACE_OUTER_BOUND ( 'NONE', #169, .T. ) ;
#1370 = ORIENTED_EDGE ( 'NONE', *, *, #276, .F. ) ;
#1371 = CIRCLE ( 'NONE', #1777, 0.1250000000000000000 ) ;
#1372 = ORIENTED_EDGE ( 'NONE', *, *, #1892, .T. ) ;
#1373 = CARTESIAN_POINT ( 'NONE',  ( 0.6500000000000000222, 0.1000000000000002554, -0.1999999999999998723 ) ) ;
#1374 = DIRECTION ( 'NONE',  ( -0.000000000000000000, 0.000000000000000000, -1.000000000000000000 ) ) ;
#1375 = VECTOR ( 'NONE', #545, 1000.000000000000000 ) ;
#1376 = ORIENTED_EDGE ( 'NONE', *, *, #2773, .F. ) ;
#1377 = AXIS2_PLACEMENT_3D ( 'NONE', #2609, #376, #2418 ) ;
#1378 = CARTESIAN_POINT ( 'NONE',  ( 5.541477770481466340E-16, 0.000000000000000000, -1.149999999999999911 ) ) ;
#1379 = DIRECTION ( 'NONE',  ( 1.000000000000000000, 0.000000000000000000, -0.000000000000000000 ) ) ;
#1380 = VECTOR ( 'NONE', #2211, 1000.000000000000000 ) ;
#1381 = CARTESIAN_POINT ( 'NONE',  ( 3.295974604355933479E-16, 0.1000000000000002554, -1.899999999999999911 ) ) ;
#1382 = ORIENTED_EDGE ( 'NONE', *, *, #2624, .T. ) ;
#1383 = CARTESIAN_POINT ( 'NONE',  ( 0.6500000000000000222, 0.1000000000000000056, 0.1999999999999999833 ) ) ;
#1384 = FACE_OUTER_BOUND ( 'NONE', #2117, .T. ) ;
#1385 = ORIENTED_EDGE ( 'NONE', *, *, #1788, .F. ) ;
#1386 = ADVANCED_FACE ( 'NONE', ( #167 ), #89, .T. ) ;
#1387 = FACE_OUTER_BOUND ( 'NONE', #1869, .T. ) ;
#1388 = ORIENTED_EDGE ( 'NONE', *, *, #2467, .F. ) ;
#1389 = CARTESIAN_POINT ( 'NONE',  ( 0.1999999999999999556, 4.820169488482378917, -0.1999999999999998168 ) ) ;
#1390 = DIRECTION ( 'NONE',  ( 1.000000000000000000, 0.000000000000000000, -0.000000000000000000 ) ) ;
#1391 = DIRECTION ( 'NONE',  ( 4.818676322157797375E-16, 0.000000000000000000, -1.000000000000000000 ) ) ;
#1392 = STYLED_ITEM ( 'NONE', ( #613 ), #288 ) ;
#1393 = VECTOR ( 'NONE', #461, 1000.000000000000000 ) ;
#1394 = ORIENTED_EDGE ( 'NONE', *, *, #357, .T. ) ;
#1395 = PLANE ( 'NONE',  #1175 ) ;
#1396 = DIRECTION ( 'NONE',  ( -1.000000000000000000, 0.000000000000000000, 0.000000000000000000 ) ) ;
#1397 = FACE_OUTER_BOUND ( 'NONE', #1199, .T. ) ;
#1398 = ORIENTED_EDGE ( 'NONE', *, *, #2720, .F. ) ;
#1399 = DIRECTION ( 'NONE',  ( 2.853163611803958777E-17, 0.000000000000000000, -1.000000000000000000 ) ) ;
#1400 = EDGE_CURVE ( 'NONE', #621, #35, #2124, .T. ) ;
#1401 = EDGE_CURVE ( 'NONE', #640, #1405, #1173, .T. ) ;
#1402 = LINE ( 'NONE', #2075, #405 ) ;
#1403 = VERTEX_POINT ( 'NONE', #1804 ) ;
#1404 = CARTESIAN_POINT ( 'NONE',  ( 0.6499999999999974687, 0.1000000000000000056, 1.550000000000000488 ) ) ;
#1405 = VERTEX_POINT ( 'NONE', #2062 ) ;
#1406 = CARTESIAN_POINT ( 'NONE',  ( 0.000000000000000000, 0.9000000000000000222, 0.6550000000000000266 ) ) ;
#1407 = CARTESIAN_POINT ( 'NONE',  ( 0.000000000000000000, 0.000000000000000000, 0.000000000000000000 ) ) ;
#1408 =( GEOMETRIC_REPRESENTATION_CONTEXT ( 3 ) GLOBAL_UNCERTAINTY_ASSIGNED_CONTEXT ( ( #2375 ) ) GLOBAL_UNIT_ASSIGNED_CONTEXT ( ( #2663, #2807, #2853 ) ) REPRESENTATION_CONTEXT ( 'NONE', 'WORKASPACE' ) );
#1409 = ADVANCED_FACE ( 'NONE', ( #1144 ), #1827, .F. ) ;
#1410 = ADVANCED_FACE ( 'NONE', ( #2114, #193 ), #2270, .T. ) ;
#1411 = CIRCLE ( 'NONE', #356, 0.3499999999999999223 ) ;
#1412 = ORIENTED_EDGE ( 'NONE', *, *, #110, .T. ) ;
#1413 = DIRECTION ( 'NONE',  ( -1.000000000000000000, -0.000000000000000000, -0.000000000000000000 ) ) ;
#1414 = CARTESIAN_POINT ( 'NONE',  ( 0.1999999999999999833, 0.1000000000000000056, 0.000000000000000000 ) ) ;
#1415 = CARTESIAN_POINT ( 'NONE',  ( 5.170810361084734466E-16, 0.1000000000000000056, -1.550000000000000044 ) ) ;
#1416 = CARTESIAN_POINT ( 'NONE',  ( -0.1999999999999999833, 0.1000000000000002554, -0.1999999999999998168 ) ) ;
#1417 = DIRECTION ( 'NONE',  ( 1.000000000000000000, 0.000000000000000000, -1.807003620809173892E-16 ) ) ;
#1418 = LINE ( 'NONE', #2739, #2363 ) ;
#1419 = ORIENTED_EDGE ( 'NONE', *, *, #1433, .T. ) ;
#1420 = DIRECTION ( 'NONE',  ( 0.000000000000000000, 0.000000000000000000, 1.000000000000000000 ) ) ;
#1421 = VECTOR ( 'NONE', #1880, 1000.000000000000000 ) ;
#1422 = ORIENTED_EDGE ( 'NONE', *, *, #942, .F. ) ;
#1423 = AXIS2_PLACEMENT_3D ( 'NONE', #1734, #672, #1772 ) ;
#1424 = LINE ( 'NONE', #512, #467 ) ;
#1425 = DIRECTION ( 'NONE',  ( 1.000000000000000000, 0.000000000000000000, 2.853163611803958777E-17 ) ) ;
#1426 = DIRECTION ( 'NONE',  ( 0.000000000000000000, 0.000000000000000000, -1.000000000000000000 ) ) ;
#1427 = CARTESIAN_POINT ( 'NONE',  ( 0.6500000000000000222, 0.1000000000000000056, 0.1999999999999999833 ) ) ;
#1428 = PRESENTATION_LAYER_ASSIGNMENT (  '', '', ( #1392 ) ) ;
#1429 = EDGE_CURVE ( 'NONE', #1925, #346, #2119, .T. ) ;
#1430 = FACE_OUTER_BOUND ( 'NONE', #1053, .T. ) ;
#1431 = DIRECTION ( 'NONE',  ( -0.000000000000000000, 0.000000000000000000, 1.000000000000000000 ) ) ;
#1432 = CARTESIAN_POINT ( 'NONE',  ( 1.050000000000000266, 4.820169488482378917, 0.000000000000000000 ) ) ;
#1433 = EDGE_CURVE ( 'NONE', #2735, #137, #213, .T. ) ;
#1434 = ADVANCED_FACE ( 'NONE', ( #245 ), #1360, .T. ) ;
#1435 = FACE_OUTER_BOUND ( 'NONE', #5, .T. ) ;
#1436 = DIRECTION ( 'NONE',  ( 0.000000000000000000, 1.000000000000000000, 0.000000000000000000 ) ) ;
#1437 = EDGE_CURVE ( 'NONE', #1009, #1193, #1178, .T. ) ;
#1438 = LINE ( 'NONE', #1270, #2390 ) ;
#1439 = AXIS2_PLACEMENT_3D ( 'NONE', #2682, #2019, #493 ) ;
#1440 = VECTOR ( 'NONE', #2101, 1000.000000000000000 ) ;
#1441 = CARTESIAN_POINT ( 'NONE',  ( 0.000000000000000000, 0.9000000000000000222, 0.7800000000000000266 ) ) ;
#1442 = AXIS2_PLACEMENT_3D ( 'NONE', #1511, #1728, #1969 ) ;
#1443 = DIRECTION ( 'NONE',  ( -1.000000000000000000, 0.000000000000000000, -2.323290369611795497E-16 ) ) ;
#1444 = VECTOR ( 'NONE', #524, 1000.000000000000000 ) ;
#1445 = CARTESIAN_POINT ( 'NONE',  ( -1.500000000000000222, 4.820169488482378917, -1.500000000000000222 ) ) ;
#1446 = LINE ( 'NONE', #2426, #2339 ) ;
#1447 = ORIENTED_EDGE ( 'NONE', *, *, #699, .T. ) ;
#1448 = ADVANCED_FACE ( 'NONE', ( #234 ), #853, .F. ) ;
#1449 = AXIS2_PLACEMENT_3D ( 'NONE', #592, #2138, #2527 ) ;
#1450 = LINE ( 'NONE', #1690, #489 ) ;
#1451 = PLANE ( 'NONE',  #2310 ) ;
#1452 = ORIENTED_EDGE ( 'NONE', *, *, #2103, .T. ) ;
#1453 = DIRECTION ( 'NONE',  ( 1.000000000000000000, 0.000000000000000000, -0.000000000000000000 ) ) ;
#1454 = CARTESIAN_POINT ( 'NONE',  ( 3.614007241618345443E-17, 0.000000000000000000, 0.1999999999999998723 ) ) ;
#1455 = DIRECTION ( 'NONE',  ( 1.000000000000000000, 0.000000000000000000, 0.000000000000000000 ) ) ;
#1456 = EDGE_CURVE ( 'NONE', #130, #1650, #1192, .T. ) ;
#1457 = ORIENTED_EDGE ( 'NONE', *, *, #1110, .F. ) ;
#1458 = FACE_OUTER_BOUND ( 'NONE', #2160, .T. ) ;
#1459 = CARTESIAN_POINT ( 'NONE',  ( 1.399999999999999467, 0.1000000000000002554, -1.899999999999999689 ) ) ;
#1460 = EDGE_CURVE ( 'NONE', #2280, #2135, #2172, .T. ) ;
#1461 = ORIENTED_EDGE ( 'NONE', *, *, #2183, .F. ) ;
#1462 = CARTESIAN_POINT ( 'NONE',  ( 1.500000000000000222, 1.100000000000000089, -2.000000000000000000 ) ) ;
#1463 = DIRECTION ( 'NONE',  ( 0.000000000000000000, -0.000000000000000000, 1.000000000000000000 ) ) ;
#1464 = PRESENTATION_STYLE_ASSIGNMENT (( #1487 ) ) ;
#1465 = ORIENTED_EDGE ( 'NONE', *, *, #1719, .T. ) ;
#1466 = AXIS2_PLACEMENT_3D ( 'NONE', #2521, #1312, #2361 ) ;
#1467 = LINE ( 'NONE', #1967, #2432 ) ;
#1468 = DIRECTION ( 'NONE',  ( 0.000000000000000000, 0.000000000000000000, 1.000000000000000000 ) ) ;
#1469 = CARTESIAN_POINT ( 'NONE',  ( 3.295974604355933479E-16, -0.000000000000000000, -1.899999999999999911 ) ) ;
#1470 = ORIENTED_EDGE ( 'NONE', *, *, #2315, .T. ) ;
#1471 = ADVANCED_FACE ( 'NONE', ( #257 ), #1608, .F. ) ;
#1472 = DIRECTION ( 'NONE',  ( 0.000000000000000000, 0.000000000000000000, -1.000000000000000000 ) ) ;
#1473 = DIRECTION ( 'NONE',  ( -0.000000000000000000, -1.000000000000000000, -0.000000000000000000 ) ) ;
#1474 = ORIENTED_EDGE ( 'NONE', *, *, #2499, .T. ) ;
#1475 = CARTESIAN_POINT ( 'NONE',  ( 0.000000000000000000, 1.000000000000000000, 0.7800000000000000266 ) ) ;
#1476 = ORIENTED_EDGE ( 'NONE', *, *, #2338, .F. ) ;
#1477 = CARTESIAN_POINT ( 'NONE',  ( 0.000000000000000000, 0.1000000000000000056, 1.149999999999999911 ) ) ;
#1478 = DIRECTION ( 'NONE',  ( 0.000000000000000000, 0.000000000000000000, -1.000000000000000000 ) ) ;
#1479 = EDGE_CURVE ( 'NONE', #1129, #1493, #1170, .T. ) ;
#1480 = ORIENTED_EDGE ( 'NONE', *, *, #2399, .F. ) ;
#1481 = EDGE_CURVE ( 'NONE', #2634, #220, #2185, .T. ) ;
#1482 = LINE ( 'NONE', #2640, #521 ) ;
#1483 = DIRECTION ( 'NONE',  ( -1.000000000000000000, 0.000000000000000000, -3.336006684570796906E-16 ) ) ;
#1484 = ORIENTED_EDGE ( 'NONE', *, *, #1894, .T. ) ;
#1485 = EDGE_CURVE ( 'NONE', #1129, #1130, #264, .T. ) ;
#1486 = VECTOR ( 'NONE', #644, 1000.000000000000000 ) ;
#1487 = SURFACE_STYLE_USAGE ( .BOTH. , #1289 ) ;
#1488 = EDGE_CURVE ( 'NONE', #414, #640, #296, .T. ) ;
#1489 = DIRECTION ( 'NONE',  ( -0.000000000000000000, 1.000000000000000000, -0.000000000000000000 ) ) ;
#1490 = CARTESIAN_POINT ( 'NONE',  ( -1.400000000000000355, 0.1000000000000002554, 0.000000000000000000 ) ) ;
#1491 = VERTEX_POINT ( 'NONE', #695 ) ;
#1492 = CARTESIAN_POINT ( 'NONE',  ( 0.1999999999999999556, 0.000000000000000000, 5.706327223607916168E-18 ) ) ;
#1493 = VERTEX_POINT ( 'NONE', #325 ) ;
#1494 =( NAMED_UNIT ( * ) PLANE_ANGLE_UNIT ( ) SI_UNIT ( $, .RADIAN. ) );
#1495 = CARTESIAN_POINT ( 'NONE',  ( -1.050000000000000044, 0.1000000000000000056, 1.149999999999997247 ) ) ;
#1496 = VECTOR ( 'NONE', #834, 1000.000000000000000 ) ;
#1497 = AXIS2_PLACEMENT_3D ( 'NONE', #1631, #1833, #359 ) ;
#1498 = VERTEX_POINT ( 'NONE', #943 ) ;
#1499 = CARTESIAN_POINT ( 'NONE',  ( -2.409338161078896346E-17, 0.1000000000000000056, -0.1999999999999997891 ) ) ;
#1500 = DIRECTION ( 'NONE',  ( 1.807003620809173892E-16, -0.000000000000000000, 1.000000000000000000 ) ) ;
#1501 = DIRECTION ( 'NONE',  ( 0.000000000000000000, 0.000000000000000000, -1.000000000000000000 ) ) ;
#1502 = VERTEX_POINT ( 'NONE', #1406 ) ;
#1503 = LINE ( 'NONE', #816, #1530 ) ;
#1504 = CARTESIAN_POINT ( 'NONE',  ( -0.1999999999999999833, -0.000000000000000000, -0.1999999999999998168 ) ) ;
#1505 = DIRECTION ( 'NONE',  ( -0.000000000000000000, -1.000000000000000000, -0.000000000000000000 ) ) ;
#1506 = ORIENTED_EDGE ( 'NONE', *, *, #1554, .F. ) ;
#1507 = VERTEX_POINT ( 'NONE', #649 ) ;
#1508 = DIRECTION ( 'NONE',  ( 0.000000000000000000, 0.000000000000000000, -1.000000000000000000 ) ) ;
#1509 = VECTOR ( 'NONE', #1050, 1000.000000000000000 ) ;
#1510 = AXIS2_PLACEMENT_3D ( 'NONE', #1332, #1523, #1742 ) ;
#1511 = CARTESIAN_POINT ( 'NONE',  ( 0.000000000000000000, 1.000000000000000000, 0.7800000000000000266 ) ) ;
#1512 = ORIENTED_EDGE ( 'NONE', *, *, #1810, .F. ) ;
#1513 = DIRECTION ( 'NONE',  ( -1.000000000000000000, 0.000000000000000000, 0.000000000000000000 ) ) ;
#1514 =( NAMED_UNIT ( * ) SI_UNIT ( $, .STERADIAN. ) SOLID_ANGLE_UNIT ( ) );
#1515 = ORIENTED_EDGE ( 'NONE', *, *, #1272, .F. ) ;
#1516 = EDGE_CURVE ( 'NONE', #1081, #2847, #690, .T. ) ;
#1517 = LINE ( 'NONE', #2762, #2417 ) ;
#1518 = FILL_AREA_STYLE_COLOUR ( '', #486 ) ;
#1519 = DIRECTION ( 'NONE',  ( 1.000000000000000000, 0.000000000000000000, 0.000000000000000000 ) ) ;
#1520 =( NAMED_UNIT ( * ) SI_UNIT ( $, .STERADIAN. ) SOLID_ANGLE_UNIT ( ) );
#1521 = ORIENTED_EDGE ( 'NONE', *, *, #2376, .F. ) ;
#1522 = VECTOR ( 'NONE', #1030, 1000.000000000000000 ) ;
#1523 = DIRECTION ( 'NONE',  ( 1.000000000000000000, 0.000000000000000000, -0.000000000000000000 ) ) ;
#1524 = ORIENTED_EDGE ( 'NONE', *, *, #605, .F. ) ;
#1525 = AXIS2_PLACEMENT_3D ( 'NONE', #2328, #987, #119 ) ;
#1526 = FACE_OUTER_BOUND ( 'NONE', #71, .T. ) ;
#1527 = DIRECTION ( 'NONE',  ( 1.000000000000000000, 0.000000000000000000, 3.336006684570796906E-16 ) ) ;
#1528 = ORIENTED_EDGE ( 'NONE', *, *, #2518, .F. ) ;
#1529 = CARTESIAN_POINT ( 'NONE',  ( -1.400000000000000355, 0.1000000000000000056, 0.000000000000000000 ) ) ;
#1530 = VECTOR ( 'NONE', #786, 1000.000000000000000 ) ;
#1531 = CARTESIAN_POINT ( 'NONE',  ( 0.6500000000000000222, 0.000000000000000000, 1.149999999999999911 ) ) ;
#1532 = DIRECTION ( 'NONE',  ( 0.000000000000000000, 0.000000000000000000, -1.000000000000000000 ) ) ;
#1533 = ORIENTED_EDGE ( 'NONE', *, *, #2023, .T. ) ;
#1534 = CARTESIAN_POINT ( 'NONE',  ( 1.050000000000000266, 0.000000000000000000, 1.149999999999997469 ) ) ;
#1535 = VECTOR ( 'NONE', #2303, 1000.000000000000000 ) ;
#1536 = CARTESIAN_POINT ( 'NONE',  ( 0.1999999999999999833, 0.1000000000000000056, 0.1999999999999999001 ) ) ;
#1537 =( NAMED_UNIT ( * ) SI_UNIT ( $, .STERADIAN. ) SOLID_ANGLE_UNIT ( ) );
#1538 = AXIS2_PLACEMENT_3D ( 'NONE', #706, #1396, #301 ) ;
#1539 = ORIENTED_EDGE ( 'NONE', *, *, #858, .T. ) ;
#1540 = DIRECTION ( 'NONE',  ( 0.7071067811865474617, 0.000000000000000000, -0.7071067811865474617 ) ) ;
#1541 = DIRECTION ( 'NONE',  ( 0.000000000000000000, 0.000000000000000000, -1.000000000000000000 ) ) ;
#1542 = VECTOR ( 'NONE', #2701, 1000.000000000000000 ) ;
#1543 = CARTESIAN_POINT ( 'NONE',  ( 1.500000000000000222, 0.2399999999999999911, 2.000000000000000000 ) ) ;
#1544 = ORIENTED_EDGE ( 'NONE', *, *, #1208, .T. ) ;
#1545 = EDGE_CURVE ( 'NONE', #1145, #2125, #2554, .T. ) ;
#1546 = EDGE_CURVE ( 'NONE', #2104, #914, #1674, .T. ) ;
#1547 = ADVANCED_FACE ( 'NONE', ( #2611 ), #1654, .F. ) ;
#1548 = EDGE_LOOP ( 'NONE', ( #1269, #1792, #2769, #1258 ) ) ;
#1549 = EDGE_CURVE ( 'NONE', #1990, #52, #646, .T. ) ;
#1550 = SURFACE_STYLE_FILL_AREA ( #481 ) ;
#1551 = CARTESIAN_POINT ( 'NONE',  ( -3.614007241618345443E-17, 0.1000000000000000056, 0.1999999999999998723 ) ) ;
#1552 = CARTESIAN_POINT ( 'NONE',  ( 0.000000000000000000, 1.100000000000000089, 1.429999999999999938 ) ) ;
#1553 = DIRECTION ( 'NONE',  ( 1.000000000000000000, 0.000000000000000000, -1.807003620809173892E-16 ) ) ;
#1554 = EDGE_CURVE ( 'NONE', #1098, #712, #1606, .T. ) ;
#1555 = DIRECTION ( 'NONE',  ( 0.000000000000000000, 0.000000000000000000, -1.000000000000000000 ) ) ;
#1556 = EDGE_LOOP ( 'NONE', ( #494, #1474, #1323, #2503 ) ) ;
#1557 = CARTESIAN_POINT ( 'NONE',  ( -4.414251702262411544E-16, 4.820169488482378917, 1.899999999999999911 ) ) ;
#1558 = CARTESIAN_POINT ( 'NONE',  ( 0.6499999999999976907, 0.1000000000000000056, -1.549999999999999822 ) ) ;
#1559 = APPLICATION_CONTEXT ( 'automotive_design' ) ;
#1560 = LINE ( 'NONE', #2464, #576 ) ;
#1561 = DIRECTION ( 'NONE',  ( 0.000000000000000000, 0.000000000000000000, -1.000000000000000000 ) ) ;
#1562 = CIRCLE ( 'NONE', #1330, 0.6499999999999999112 ) ;
#1563 = VECTOR ( 'NONE', #456, 1000.000000000000000 ) ;
#1564 = DIRECTION ( 'NONE',  ( -0.000000000000000000, 1.000000000000000000, -0.000000000000000000 ) ) ;
#1565 = ADVANCED_FACE ( 'NONE', ( #1664 ), #1581, .T. ) ;
#1566 = CARTESIAN_POINT ( 'NONE',  ( 0.1999999999999999833, 4.820169488482378917, 0.1999999999999999001 ) ) ;
#1567 = VECTOR ( 'NONE', #2248, 1000.000000000000000 ) ;
#1568 = DIRECTION ( 'NONE',  ( 1.000000000000000000, 0.000000000000000000, 4.818676322157797375E-16 ) ) ;
#1569 = AXIS2_PLACEMENT_3D ( 'NONE', #540, #2017, #1088 ) ;
#1570 = CARTESIAN_POINT ( 'NONE',  ( 2.409338161078896346E-17, 4.820169488482378917, -0.1999999999999997891 ) ) ;
#1571 = CARTESIAN_POINT ( 'NONE',  ( -1.050000000000000044, 0.1000000000000000056, 0.000000000000000000 ) ) ;
#1572 = CARTESIAN_POINT ( 'NONE',  ( -1.500000000000000222, 0.2399999999999999911, 2.000000000000000000 ) ) ;
#1573 = EDGE_CURVE ( 'NONE', #2580, #2168, #2639, .T. ) ;
#1574 = VERTEX_POINT ( 'NONE', #1750 ) ;
#1575 = EDGE_CURVE ( 'NONE', #181, #1656, #2542, .T. ) ;
#1576 = VECTOR ( 'NONE', #1171, 1000.000000000000000 ) ;
#1577 = VERTEX_POINT ( 'NONE', #2300 ) ;
#1578 = VECTOR ( 'NONE', #1801, 1000.000000000000000 ) ;
#1579 = CARTESIAN_POINT ( 'NONE',  ( 0.000000000000000000, 1.000000000000000000, 1.129999999999999893 ) ) ;
#1580 = LINE ( 'NONE', #2655, #580 ) ;
#1581 = PLANE ( 'NONE',  #615 ) ;
#1582 = CARTESIAN_POINT ( 'NONE',  ( 1.050000000000000266, 4.820169488482378917, -1.149999999999997025 ) ) ;
#1583 = CARTESIAN_POINT ( 'NONE',  ( 0.6500000000000003553, 0.1000000000000002554, -1.149999999999999467 ) ) ;
#1584 = ORIENTED_EDGE ( 'NONE', *, *, #1309, .T. ) ;
#1585 = VECTOR ( 'NONE', #2775, 1000.000000000000000 ) ;
#1586 = AXIS2_PLACEMENT_3D ( 'NONE', #1152, #1793, #1379 ) ;
#1587 = DIRECTION ( 'NONE',  ( -0.000000000000000000, -1.000000000000000000, -0.000000000000000000 ) ) ;
#1588 = DIRECTION ( 'NONE',  ( 0.000000000000000000, 0.000000000000000000, 1.000000000000000000 ) ) ;
#1589 =( LENGTH_UNIT ( ) NAMED_UNIT ( * ) SI_UNIT ( .MILLI., .METRE. ) );
#1590 = CARTESIAN_POINT ( 'NONE',  ( -1.050000000000000044, 4.820169488482378917, 1.149999999999997247 ) ) ;
#1591 = ORIENTED_EDGE ( 'NONE', *, *, #508, .F. ) ;
#1592 = CYLINDRICAL_SURFACE ( 'NONE', #745, 0.4000000000000000777 ) ;
#1593 = DIRECTION ( 'NONE',  ( -2.853163611803958777E-17, 0.000000000000000000, 1.000000000000000000 ) ) ;
#1594 = CARTESIAN_POINT ( 'NONE',  ( 0.1999999999999999556, 0.1000000000000000056, 5.706327223607916168E-18 ) ) ;
#1595 = EDGE_LOOP ( 'NONE', ( #990, #2307, #2378, #2360 ) ) ;
#1596 = VECTOR ( 'NONE', #1273, 1000.000000000000114 ) ;
#1597 = UNCERTAINTY_MEASURE_WITH_UNIT (LENGTH_MEASURE( 1.000000000000000082E-05 ), #2085, 'distance_accuracy_value', 'NONE');
#1598 = VERTEX_POINT ( 'NONE', #2242 ) ;
#1599 = FACE_OUTER_BOUND ( 'NONE', #2165, .T. ) ;
#1600 = PLANE ( 'NONE',  #2485 ) ;
#1601 = COLOUR_RGB ( '',0.000000000000000000, 0.1254901960784313708, 0.000000000000000000 ) ;
#1602 = CARTESIAN_POINT ( 'NONE',  ( 2.409338161078896346E-17, 0.1000000000000000056, -0.1999999999999997891 ) ) ;
#1603 = PLANE ( 'NONE',  #2223 ) ;
#1604 = ORIENTED_EDGE ( 'NONE', *, *, #2546, .F. ) ;
#1605 = EDGE_CURVE ( 'NONE', #65, #237, #2599, .T. ) ;
#1606 = LINE ( 'NONE', #1389, #1612 ) ;
#1607 = DIRECTION ( 'NONE',  ( 0.000000000000000000, 0.000000000000000000, 1.000000000000000000 ) ) ;
#1608 = PLANE ( 'NONE',  #2439 ) ;
#1609 = SURFACE_SIDE_STYLE ('',( #2177 ) ) ;
#1610 = CARTESIAN_POINT ( 'NONE',  ( -0.1999999999999999833, 0.1000000000000002554, 1.149999999999999911 ) ) ;
#1611 = VERTEX_POINT ( 'NONE', #1373 ) ;
#1612 = VECTOR ( 'NONE', #1116, 1000.000000000000000 ) ;
#1613 = EDGE_CURVE ( 'NONE', #1262, #163, #2616, .T. ) ;
#1614 = LINE ( 'NONE', #835, #1563 ) ;
#1615 = CARTESIAN_POINT ( 'NONE',  ( -0.6500000000000000222, 4.820169488482378917, -1.149999999999999911 ) ) ;
#1616 = EDGE_CURVE ( 'NONE', #1164, #1493, #2618, .T. ) ;
#1617 = ADVANCED_FACE ( 'NONE', ( #1651 ), #492, .F. ) ;
#1618 = ADVANCED_FACE ( 'NONE', ( #1599 ), #666, .F. ) ;
#1619 = FACE_OUTER_BOUND ( 'NONE', #1077, .T. ) ;
#1620 = MECHANICAL_DESIGN_GEOMETRIC_PRESENTATION_REPRESENTATION (  '', ( #2028 ), #951 ) ;
#1621 = ORIENTED_EDGE ( 'NONE', *, *, #1943, .T. ) ;
#1622 = LINE ( 'NONE', #752, #2607 ) ;
#1623 = PLANE ( 'NONE',  #297 ) ;
#1624 = FACE_OUTER_BOUND ( 'NONE', #701, .T. ) ;
#1625 = DIRECTION ( 'NONE',  ( 0.000000000000000000, 0.000000000000000000, 1.000000000000000000 ) ) ;
#1626 = CARTESIAN_POINT ( 'NONE',  ( -4.414251702262411544E-16, 0.1000000000000000056, 1.899999999999999911 ) ) ;
#1627 = AXIS2_PLACEMENT_3D ( 'NONE', #1266, #825, #1285 ) ;
#1628 = CLOSED_SHELL ( 'NONE', ( #2308, #2487, #2091, #897, #2725, #55 ) ) ;
#1629 = LINE ( 'NONE', #1881, #680 ) ;
#1630 = DIRECTION ( 'NONE',  ( 0.7071067811865474617, 0.000000000000000000, -0.7071067811865474617 ) ) ;
#1631 = CARTESIAN_POINT ( 'NONE',  ( 2.409338161078896346E-17, 0.1000000000000000056, -0.1999999999999997891 ) ) ;
#1632 = DIRECTION ( 'NONE',  ( 0.000000000000000000, 0.000000000000000000, 1.000000000000000000 ) ) ;
#1633 = VERTEX_POINT ( 'NONE', #681 ) ;
#1634 = CIRCLE ( 'NONE', #2194, 0.4000000000000001887 ) ;
#1635 = DIRECTION ( 'NONE',  ( 0.000000000000000000, -0.000000000000000000, 1.000000000000000000 ) ) ;
#1636 = ORIENTED_EDGE ( 'NONE', *, *, #1613, .F. ) ;
#1637 = FACE_OUTER_BOUND ( 'NONE', #1361, .T. ) ;
#1638 = ADVANCED_FACE ( 'NONE', ( #1637 ), #2681, .F. ) ;
#1639 = ORIENTED_EDGE ( 'NONE', *, *, #633, .T. ) ;
#1640 = CIRCLE ( 'NONE', #1525, 0.6499999999999999112 ) ;
#1641 = DIRECTION ( 'NONE',  ( 1.000000000000000000, 0.000000000000000000, 1.807003620809173892E-16 ) ) ;
#1642 = DIRECTION ( 'NONE',  ( 0.000000000000000000, 0.000000000000000000, -1.000000000000000000 ) ) ;
#1643 = CARTESIAN_POINT ( 'NONE',  ( 0.6500000000000003553, 0.1000000000000000056, 1.150000000000000133 ) ) ;
#1644 = MECHANICAL_DESIGN_GEOMETRIC_PRESENTATION_REPRESENTATION (  '', ( #600 ), #2684 ) ;
#1645 = EDGE_LOOP ( 'NONE', ( #2777, #87, #76, #430 ) ) ;
#1646 = DIRECTION ( 'NONE',  ( -0.000000000000000000, -1.000000000000000000, -0.000000000000000000 ) ) ;
#1647 = CARTESIAN_POINT ( 'NONE',  ( -1.500000000000000222, 1.100000000000000089, -2.000000000000000000 ) ) ;
#1648 = EDGE_CURVE ( 'NONE', #306, #1650, #623, .T. ) ;
#1649 = DIRECTION ( 'NONE',  ( 1.000000000000000000, 0.000000000000000000, -0.000000000000000000 ) ) ;
#1650 = VERTEX_POINT ( 'NONE', #2732 ) ;
#1651 = FACE_OUTER_BOUND ( 'NONE', #1896, .T. ) ;
#1652 = EDGE_CURVE ( 'NONE', #1784, #116, #1640, .T. ) ;
#1653 = EDGE_LOOP ( 'NONE', ( #291, #1070, #339, #2696 ) ) ;
#1654 = CYLINDRICAL_SURFACE ( 'NONE', #2356, 0.4000000000000001887 ) ;
#1655 = PRESENTATION_LAYER_ASSIGNMENT (  '', '', ( #2028 ) ) ;
#1656 = VERTEX_POINT ( 'NONE', #787 ) ;
#1657 = VECTOR ( 'NONE', #2347, 1000.000000000000000 ) ;
#1658 = DIRECTION ( 'NONE',  ( 0.000000000000000000, 0.000000000000000000, 1.000000000000000000 ) ) ;
#1659 = AXIS2_PLACEMENT_3D ( 'NONE', #2226, #2055, #716 ) ;
#1660 = DIRECTION ( 'NONE',  ( -1.000000000000000000, 0.000000000000000000, 1.204669080539449344E-16 ) ) ;
#1661 = PLANE ( 'NONE',  #994 ) ;
#1662 = ADVANCED_FACE ( 'NONE', ( #2570 ), #1592, .T. ) ;
#1663 = EDGE_LOOP ( 'NONE', ( #2440, #1370, #2372, #1452 ) ) ;
#1664 = FACE_OUTER_BOUND ( 'NONE', #2222, .T. ) ;
#1665 = DIRECTION ( 'NONE',  ( 0.7071067811865475727, 0.000000000000000000, 0.7071067811865475727 ) ) ;
#1666 = DIRECTION ( 'NONE',  ( -1.000000000000000000, 0.000000000000000000, -4.818676322157797375E-16 ) ) ;
#1667 = VECTOR ( 'NONE', #601, 1000.000000000000000 ) ;
#1668 = CARTESIAN_POINT ( 'NONE',  ( 0.6500000000000000222, 0.1000000000000000056, -1.149999999999999689 ) ) ;
#1669 = AXIS2_PLACEMENT_3D ( 'NONE', #1800, #1218, #1641 ) ;
#1670 = LINE ( 'NONE', #2380, #686 ) ;
#1671 = ORIENTED_EDGE ( 'NONE', *, *, #1488, .F. ) ;
#1672 = CARTESIAN_POINT ( 'NONE',  ( -0.6500000000000000222, 4.820169488482378917, 0.000000000000000000 ) ) ;
#1673 = ORIENTED_EDGE ( 'NONE', *, *, #271, .F. ) ;
#1674 = LINE ( 'NONE', #61, #1576 ) ;
#1675 = PLANE ( 'NONE',  #725 ) ;
#1676 = EDGE_CURVE ( 'NONE', #363, #121, #2562, .T. ) ;
#1677 = ORIENTED_EDGE ( 'NONE', *, *, #1456, .T. ) ;
#1678 = CARTESIAN_POINT ( 'NONE',  ( 0.000000000000000000, 1.000000000000000000, 0.7800000000000000266 ) ) ;
#1679 = DIRECTION ( 'NONE',  ( 0.000000000000000000, 0.000000000000000000, -1.000000000000000000 ) ) ;
#1680 = EDGE_CURVE ( 'NONE', #1114, #1009, #1629, .T. ) ;
#1681 = CARTESIAN_POINT ( 'NONE',  ( 0.6500000000000003553, 0.1000000000000002554, 1.150000000000000133 ) ) ;
#1682 = ORIENTED_EDGE ( 'NONE', *, *, #2523, .T. ) ;
#1683 = VECTOR ( 'NONE', #1666, 1000.000000000000000 ) ;
#1684 = CARTESIAN_POINT ( 'NONE',  ( 0.000000000000000000, -0.000000000000000000, -1.149999999999999911 ) ) ;
#1685 = DIRECTION ( 'NONE',  ( 0.000000000000000000, -0.000000000000000000, 1.000000000000000000 ) ) ;
#1686 = EDGE_CURVE ( 'NONE', #1982, #1994, #1634, .T. ) ;
#1687 = EDGE_LOOP ( 'NONE', ( #284, #1863, #1839, #1730 ) ) ;
#1688 = DIRECTION ( 'NONE',  ( 0.000000000000000000, -0.000000000000000000, 1.000000000000000000 ) ) ;
#1689 = EDGE_CURVE ( 'NONE', #295, #1574, #624, .T. ) ;
#1690 = CARTESIAN_POINT ( 'NONE',  ( -0.6500000000000000222, 0.1000000000000000056, -0.1999999999999998723 ) ) ;
#1691 = ORIENTED_EDGE ( 'NONE', *, *, #2314, .T. ) ;
#1692 = VECTOR ( 'NONE', #923, 1000.000000000000000 ) ;
#1693 = ORIENTED_EDGE ( 'NONE', *, *, #1106, .T. ) ;
#1694 = AXIS2_PLACEMENT_3D ( 'NONE', #1899, #826, #1532 ) ;
#1695 = VERTEX_POINT ( 'NONE', #1704 ) ;
#1696 = LINE ( 'NONE', #1205, #2726 ) ;
#1697 = DIRECTION ( 'NONE',  ( 0.000000000000000000, -0.000000000000000000, -1.000000000000000000 ) ) ;
#1698 = DIRECTION ( 'NONE',  ( -1.000000000000000000, 0.000000000000000000, 0.000000000000000000 ) ) ;
#1699 = ORIENTED_EDGE ( 'NONE', *, *, #2215, .F. ) ;
#1700 = VERTEX_POINT ( 'NONE', #968 ) ;
#1701 = VECTOR ( 'NONE', #258, 1000.000000000000000 ) ;
#1702 = CARTESIAN_POINT ( 'NONE',  ( -1.500000000000000222, 0.000000000000000000, 2.000000000000000000 ) ) ;
#1703 = ORIENTED_EDGE ( 'NONE', *, *, #388, .F. ) ;
#1704 = CARTESIAN_POINT ( 'NONE',  ( 0.1999999999999999833, 0.000000000000000000, -1.149999999999999911 ) ) ;
#1705 = DIRECTION ( 'NONE',  ( 0.000000000000000000, 0.000000000000000000, -1.000000000000000000 ) ) ;
#1706 = DIRECTION ( 'NONE',  ( 0.000000000000000000, 0.000000000000000000, -1.000000000000000000 ) ) ;
#1707 = PRESENTATION_STYLE_ASSIGNMENT (( #1040 ) ) ;
#1708 = DIRECTION ( 'NONE',  ( -0.000000000000000000, -1.000000000000000000, -0.000000000000000000 ) ) ;
#1709 = ORIENTED_EDGE ( 'NONE', *, *, #1026, .F. ) ;
#1710 =( NAMED_UNIT ( * ) SI_UNIT ( $, .STERADIAN. ) SOLID_ANGLE_UNIT ( ) );
#1711 = CARTESIAN_POINT ( 'NONE',  ( -1.500000000000000222, 0.2399999999999999911, 2.000000000000000000 ) ) ;
#1712 = LINE ( 'NONE', #1096, #2733 ) ;
#1713 = VERTEX_POINT ( 'NONE', #2195 ) ;
#1714 = AXIS2_PLACEMENT_3D ( 'NONE', #1771, #2675, #907 ) ;
#1715 = EDGE_CURVE ( 'NONE', #199, #1233, #631, .T. ) ;
#1716 = LINE ( 'NONE', #331, #794 ) ;
#1717 = DIRECTION ( 'NONE',  ( 1.000000000000000000, 0.000000000000000000, -1.807003620809173892E-16 ) ) ;
#1718 = ORIENTED_EDGE ( 'NONE', *, *, #419, .F. ) ;
#1719 = EDGE_CURVE ( 'NONE', #1713, #1001, #2603, .T. ) ;
#1720 = CARTESIAN_POINT ( 'NONE',  ( 0.1999999999999999556, 0.000000000000000000, -0.1999999999999998168 ) ) ;
#1721 = EDGE_CURVE ( 'NONE', #220, #2634, #683, .T. ) ;
#1722 = ORIENTED_EDGE ( 'NONE', *, *, #859, .F. ) ;
#1723 = CARTESIAN_POINT ( 'NONE',  ( -0.6500000000000000222, 0.000000000000000000, -1.149999999999999911 ) ) ;
#1724 = CARTESIAN_POINT ( 'NONE',  ( 0.000000000000000000, 0.9000000000000000222, 0.7800000000000000266 ) ) ;
#1725 = LINE ( 'NONE', #126, #749 ) ;
#1726 = PRODUCT_RELATED_PRODUCT_CATEGORY ( 'part', '', ( #1263 ) ) ;
#1727 = ORIENTED_EDGE ( 'NONE', *, *, #1401, .T. ) ;
#1728 = DIRECTION ( 'NONE',  ( 0.000000000000000000, 1.000000000000000000, 0.000000000000000000 ) ) ;
#1729 = AXIS2_PLACEMENT_3D ( 'NONE', #685, #2496, #495 ) ;
#1730 = ORIENTED_EDGE ( 'NONE', *, *, #1814, .T. ) ;
#1731 = CARTESIAN_POINT ( 'NONE',  ( -0.6500000000000000222, 4.820169488482378917, -1.149999999999999911 ) ) ;
#1732 = DIRECTION ( 'NONE',  ( 0.000000000000000000, 0.000000000000000000, -1.000000000000000000 ) ) ;
#1733 = ORIENTED_EDGE ( 'NONE', *, *, #1198, .T. ) ;
#1734 = CARTESIAN_POINT ( 'NONE',  ( 1.399999999999999467, 0.1000000000000000056, 0.000000000000000000 ) ) ;
#1735 = LINE ( 'NONE', #2065, #719 ) ;
#1736 = CARTESIAN_POINT ( 'NONE',  ( 5.170810361084734466E-16, 0.1000000000000000056, -1.550000000000000044 ) ) ;
#1737 = ORIENTED_EDGE ( 'NONE', *, *, #2595, .T. ) ;
#1738 = DIRECTION ( 'NONE',  ( 0.000000000000000000, 0.000000000000000000, -1.000000000000000000 ) ) ;
#1739 = APPLICATION_CONTEXT ( 'automotive_design' ) ;
#1740 = DIRECTION ( 'NONE',  ( 0.7071067811865475727, -0.000000000000000000, 0.7071067811865475727 ) ) ;
#1741 = FACE_OUTER_BOUND ( 'NONE', #2005, .T. ) ;
#1742 = DIRECTION ( 'NONE',  ( -0.000000000000000000, 0.000000000000000000, -1.000000000000000000 ) ) ;
#1743 = EDGE_LOOP ( 'NONE', ( #979, #2046, #688, #1049 ) ) ;
#1744 = DIRECTION ( 'NONE',  ( 0.000000000000000000, -1.000000000000000000, 0.000000000000000000 ) ) ;
#1745 = COLOUR_RGB ( '',0.000000000000000000, 0.1254901960784313708, 0.000000000000000000 ) ;
#1746 = AXIS2_PLACEMENT_3D ( 'NONE', #2306, #1212, #931 ) ;
#1747 = DIRECTION ( 'NONE',  ( -0.000000000000000000, -1.000000000000000000, -0.000000000000000000 ) ) ;
#1748 = EDGE_LOOP ( 'NONE', ( #335, #704, #1832, #2764 ) ) ;
#1749 = CYLINDRICAL_SURFACE ( 'NONE', #1798, 0.3499999999999999778 ) ;
#1750 = CARTESIAN_POINT ( 'NONE',  ( -0.6500000000000000222, 0.1000000000000002554, -1.550000000000000266 ) ) ;
#1751 = CARTESIAN_POINT ( 'NONE',  ( -0.1999999999999999833, -0.000000000000000000, -0.1999999999999998168 ) ) ;
#1752 = EDGE_CURVE ( 'NONE', #2634, #2774, #2565, .T. ) ;
#1753 = EDGE_LOOP ( 'NONE', ( #2617, #2860, #2305, #313 ) ) ;
#1754 = DIRECTION ( 'NONE',  ( -0.000000000000000000, -1.000000000000000000, -0.000000000000000000 ) ) ;
#1755 = EDGE_CURVE ( 'NONE', #1405, #2030, #693, .T. ) ;
#1756 = EDGE_CURVE ( 'NONE', #1574, #2340, #1670, .T. ) ;
#1757 = LINE ( 'NONE', #2398, #2712 ) ;
#1758 = EDGE_LOOP ( 'NONE', ( #349, #2461, #960, #1412, #2483, #571, #975, #998 ) ) ;
#1759 = DIRECTION ( 'NONE',  ( 0.000000000000000000, -0.000000000000000000, -1.000000000000000000 ) ) ;
#1760 = AXIS2_PLACEMENT_3D ( 'NONE', #1407, #472, #2329 ) ;
#1761 = DIRECTION ( 'NONE',  ( 0.000000000000000000, 0.000000000000000000, 1.000000000000000000 ) ) ;
#1762 = DIRECTION ( 'NONE',  ( 0.000000000000000000, 1.000000000000000000, 0.000000000000000000 ) ) ;
#1763 = ORIENTED_EDGE ( 'NONE', *, *, #337, .F. ) ;
#1764 = AXIS2_PLACEMENT_3D ( 'NONE', #1032, #1290, #341 ) ;
#1765 = LINE ( 'NONE', #974, #2654 ) ;
#1766 = ORIENTED_EDGE ( 'NONE', *, *, #2494, .F. ) ;
#1767 = FACE_OUTER_BOUND ( 'NONE', #1066, .T. ) ;
#1768 = DIRECTION ( 'NONE',  ( -1.000000000000000000, 0.000000000000000000, -1.807003620809173892E-16 ) ) ;
#1769 = PLANE ( 'NONE',  #1760 ) ;
#1770 = ORIENTED_EDGE ( 'NONE', *, *, #2219, .T. ) ;
#1771 = CARTESIAN_POINT ( 'NONE',  ( 0.000000000000000000, 1.000000000000000000, 0.7800000000000000266 ) ) ;
#1772 = DIRECTION ( 'NONE',  ( 0.000000000000000000, 0.000000000000000000, -1.000000000000000000 ) ) ;
#1773 = VECTOR ( 'NONE', #2652, 1000.000000000000000 ) ;
#1774 = ORIENTED_EDGE ( 'NONE', *, *, #2283, .T. ) ;
#1775 = CARTESIAN_POINT ( 'NONE',  ( 1.399999999999999467, 0.000000000000000000, 1.900000000000000133 ) ) ;
#1776 = ADVANCED_FACE ( 'NONE', ( #651 ), #2597, .T. ) ;
#1777 = AXIS2_PLACEMENT_3D ( 'NONE', #1441, #1821, #1658 ) ;
#1778 = CARTESIAN_POINT ( 'NONE',  ( -1.500000000000000222, 0.2399999999999999911, 2.000000000000000000 ) ) ;
#1779 = CARTESIAN_POINT ( 'NONE',  ( -1.400000000000000355, 4.820169488482378917, 1.899999999999999467 ) ) ;
#1780 = LINE ( 'NONE', #2462, #1773 ) ;
#1781 = CARTESIAN_POINT ( 'NONE',  ( -0.6500000000000000222, 0.000000000000000000, 0.1999999999999999833 ) ) ;
#1782 = ORIENTED_EDGE ( 'NONE', *, *, #792, .T. ) ;
#1783 = AXIS2_PLACEMENT_3D ( 'NONE', #2234, #244, #1561 ) ;
#1784 = VERTEX_POINT ( 'NONE', #2799 ) ;
#1785 = EDGE_CURVE ( 'NONE', #41, #1502, #634, .T. ) ;
#1786 = DIRECTION ( 'NONE',  ( 1.951563910473907035E-14, 0.000000000000000000, -1.000000000000000000 ) ) ;
#1787 = CARTESIAN_POINT ( 'NONE',  ( 1.399999999999999467, -0.000000000000000000, -1.899999999999999689 ) ) ;
#1788 = EDGE_CURVE ( 'NONE', #2012, #1176, #642, .T. ) ;
#1789 = ORIENTED_EDGE ( 'NONE', *, *, #671, .T. ) ;
#1790 = CARTESIAN_POINT ( 'NONE',  ( 0.000000000000000000, 0.1000000000000000056, 1.149999999999999911 ) ) ;
#1791 = CARTESIAN_POINT ( 'NONE',  ( -0.1999999999999999833, 0.1000000000000000056, -1.149999999999999911 ) ) ;
#1792 = ORIENTED_EDGE ( 'NONE', *, *, #2551, .F. ) ;
#1793 = DIRECTION ( 'NONE',  ( 0.000000000000000000, 0.000000000000000000, 1.000000000000000000 ) ) ;
#1794 = APPLICATION_PROTOCOL_DEFINITION ( 'draft international standard', 'automotive_design', 1998, #1559 ) ;
#1795 = CARTESIAN_POINT ( 'NONE',  ( 0.6500000000000000222, 0.1000000000000002554, 1.149999999999999911 ) ) ;
#1796 = CARTESIAN_POINT ( 'NONE',  ( 1.500000000000000222, 0.2399999999999999911, 2.000000000000000000 ) ) ;
#1797 = CARTESIAN_POINT ( 'NONE',  ( -0.1999999999999999833, 0.1000000000000002554, 0.000000000000000000 ) ) ;
#1798 = AXIS2_PLACEMENT_3D ( 'NONE', #1227, #1870, #2750 ) ;
#1799 = ADVANCED_FACE ( 'NONE', ( #1619 ), #368, .T. ) ;
#1800 = CARTESIAN_POINT ( 'NONE',  ( -3.614007241618345443E-17, 0.1000000000000000056, 0.1999999999999998723 ) ) ;
#1801 = DIRECTION ( 'NONE',  ( -0.000000000000000000, 1.000000000000000000, -0.000000000000000000 ) ) ;
#1802 = CARTESIAN_POINT ( 'NONE',  ( 1.050000000000000266, 0.1000000000000000056, -1.149999999999997025 ) ) ;
#1803 = CARTESIAN_POINT ( 'NONE',  ( 5.541477770481466340E-16, 0.1000000000000000056, -1.149999999999999911 ) ) ;
#1804 = CARTESIAN_POINT ( 'NONE',  ( -0.6500000000000000222, 0.000000000000000000, -1.149999999999999911 ) ) ;
#1805 = AXIS2_PLACEMENT_3D ( 'NONE', #564, #1453, #2150 ) ;
#1806 = CARTESIAN_POINT ( 'NONE',  ( 5.541477770481466340E-16, 0.1000000000000002554, -1.149999999999999911 ) ) ;
#1807 = DIRECTION ( 'NONE',  ( 0.000000000000000000, -1.000000000000000000, 0.000000000000000000 ) ) ;
#1808 = CARTESIAN_POINT ( 'NONE',  ( -0.6500000000000000222, 0.1000000000000002554, 1.149999999999999911 ) ) ;
#1809 = DIRECTION ( 'NONE',  ( 0.000000000000000000, -1.000000000000000000, 0.000000000000000000 ) ) ;
#1810 = EDGE_CURVE ( 'NONE', #1994, #2036, #2586, .T. ) ;
#1811 = ORIENTED_EDGE ( 'NONE', *, *, #2217, .T. ) ;
#1812 = LINE ( 'NONE', #34, #56 ) ;
#1813 = EDGE_CURVE ( 'NONE', #2115, #187, #2635, .T. ) ;
#1814 = EDGE_CURVE ( 'NONE', #2125, #1507, #1622, .T. ) ;
#1815 = LINE ( 'NONE', #1045, #898 ) ;
#1816 = ORIENTED_EDGE ( 'NONE', *, *, #417, .T. ) ;
#1817 = EDGE_CURVE ( 'NONE', #914, #346, #2589, .T. ) ;
#1818 = ADVANCED_FACE ( 'NONE', ( #2594 ), #1076, .F. ) ;
#1819 = ADVANCED_FACE ( 'NONE', ( #673 ), #1363, .T. ) ;
#1820 = VECTOR ( 'NONE', #2600, 1000.000000000000000 ) ;
#1821 = DIRECTION ( 'NONE',  ( 0.000000000000000000, 1.000000000000000000, 0.000000000000000000 ) ) ;
#1822 = ADVANCED_FACE ( 'NONE', ( #677 ), #466, .F. ) ;
#1823 = DIRECTION ( 'NONE',  ( 0.000000000000000000, -1.000000000000000000, 0.000000000000000000 ) ) ;
#1824 = CARTESIAN_POINT ( 'NONE',  ( 0.000000000000000000, 0.9000000000000000222, 0.7800000000000000266 ) ) ;
#1825 = FACE_OUTER_BOUND ( 'NONE', #256, .T. ) ;
#1826 = ORIENTED_EDGE ( 'NONE', *, *, #2633, .F. ) ;
#1827 = PLANE ( 'NONE',  #2297 ) ;
#1828 = FACE_BOUND ( 'NONE', #2653, .T. ) ;
#1829 = PLANE ( 'NONE',  #583 ) ;
#1830 = SURFACE_STYLE_USAGE ( .BOTH. , #1609 ) ;
#1831 = FACE_OUTER_BOUND ( 'NONE', #175, .T. ) ;
#1832 = ORIENTED_EDGE ( 'NONE', *, *, #307, .F. ) ;
#1833 = DIRECTION ( 'NONE',  ( -1.204669080539449344E-16, 0.000000000000000000, 1.000000000000000000 ) ) ;
#1834 = CARTESIAN_POINT ( 'NONE',  ( -1.100000000000000755, 0.1000000000000002554, -1.899999999999999689 ) ) ;
#1835 = DIRECTION ( 'NONE',  ( 0.000000000000000000, 0.000000000000000000, 1.000000000000000000 ) ) ;
#1836 = LINE ( 'NONE', #1684, #1856 ) ;
#1837 = EDGE_LOOP ( 'NONE', ( #1365, #47, #374, #2080 ) ) ;
#1838 = FACE_OUTER_BOUND ( 'NONE', #95, .T. ) ;
#1839 = ORIENTED_EDGE ( 'NONE', *, *, #1545, .T. ) ;
#1840 = FACE_OUTER_BOUND ( 'NONE', #1252, .T. ) ;
#1841 = DIRECTION ( 'NONE',  ( -1.000000000000000000, 0.000000000000000000, -1.734723475976807094E-16 ) ) ;
#1842 = CARTESIAN_POINT ( 'NONE',  ( -4.414251702262411544E-16, 0.000000000000000000, 1.899999999999999911 ) ) ;
#1843 = VECTOR ( 'NONE', #2373, 1000.000000000000000 ) ;
#1844 = VERTEX_POINT ( 'NONE', #2632 ) ;
#1845 = ADVANCED_FACE ( 'NONE', ( #2707 ), #2686, .T. ) ;
#1846 = CARTESIAN_POINT ( 'NONE',  ( 1.500000000000000222, 1.100000000000000089, -2.000000000000000000 ) ) ;
#1847 = CARTESIAN_POINT ( 'NONE',  ( -1.400000000000000355, -0.000000000000000000, 0.000000000000000000 ) ) ;
#1848 = EDGE_CURVE ( 'NONE', #130, #210, #1712, .T. ) ;
#1849 = ORIENTED_EDGE ( 'NONE', *, *, #507, .T. ) ;
#1850 = CARTESIAN_POINT ( 'NONE',  ( 0.000000000000000000, 1.100000000000000089, 0.7800000000000000266 ) ) ;
#1851 = DIRECTION ( 'NONE',  ( 0.000000000000000000, 0.000000000000000000, -1.000000000000000000 ) ) ;
#1852 = EDGE_CURVE ( 'NONE', #44, #2121, #2721, .T. ) ;
#1853 = CIRCLE ( 'NONE', #1864, 0.1250000000000000000 ) ;
#1854 = EDGE_CURVE ( 'NONE', #1145, #1180, #1780, .T. ) ;
#1855 = VERTEX_POINT ( 'NONE', #2408 ) ;
#1856 = VECTOR ( 'NONE', #2757, 1000.000000000000000 ) ;
#1857 = STYLED_ITEM ( 'NONE', ( #279 ), #1311 ) ;
#1858 = ORIENTED_EDGE ( 'NONE', *, *, #2557, .F. ) ;
#1859 = DIRECTION ( 'NONE',  ( 0.000000000000000000, -0.000000000000000000, -1.000000000000000000 ) ) ;
#1860 = ORIENTED_EDGE ( 'NONE', *, *, #542, .F. ) ;
#1861 = DIRECTION ( 'NONE',  ( 0.000000000000000000, -1.000000000000000000, 0.000000000000000000 ) ) ;
#1862 = LINE ( 'NONE', #2572, #2812 ) ;
#1863 = ORIENTED_EDGE ( 'NONE', *, *, #1854, .F. ) ;
#1864 = AXIS2_PLACEMENT_3D ( 'NONE', #2391, #1305, #1468 ) ;
#1865 = CARTESIAN_POINT ( 'NONE',  ( 0.1999999999999999833, 0.000000000000000000, -1.149999999999999911 ) ) ;
#1866 = DIRECTION ( 'NONE',  ( 0.000000000000000000, 0.000000000000000000, 1.000000000000000000 ) ) ;
#1867 = ORIENTED_EDGE ( 'NONE', *, *, #2661, .F. ) ;
#1868 = VECTOR ( 'NONE', #2156, 1000.000000000000000 ) ;
#1869 = EDGE_LOOP ( 'NONE', ( #1092, #179, #104, #1584 ) ) ;
#1870 = DIRECTION ( 'NONE',  ( -0.000000000000000000, -1.000000000000000000, -0.000000000000000000 ) ) ;
#1871 = CARTESIAN_POINT ( 'NONE',  ( -0.6500000000000000222, -0.000000000000000000, 0.000000000000000000 ) ) ;
#1872 = ADVANCED_FACE ( 'NONE', ( #713 ), #6, .F. ) ;
#1873 = ORIENTED_EDGE ( 'NONE', *, *, #1437, .F. ) ;
#1874 = VECTOR ( 'NONE', #781, 1000.000000000000000 ) ;
#1875 = ORIENTED_EDGE ( 'NONE', *, *, #1163, .F. ) ;
#1876 = PLANE ( 'NONE',  #1627 ) ;
#1877 = ORIENTED_EDGE ( 'NONE', *, *, #269, .T. ) ;
#1878 = VECTOR ( 'NONE', #1593, 1000.000000000000000 ) ;
#1879 = ORIENTED_EDGE ( 'NONE', *, *, #1100, .F. ) ;
#1880 = DIRECTION ( 'NONE',  ( 0.000000000000000000, -1.000000000000000000, 0.000000000000000000 ) ) ;
#1881 = CARTESIAN_POINT ( 'NONE',  ( 0.1999999999999999833, 0.1000000000000002554, 0.000000000000000000 ) ) ;
#1882 = ORIENTED_EDGE ( 'NONE', *, *, #982, .T. ) ;
#1883 =( LENGTH_UNIT ( ) NAMED_UNIT ( * ) SI_UNIT ( .MILLI., .METRE. ) );
#1884 = AXIS2_PLACEMENT_3D ( 'NONE', #453, #1358, #2244 ) ;
#1885 = ORIENTED_EDGE ( 'NONE', *, *, #2217, .F. ) ;
#1886 = EDGE_CURVE ( 'NONE', #2036, #43, #2660, .T. ) ;
#1887 = CARTESIAN_POINT ( 'NONE',  ( 0.000000000000000000, 0.000000000000000000, 0.000000000000000000 ) ) ;
#1888 = ORIENTED_EDGE ( 'NONE', *, *, #2467, .T. ) ;
#1889 = VECTOR ( 'NONE', #1483, 1000.000000000000000 ) ;
#1890 = VERTEX_POINT ( 'NONE', #2230 ) ;
#1891 = CARTESIAN_POINT ( 'NONE',  ( -1.400000000000000355, 0.1000000000000002554, 1.899999999999999467 ) ) ;
#1892 = EDGE_CURVE ( 'NONE', #2012, #1130, #2730, .T. ) ;
#1893 = CARTESIAN_POINT ( 'NONE',  ( -0.1999999999999999833, 4.820169488482378917, 1.149999999999999911 ) ) ;
#1894 = EDGE_CURVE ( 'NONE', #2168, #1994, #784, .T. ) ;
#1895 = LINE ( 'NONE', #2574, #973 ) ;
#1896 = EDGE_LOOP ( 'NONE', ( #2693, #287, #1942, #1140 ) ) ;
#1897 = FACE_OUTER_BOUND ( 'NONE', #1065, .T. ) ;
#1898 = ORIENTED_EDGE ( 'NONE', *, *, #2861, .F. ) ;
#1899 = CARTESIAN_POINT ( 'NONE',  ( -0.6500000000000000222, 0.1000000000000000056, -1.149999999999999911 ) ) ;
#1900 = EDGE_LOOP ( 'NONE', ( #729, #2793, #2142, #732 ) ) ;
#1901 = EDGE_LOOP ( 'NONE', ( #653, #2367, #869, #2072 ) ) ;
#1902 = VECTOR ( 'NONE', #158, 1000.000000000000000 ) ;
#1903 = ORIENTED_EDGE ( 'NONE', *, *, #638, .T. ) ;
#1904 = CIRCLE ( 'NONE', #2014, 0.3999999999999999667 ) ;
#1905 = STYLED_ITEM ( 'NONE', ( #155 ), #1318 ) ;
#1906 = DIRECTION ( 'NONE',  ( 0.000000000000000000, 1.000000000000000000, 0.000000000000000000 ) ) ;
#1907 = ORIENTED_EDGE ( 'NONE', *, *, #103, .T. ) ;
#1908 = LINE ( 'NONE', #1325, #935 ) ;
#1909 = CARTESIAN_POINT ( 'NONE',  ( -1.400000000000000355, 0.000000000000000000, 1.899999999999999467 ) ) ;
#1910 = ORIENTED_EDGE ( 'NONE', *, *, #2856, .F. ) ;
#1911 = DIRECTION ( 'NONE',  ( -0.000000000000000000, 0.000000000000000000, -1.000000000000000000 ) ) ;
#1912 = DIRECTION ( 'NONE',  ( -0.000000000000000000, 0.000000000000000000, -1.000000000000000000 ) ) ;
#1913 = VECTOR ( 'NONE', #802, 1000.000000000000000 ) ;
#1914 = ORIENTED_EDGE ( 'NONE', *, *, #665, .F. ) ;
#1915 = VECTOR ( 'NONE', #1607, 1000.000000000000000 ) ;
#1916 = ORIENTED_EDGE ( 'NONE', *, *, #1939, .F. ) ;
#1917 = CARTESIAN_POINT ( 'NONE',  ( -5.170810361084735452E-16, 0.1000000000000002554, 1.550000000000000266 ) ) ;
#1918 = ORIENTED_EDGE ( 'NONE', *, *, #1333, .T. ) ;
#1919 = VECTOR ( 'NONE', #1646, 1000.000000000000000 ) ;
#1920 = ORIENTED_EDGE ( 'NONE', *, *, #1939, .T. ) ;
#1921 = AXIS2_PLACEMENT_3D ( 'NONE', #1111, #2220, #198 ) ;
#1922 = CARTESIAN_POINT ( 'NONE',  ( -5.170810361084735452E-16, 0.000000000000000000, 1.550000000000000266 ) ) ;
#1923 = FILL_AREA_STYLE_COLOUR ( '', #120 ) ;
#1924 = FACE_BOUND ( 'NONE', #406, .T. ) ;
#1925 = VERTEX_POINT ( 'NONE', #2006 ) ;
#1926 = FACE_OUTER_BOUND ( 'NONE', #873, .T. ) ;
#1927 = EDGE_LOOP ( 'NONE', ( #2738, #1265, #1918, #2296 ) ) ;
#1928 = CARTESIAN_POINT ( 'NONE',  ( -1.400000000000000355, 4.820169488482378917, 0.000000000000000000 ) ) ;
#1929 = AXIS2_PLACEMENT_3D ( 'NONE', #2568, #1436, #1635 ) ;
#1930 = LINE ( 'NONE', #386, #857 ) ;
#1931 = DIRECTION ( 'NONE',  ( 0.000000000000000000, -1.000000000000000000, 0.000000000000000000 ) ) ;
#1932 = EDGE_LOOP ( 'NONE', ( #2473, #2809, #984, #1275 ) ) ;
#1933 = DIRECTION ( 'NONE',  ( 0.000000000000000000, 0.000000000000000000, 1.000000000000000000 ) ) ;
#1934 = EDGE_CURVE ( 'NONE', #1098, #129, #2644, .T. ) ;
#1935 = CARTESIAN_POINT ( 'NONE',  ( 1.500000000000000222, 0.2399999999999999911, 2.000000000000000000 ) ) ;
#1936 = ORIENTED_EDGE ( 'NONE', *, *, #2766, .T. ) ;
#1937 = FILL_AREA_STYLE_COLOUR ( '', #2547 ) ;
#1938 = LINE ( 'NONE', #2862, #19 ) ;
#1939 = EDGE_CURVE ( 'NONE', #640, #52, #709, .T. ) ;
#1940 = ORIENTED_EDGE ( 'NONE', *, *, #305, .F. ) ;
#1941 = VECTOR ( 'NONE', #2610, 1000.000000000000000 ) ;
#1942 = ORIENTED_EDGE ( 'NONE', *, *, #607, .T. ) ;
#1943 = EDGE_CURVE ( 'NONE', #1262, #748, #726, .T. ) ;
#1944 = DIRECTION ( 'NONE',  ( -1.000000000000000000, 0.000000000000000000, 0.000000000000000000 ) ) ;
#1945 = VECTOR ( 'NONE', #262, 1000.000000000000000 ) ;
#1946 = ORIENTED_EDGE ( 'NONE', *, *, #1268, .T. ) ;
#1947 = LINE ( 'NONE', #668, #36 ) ;
#1948 = VERTEX_POINT ( 'NONE', #29 ) ;
#1949 = AXIS2_PLACEMENT_3D ( 'NONE', #1033, #1008, #1274 ) ;
#1950 = DIRECTION ( 'NONE',  ( -1.204669080539449344E-16, 0.000000000000000000, -1.000000000000000000 ) ) ;
#1951 = SURFACE_SIDE_STYLE ('',( #1978 ) ) ;
#1952 = LINE ( 'NONE', #536, #40 ) ;
#1953 = ORIENTED_EDGE ( 'NONE', *, *, #2460, .T. ) ;
#1954 = ORIENTED_EDGE ( 'NONE', *, *, #2219, .F. ) ;
#1955 = AXIS2_PLACEMENT_3D ( 'NONE', #1583, #294, #1732 ) ;
#1956 = DIRECTION ( 'NONE',  ( 0.000000000000000000, 0.000000000000000000, 1.000000000000000000 ) ) ;
#1957 = VECTOR ( 'NONE', #1071, 1000.000000000000000 ) ;
#1958 = CARTESIAN_POINT ( 'NONE',  ( 0.1999999999999999556, 0.1000000000000002554, 5.706327223607916168E-18 ) ) ;
#1959 = ORIENTED_EDGE ( 'NONE', *, *, #2250, .F. ) ;
#1960 = DIRECTION ( 'NONE',  ( 0.000000000000000000, 0.000000000000000000, 1.000000000000000000 ) ) ;
#1961 = FACE_OUTER_BOUND ( 'NONE', #243, .T. ) ;
#1962 = CARTESIAN_POINT ( 'NONE',  ( -0.1999999999999999833, 0.000000000000000000, -1.149999999999999911 ) ) ;
#1963 = CARTESIAN_POINT ( 'NONE',  ( 0.000000000000000000, 0.2399999999999999911, 0.000000000000000000 ) ) ;
#1964 = LINE ( 'NONE', #597, #1913 ) ;
#1965 = VERTEX_POINT ( 'NONE', #1775 ) ;
#1966 = FACE_OUTER_BOUND ( 'NONE', #1653, .T. ) ;
#1967 = CARTESIAN_POINT ( 'NONE',  ( 1.399999999999999467, 4.820169488482378917, -1.899999999999999689 ) ) ;
#1968 = FACE_OUTER_BOUND ( 'NONE', #577, .T. ) ;
#1969 = DIRECTION ( 'NONE',  ( 0.000000000000000000, 0.000000000000000000, 1.000000000000000000 ) ) ;
#1970 = ORIENTED_EDGE ( 'NONE', *, *, #225, .T. ) ;
#1971 = PRESENTATION_LAYER_ASSIGNMENT (  '', '', ( #2711 ) ) ;
#1972 = ADVANCED_FACE ( 'NONE', ( #758 ), #281, .T. ) ;
#1973 = PLANE ( 'NONE',  #2569 ) ;
#1974 = DIRECTION ( 'NONE',  ( 0.000000000000000000, -0.000000000000000000, 1.000000000000000000 ) ) ;
#1975 = VECTOR ( 'NONE', #1348, 1000.000000000000000 ) ;
#1976 = CARTESIAN_POINT ( 'NONE',  ( 3.614007241618345443E-17, 4.820169488482378917, 0.1999999999999998723 ) ) ;
#1977 = ORIENTED_EDGE ( 'NONE', *, *, #792, .F. ) ;
#1978 = SURFACE_STYLE_FILL_AREA ( #851 ) ;
#1979 = EDGE_CURVE ( 'NONE', #1784, #2492, #779, .T. ) ;
#1980 = PLANE ( 'NONE',  #2614 ) ;
#1981 = EDGE_CURVE ( 'NONE', #712, #1153, #1696, .T. ) ;
#1982 = VERTEX_POINT ( 'NONE', #573 ) ;
#1983 = DIRECTION ( 'NONE',  ( 0.7071067811865474617, 0.000000000000000000, -0.7071067811865474617 ) ) ;
#1984 = EDGE_LOOP ( 'NONE', ( #1101, #2038, #1816, #721 ) ) ;
#1985 = APPLICATION_PROTOCOL_DEFINITION ( 'draft international standard', 'automotive_design', 1998, #1739 ) ;
#1986 = VECTOR ( 'NONE', #1091, 1000.000000000000000 ) ;
#1987 = CARTESIAN_POINT ( 'NONE',  ( 0.6499999999999976907, -0.000000000000000000, -1.549999999999999822 ) ) ;
#1988 = EDGE_CURVE ( 'NONE', #2280, #1060, #767, .T. ) ;
#1989 = DIRECTION ( 'NONE',  ( 0.000000000000000000, 0.000000000000000000, -1.000000000000000000 ) ) ;
#1990 = VERTEX_POINT ( 'NONE', #2513 ) ;
#1991 = ORIENTED_EDGE ( 'NONE', *, *, #2558, .T. ) ;
#1992 = FACE_OUTER_BOUND ( 'NONE', #2083, .T. ) ;
#1993 = CARTESIAN_POINT ( 'NONE',  ( 0.6500000000000000222, 0.000000000000000000, 0.000000000000000000 ) ) ;
#1994 = VERTEX_POINT ( 'NONE', #1015 ) ;
#1995 = MECHANICAL_DESIGN_GEOMETRIC_PRESENTATION_REPRESENTATION (  '', ( #2407 ), #1408 ) ;
#1996 = VERTEX_POINT ( 'NONE', #498 ) ;
#1997 = LINE ( 'NONE', #1626, #2002 ) ;
#1998 = DIRECTION ( 'NONE',  ( 0.000000000000000000, 0.000000000000000000, -1.000000000000000000 ) ) ;
#1999 = PLANE ( 'NONE',  #2264 ) ;
#2000 = ORIENTED_EDGE ( 'NONE', *, *, #1307, .F. ) ;
#2001 = ORIENTED_EDGE ( 'NONE', *, *, #1848, .T. ) ;
#2002 = VECTOR ( 'NONE', #2301, 1000.000000000000000 ) ;
#2003 = CARTESIAN_POINT ( 'NONE',  ( 0.000000000000000000, 4.820169488482378917, -1.149999999999999911 ) ) ;
#2004 = CARTESIAN_POINT ( 'NONE',  ( -0.6500000000000000222, 0.1000000000000000056, 0.000000000000000000 ) ) ;
#2005 = EDGE_LOOP ( 'NONE', ( #2286, #2214, #813, #2678 ) ) ;
#2006 = CARTESIAN_POINT ( 'NONE',  ( -0.6500000000000000222, 0.000000000000000000, 1.149999999999999911 ) ) ;
#2007 = ORIENTED_EDGE ( 'NONE', *, *, #1211, .T. ) ;
#2008 = LINE ( 'NONE', #2167, #99 ) ;
#2009 = CARTESIAN_POINT ( 'NONE',  ( -0.1999999999999999833, 0.1000000000000000056, 0.1999999999999999001 ) ) ;
#2010 = CARTESIAN_POINT ( 'NONE',  ( -0.6500000000000000222, 4.820169488482378917, -0.1999999999999998723 ) ) ;
#2011 = VERTEX_POINT ( 'NONE', #1610 ) ;
#2012 = VERTEX_POINT ( 'NONE', #372 ) ;
#2013 = FACE_OUTER_BOUND ( 'NONE', #1645, .T. ) ;
#2014 = AXIS2_PLACEMENT_3D ( 'NONE', #9, #2689, #1541 ) ;
#2015 = CLOSED_SHELL ( 'NONE', ( #2630, #1448, #2664, #1819, #32, #1618 ) ) ;
#2016 = CARTESIAN_POINT ( 'NONE',  ( 0.6500000000000000222, 0.1000000000000000056, -0.1999999999999998723 ) ) ;
#2017 = DIRECTION ( 'NONE',  ( 1.000000000000000000, -0.000000000000000000, 0.000000000000000000 ) ) ;
#2018 = CARTESIAN_POINT ( 'NONE',  ( 1.399999999999999467, 4.820169488482378917, 0.000000000000000000 ) ) ;
#2019 = DIRECTION ( 'NONE',  ( 0.000000000000000000, 1.000000000000000000, 0.000000000000000000 ) ) ;
#2020 = ORIENTED_EDGE ( 'NONE', *, *, #2058, .T. ) ;
#2021 = EDGE_CURVE ( 'NONE', #2350, #2011, #2674, .T. ) ;
#2022 = VECTOR ( 'NONE', #1117, 1000.000000000000000 ) ;
#2023 = EDGE_CURVE ( 'NONE', #317, #129, #739, .T. ) ;
#2024 = CARTESIAN_POINT ( 'NONE',  ( -4.414251702262411544E-16, 0.1000000000000002554, 1.899999999999999911 ) ) ;
#2025 = EDGE_LOOP ( 'NONE', ( #1877, #72, #1476, #2331 ) ) ;
#2026 = CYLINDRICAL_SURFACE ( 'NONE', #1694, 0.4000000000000001887 ) ;
#2027 = DIRECTION ( 'NONE',  ( -1.000000000000000000, 0.000000000000000000, 0.000000000000000000 ) ) ;
#2028 = STYLED_ITEM ( 'NONE', ( #106 ), #2456 ) ;
#2029 = CARTESIAN_POINT ( 'NONE',  ( 0.000000000000000000, 1.000000000000000000, 0.6550000000000000266 ) ) ;
#2030 = VERTEX_POINT ( 'NONE', #314 ) ;
#2031 = SURFACE_SIDE_STYLE ('',( #2229 ) ) ;
#2032 = EDGE_LOOP ( 'NONE', ( #1858, #1916, #1727, #1304 ) ) ;
#2033 = VECTOR ( 'NONE', #377, 1000.000000000000000 ) ;
#2034 = AXIS2_PLACEMENT_3D ( 'NONE', #566, #383, #1859 ) ;
#2035 = ORIENTED_EDGE ( 'NONE', *, *, #190, .T. ) ;
#2036 = VERTEX_POINT ( 'NONE', #2161 ) ;
#2037 = FACE_OUTER_BOUND ( 'NONE', #2043, .T. ) ;
#2038 = ORIENTED_EDGE ( 'NONE', *, *, #385, .F. ) ;
#2039 = DIRECTION ( 'NONE',  ( 0.000000000000000000, -0.000000000000000000, -1.000000000000000000 ) ) ;
#2040 = DIRECTION ( 'NONE',  ( -1.000000000000000000, 0.000000000000000000, 0.000000000000000000 ) ) ;
#2041 = VERTEX_POINT ( 'NONE', #952 ) ;
#2042 = VECTOR ( 'NONE', #2714, 1000.000000000000000 ) ;
#2043 = EDGE_LOOP ( 'NONE', ( #1047, #1021, #2073, #2035 ) ) ;
#2044 = ORIENTED_EDGE ( 'NONE', *, *, #1719, .F. ) ;
#2045 = DIRECTION ( 'NONE',  ( -1.000000000000000000, 0.000000000000000000, 1.807003620809173892E-16 ) ) ;
#2046 = ORIENTED_EDGE ( 'NONE', *, *, #2251, .F. ) ;
#2047 = CARTESIAN_POINT ( 'NONE',  ( -1.500000000000000222, 0.000000000000000000, -2.000000000000000000 ) ) ;
#2048 = ORIENTED_EDGE ( 'NONE', *, *, #2143, .T. ) ;
#2049 = AXIS2_PLACEMENT_3D ( 'NONE', #1615, #2322, #956 ) ;
#2050 = ORIENTED_EDGE ( 'NONE', *, *, #2183, .T. ) ;
#2051 = EDGE_CURVE ( 'NONE', #1043, #2545, #1765, .T. ) ;
#2052 = EDGE_LOOP ( 'NONE', ( #2093, #2044, #1022, #909, #1382 ) ) ;
#2053 = CARTESIAN_POINT ( 'NONE',  ( 0.000000000000000000, 0.000000000000000000, 1.149999999999999911 ) ) ;
#2054 = EDGE_LOOP ( 'NONE', ( #2179, #273 ) ) ;
#2055 = DIRECTION ( 'NONE',  ( 0.000000000000000000, 1.000000000000000000, 0.000000000000000000 ) ) ;
#2056 = CARTESIAN_POINT ( 'NONE',  ( -0.1999999999999999833, 0.1000000000000000056, 0.000000000000000000 ) ) ;
#2057 = EDGE_LOOP ( 'NONE', ( #25, #1470, #2311, #2316 ) ) ;
#2058 = EDGE_CURVE ( 'NONE', #1403, #744, #1725, .T. ) ;
#2059 = ADVANCED_FACE ( 'NONE', ( #2666 ), #1395, .F. ) ;
#2060 = CARTESIAN_POINT ( 'NONE',  ( -1.500000000000000222, 1.100000000000000089, -2.000000000000000000 ) ) ;
#2061 = VERTEX_POINT ( 'NONE', #1891 ) ;
#2062 = CARTESIAN_POINT ( 'NONE',  ( 0.1999999999999999833, 0.1000000000000000056, 1.149999999999999911 ) ) ;
#2063 = DIRECTION ( 'NONE',  ( 0.000000000000000000, -1.000000000000000000, 0.000000000000000000 ) ) ;
#2064 = VERTEX_POINT ( 'NONE', #2566 ) ;
#2065 = CARTESIAN_POINT ( 'NONE',  ( 0.6500000000000000222, 0.1000000000000000056, -0.1999999999999998723 ) ) ;
#2066 = VECTOR ( 'NONE', #1505, 1000.000000000000000 ) ;
#2067 = ORIENTED_EDGE ( 'NONE', *, *, #733, .T. ) ;
#2068 = PLANE ( 'NONE',  #1746 ) ;
#2069 = VERTEX_POINT ( 'NONE', #2761 ) ;
#2070 = AXIS2_PLACEMENT_3D ( 'NONE', #1678, #1906, #2393 ) ;
#2071 = CYLINDRICAL_SURFACE ( 'NONE', #610, 0.1250000000000000000 ) ;
#2072 = ORIENTED_EDGE ( 'NONE', *, *, #863, .F. ) ;
#2073 = ORIENTED_EDGE ( 'NONE', *, *, #385, .T. ) ;
#2074 = VECTOR ( 'NONE', #619, 1000.000000000000000 ) ;
#2075 = CARTESIAN_POINT ( 'NONE',  ( 0.1999999999999999833, 0.1000000000000000056, -1.149999999999999911 ) ) ;
#2076 = LINE ( 'NONE', #228, #1119 ) ;
#2077 = EDGE_LOOP ( 'NONE', ( #80, #1591, #1005, #1639 ) ) ;
#2078 = CARTESIAN_POINT ( 'NONE',  ( -1.500000000000000222, 0.2399999999999999911, 2.000000000000000000 ) ) ;
#2079 = CARTESIAN_POINT ( 'NONE',  ( 0.6500000000000000222, 0.1000000000000002554, 0.000000000000000000 ) ) ;
#2080 = ORIENTED_EDGE ( 'NONE', *, *, #2766, .F. ) ;
#2081 = LINE ( 'NONE', #355, #1149 ) ;
#2082 = VECTOR ( 'NONE', #2186, 1000.000000000000000 ) ;
#2083 = EDGE_LOOP ( 'NONE', ( #1873, #539, #1352, #1310 ) ) ;
#2084 = DIRECTION ( 'NONE',  ( 1.000000000000000000, 0.000000000000000000, 3.336006684570796906E-16 ) ) ;
#2085 =( LENGTH_UNIT ( ) NAMED_UNIT ( * ) SI_UNIT ( .MILLI., .METRE. ) );
#2086 = AXIS2_PLACEMENT_3D ( 'NONE', #2255, #1740, #1540 ) ;
#2087 = ORIENTED_EDGE ( 'NONE', *, *, #569, .T. ) ;
#2088 = DIRECTION ( 'NONE',  ( 0.000000000000000000, 0.000000000000000000, 1.000000000000000000 ) ) ;
#2089 = ADVANCED_FACE ( 'NONE', ( #2670 ), #150, .F. ) ;
#2090 = LINE ( 'NONE', #1490, #2139 ) ;
#2091 = ADVANCED_FACE ( 'NONE', ( #1741 ), #1749, .T. ) ;
#2092 = LINE ( 'NONE', #1336, #261 ) ;
#2093 = ORIENTED_EDGE ( 'NONE', *, *, #569, .F. ) ;
#2094 = DIRECTION ( 'NONE',  ( 0.000000000000000000, 0.000000000000000000, -1.000000000000000000 ) ) ;
#2095 = VERTEX_POINT ( 'NONE', #558 ) ;
#2096 = EDGE_CURVE ( 'NONE', #2492, #2575, #775, .T. ) ;
#2097 = VERTEX_POINT ( 'NONE', #2319 ) ;
#2098 = ORIENTED_EDGE ( 'NONE', *, *, #419, .T. ) ;
#2099 = EDGE_CURVE ( 'NONE', #1982, #2847, #1716, .T. ) ;
#2100 = VECTOR ( 'NONE', #1933, 1000.000000000000000 ) ;
#2101 = DIRECTION ( 'NONE',  ( -0.000000000000000000, -1.000000000000000000, -0.000000000000000000 ) ) ;
#2102 = LINE ( 'NONE', #2205, #2082 ) ;
#2103 = EDGE_CURVE ( 'NONE', #1233, #773, #1735, .T. ) ;
#2104 = VERTEX_POINT ( 'NONE', #522 ) ;
#2105 = DIRECTION ( 'NONE',  ( 1.000000000000000000, 0.000000000000000000, 0.000000000000000000 ) ) ;
#2106 = CARTESIAN_POINT ( 'NONE',  ( 4.286263797015737211E-17, 1.000000000000000000, 1.129999999999999893 ) ) ;
#2107 = ORIENTED_EDGE ( 'NONE', *, *, #2283, .F. ) ;
#2108 = VECTOR ( 'NONE', #2063, 1000.000000000000000 ) ;
#2109 = DIRECTION ( 'NONE',  ( 0.000000000000000000, -1.000000000000000000, 0.000000000000000000 ) ) ;
#2110 = ORIENTED_EDGE ( 'NONE', *, *, #2051, .F. ) ;
#2111 = VERTEX_POINT ( 'NONE', #759 ) ;
#2112 = CARTESIAN_POINT ( 'NONE',  ( 0.000000000000000000, 0.9000000000000000222, 0.7800000000000000266 ) ) ;
#2113 = VECTOR ( 'NONE', #1455, 1000.000000000000000 ) ;
#2114 = FACE_OUTER_BOUND ( 'NONE', #1079, .T. ) ;
#2115 = VERTEX_POINT ( 'NONE', #2498 ) ;
#2116 = PLANE ( 'NONE',  #1569 ) ;
#2117 = EDGE_LOOP ( 'NONE', ( #1376, #2515, #513, #2816 ) ) ;
#2118 = ADVANCED_FACE ( 'NONE', ( #730 ), #347, .T. ) ;
#2119 = LINE ( 'NONE', #2454, #204 ) ;
#2120 = ORIENTED_EDGE ( 'NONE', *, *, #2341, .T. ) ;
#2121 = VERTEX_POINT ( 'NONE', #1261 ) ;
#2122 = FACE_OUTER_BOUND ( 'NONE', #667, .T. ) ;
#2123 = DIRECTION ( 'NONE',  ( 0.000000000000000000, 0.000000000000000000, -1.000000000000000000 ) ) ;
#2124 = LINE ( 'NONE', #921, #185 ) ;
#2125 = VERTEX_POINT ( 'NONE', #1245 ) ;
#2126 = MANIFOLD_SOLID_BREP ( 'Cut-Extrude1', #2564 ) ;
#2127 = CARTESIAN_POINT ( 'NONE',  ( -1.400000000000000355, 0.1000000000000000056, 0.000000000000000000 ) ) ;
#2128 = CARTESIAN_POINT ( 'NONE',  ( 1.399999999999999467, 0.1000000000000002554, 0.000000000000000000 ) ) ;
#2129 = ORIENTED_EDGE ( 'NONE', *, *, #1616, .T. ) ;
#2130 = FACE_OUTER_BOUND ( 'NONE', #717, .T. ) ;
#2131 = AXIS2_PLACEMENT_3D ( 'NONE', #940, #2123, #117 ) ;
#2132 = FACE_OUTER_BOUND ( 'NONE', #2175, .T. ) ;
#2133 = CARTESIAN_POINT ( 'NONE',  ( 5.541477770481466340E-16, 0.1000000000000000056, -1.149999999999999911 ) ) ;
#2134 = VERTEX_POINT ( 'NONE', #2201 ) ;
#2135 = VERTEX_POINT ( 'NONE', #391 ) ;
#2136 = UNCERTAINTY_MEASURE_WITH_UNIT (LENGTH_MEASURE( 1.000000000000000082E-05 ), #2192, 'distance_accuracy_value', 'NONE');
#2137 = FILL_AREA_STYLE_COLOUR ( '', #1745 ) ;
#2138 = DIRECTION ( 'NONE',  ( 0.000000000000000000, 0.000000000000000000, 1.000000000000000000 ) ) ;
#2139 = VECTOR ( 'NONE', #1705, 1000.000000000000000 ) ;
#2140 = EDGE_CURVE ( 'NONE', #1043, #1713, #1757, .T. ) ;
#2141 = ORIENTED_EDGE ( 'NONE', *, *, #2343, .F. ) ;
#2142 = ORIENTED_EDGE ( 'NONE', *, *, #632, .T. ) ;
#2143 = EDGE_CURVE ( 'NONE', #1043, #2629, #2716, .T. ) ;
#2144 = DIRECTION ( 'NONE',  ( 0.000000000000000000, -1.000000000000000000, 0.000000000000000000 ) ) ;
#2145 = ORIENTED_EDGE ( 'NONE', *, *, #2494, .T. ) ;
#2146 = EDGE_LOOP ( 'NONE', ( #2504, #2822, #484, #443 ) ) ;
#2147 = PRODUCT_DEFINITION_FORMATION_WITH_SPECIFIED_SOURCE ( 'ANY', '', #1263, .NOT_KNOWN. ) ;
#2148 = ADVANCED_FACE ( 'NONE', ( #1767 ), #2180, .F. ) ;
#2149 = FACE_OUTER_BOUND ( 'NONE', #2057, .T. ) ;
#2150 = DIRECTION ( 'NONE',  ( -0.000000000000000000, 0.000000000000000000, -1.000000000000000000 ) ) ;
#2151 = FACE_OUTER_BOUND ( 'NONE', #1080, .T. ) ;
#2152 = ORIENTED_EDGE ( 'NONE', *, *, #1401, .F. ) ;
#2153 = CARTESIAN_POINT ( 'NONE',  ( -1.500000000000000222, 0.1000000000000000056, -1.500000000000000222 ) ) ;
#2154 = VERTEX_POINT ( 'NONE', #795 ) ;
#2155 = AXIS2_PLACEMENT_3D ( 'NONE', #2434, #515, #1786 ) ;
#2156 = DIRECTION ( 'NONE',  ( 0.000000000000000000, -1.000000000000000000, 0.000000000000000000 ) ) ;
#2157 = VECTOR ( 'NONE', #1587, 1000.000000000000000 ) ;
#2158 = DIRECTION ( 'NONE',  ( 0.000000000000000000, -1.000000000000000000, 0.000000000000000000 ) ) ;
#2159 = ORIENTED_EDGE ( 'NONE', *, *, #1020, .F. ) ;
#2160 = EDGE_LOOP ( 'NONE', ( #195, #707, #2159, #1673 ) ) ;
#2161 = CARTESIAN_POINT ( 'NONE',  ( -0.6500000000000000222, 0.000000000000000000, -1.550000000000000266 ) ) ;
#2162 = VECTOR ( 'NONE', #2820, 1000.000000000000000 ) ;
#2163 = VECTOR ( 'NONE', #254, 1000.000000000000000 ) ;
#2164 = VERTEX_POINT ( 'NONE', #2388 ) ;
#2165 = EDGE_LOOP ( 'NONE', ( #491, #2850, #2272, #2427 ) ) ;
#2166 = PLANE ( 'NONE',  #2190 ) ;
#2167 = CARTESIAN_POINT ( 'NONE',  ( 0.000000000000000000, 0.9000000000000000222, 1.129999999999999893 ) ) ;
#2168 = VERTEX_POINT ( 'NONE', #2587 ) ;
#2169 = DIRECTION ( 'NONE',  ( -0.000000000000000000, 0.000000000000000000, -1.000000000000000000 ) ) ;
#2170 = ORIENTED_EDGE ( 'NONE', *, *, #986, .T. ) ;
#2171 = DIRECTION ( 'NONE',  ( -1.000000000000000000, 0.000000000000000000, 0.000000000000000000 ) ) ;
#2172 = LINE ( 'NONE', #2060, #1156 ) ;
#2173 = DIRECTION ( 'NONE',  ( -0.000000000000000000, -1.000000000000000000, -0.000000000000000000 ) ) ;
#2174 = DIRECTION ( 'NONE',  ( 0.000000000000000000, 0.000000000000000000, 1.000000000000000000 ) ) ;
#2175 = EDGE_LOOP ( 'NONE', ( #13, #2107, #2782, #778 ) ) ;
#2176 = AXIS2_PLACEMENT_3D ( 'NONE', #852, #1121, #1555 ) ;
#2177 = SURFACE_STYLE_FILL_AREA ( #68 ) ;
#2178 =( LENGTH_UNIT ( ) NAMED_UNIT ( * ) SI_UNIT ( .MILLI., .METRE. ) );
#2179 = ORIENTED_EDGE ( 'NONE', *, *, #1652, .T. ) ;
#2180 = PLANE ( 'NONE',  #2787 ) ;
#2181 = EDGE_CURVE ( 'NONE', #661, #1081, #867, .T. ) ;
#2182 = DIRECTION ( 'NONE',  ( 0.000000000000000000, -1.000000000000000000, 0.000000000000000000 ) ) ;
#2183 = EDGE_CURVE ( 'NONE', #1081, #2121, #887, .T. ) ;
#2184 = VERTEX_POINT ( 'NONE', #1068 ) ;
#2185 = CIRCLE ( 'NONE', #1659, 0.3499999999999999223 ) ;
#2186 = DIRECTION ( 'NONE',  ( -0.000000000000000000, -1.000000000000000000, -0.000000000000000000 ) ) ;
#2187 = CIRCLE ( 'NONE', #1729, 0.4000000000000001887 ) ;
#2188 = DIRECTION ( 'NONE',  ( -0.000000000000000000, -1.000000000000000000, -0.000000000000000000 ) ) ;
#2189 = CARTESIAN_POINT ( 'NONE',  ( 5.170810361084734466E-16, -0.000000000000000000, -1.550000000000000044 ) ) ;
#2190 = AXIS2_PLACEMENT_3D ( 'NONE', #231, #1500, #1717 ) ;
#2191 = ORIENTED_EDGE ( 'NONE', *, *, #1031, .F. ) ;
#2192 =( LENGTH_UNIT ( ) NAMED_UNIT ( * ) SI_UNIT ( .MILLI., .METRE. ) );
#2193 = LINE ( 'NONE', #1791, #2157 ) ;
#2194 = AXIS2_PLACEMENT_3D ( 'NONE', #1051, #1489, #1007 ) ;
#2195 = CARTESIAN_POINT ( 'NONE',  ( -1.100000000000000755, 0.1000000000000000056, -1.899999999999999689 ) ) ;
#2196 = CARTESIAN_POINT ( 'NONE',  ( -1.500000000000000222, 1.100000000000000089, 2.000000000000000000 ) ) ;
#2197 = ORIENTED_EDGE ( 'NONE', *, *, #1545, .F. ) ;
#2198 = LINE ( 'NONE', #1797, #1244 ) ;
#2199 = DIRECTION ( 'NONE',  ( 0.000000000000000000, 1.000000000000000000, 0.000000000000000000 ) ) ;
#2200 = ORIENTED_EDGE ( 'NONE', *, *, #1605, .F. ) ;
#2201 = CARTESIAN_POINT ( 'NONE',  ( -0.1999999999999999833, 0.000000000000000000, -1.149999999999999911 ) ) ;
#2202 = CARTESIAN_POINT ( 'NONE',  ( 7.960204194457795477E-17, 1.000000000000000000, 0.1300000000000000044 ) ) ;
#2203 = COLOUR_RGB ( '',1.000000000000000000, 0.8117647058823529438, 0.5019607843137254832 ) ;
#2204 = ORIENTED_EDGE ( 'NONE', *, *, #507, .F. ) ;
#2205 = CARTESIAN_POINT ( 'NONE',  ( 1.500000000000000222, 1.100000000000000089, 2.000000000000000000 ) ) ;
#2206 = VECTOR ( 'NONE', #662, 1000.000000000000000 ) ;
#2207 = CARTESIAN_POINT ( 'NONE',  ( 1.050000000000000266, 4.820169488482378917, 1.149999999999997469 ) ) ;
#2208 = CARTESIAN_POINT ( 'NONE',  ( 1.399999999999999467, 0.000000000000000000, 0.000000000000000000 ) ) ;
#2209 = ORIENTED_EDGE ( 'NONE', *, *, #2771, .T. ) ;
#2210 = ADVANCED_FACE ( 'NONE', ( #2823 ), #1973, .T. ) ;
#2211 = DIRECTION ( 'NONE',  ( -1.000000000000000000, 0.000000000000000000, -3.336006684570796906E-16 ) ) ;
#2212 = AXIS2_PLACEMENT_3D ( 'NONE', #2778, #2294, #1761 ) ;
#2213 = DIRECTION ( 'NONE',  ( 1.000000000000000000, 0.000000000000000000, -1.204669080539449344E-16 ) ) ;
#2214 = ORIENTED_EDGE ( 'NONE', *, *, #1721, .F. ) ;
#2215 = EDGE_CURVE ( 'NONE', #2095, #761, #2779, .T. ) ;
#2216 = CARTESIAN_POINT ( 'NONE',  ( 0.000000000000000000, 0.000000000000000000, 1.149999999999999911 ) ) ;
#2217 = EDGE_CURVE ( 'NONE', #1844, #628, #855, .T. ) ;
#2218 = ORIENTED_EDGE ( 'NONE', *, *, #1894, .F. ) ;
#2219 = EDGE_CURVE ( 'NONE', #1164, #1176, #2806, .T. ) ;
#2220 = DIRECTION ( 'NONE',  ( 1.000000000000000000, 0.000000000000000000, -0.000000000000000000 ) ) ;
#2221 = VECTOR ( 'NONE', #2386, 1000.000000000000000 ) ;
#2222 = EDGE_LOOP ( 'NONE', ( #1898, #302, #436, #1422 ) ) ;
#2223 = AXIS2_PLACEMENT_3D ( 'NONE', #893, #1390, #1374 ) ;
#2224 = LINE ( 'NONE', #2010, #2281 ) ;
#2225 = SURFACE_STYLE_USAGE ( .BOTH. , #1951 ) ;
#2226 = CARTESIAN_POINT ( 'NONE',  ( 0.000000000000000000, 1.000000000000000000, 0.7800000000000000266 ) ) ;
#2227 = VERTEX_POINT ( 'NONE', #1531 ) ;
#2228 = PRESENTATION_LAYER_ASSIGNMENT (  '', '', ( #2325 ) ) ;
#2229 = SURFACE_STYLE_FILL_AREA ( #865 ) ;
#2230 = CARTESIAN_POINT ( 'NONE',  ( -0.6499999999999970246, 0.1000000000000000056, -1.550000000000000266 ) ) ;
#2231 = ORIENTED_EDGE ( 'NONE', *, *, #733, .F. ) ;
#2232 = DIRECTION ( 'NONE',  ( 0.000000000000000000, 0.000000000000000000, 1.000000000000000000 ) ) ;
#2233 = ADVANCED_FACE ( 'NONE', ( #828 ), #1876, .T. ) ;
#2234 = CARTESIAN_POINT ( 'NONE',  ( 0.6500000000000003553, 4.820169488482378917, 1.150000000000000133 ) ) ;
#2235 = ORIENTED_EDGE ( 'NONE', *, *, #143, .T. ) ;
#2236 = DIRECTION ( 'NONE',  ( 0.000000000000000000, -1.000000000000000000, 0.000000000000000000 ) ) ;
#2237 = FACE_BOUND ( 'NONE', #1055, .T. ) ;
#2238 = CARTESIAN_POINT ( 'NONE',  ( -2.409338161078896346E-17, 0.1000000000000002554, -0.1999999999999997891 ) ) ;
#2239 = ORIENTED_EDGE ( 'NONE', *, *, #1064, .T. ) ;
#2240 =( GEOMETRIC_REPRESENTATION_CONTEXT ( 3 ) GLOBAL_UNCERTAINTY_ASSIGNED_CONTEXT ( ( #2136 ) ) GLOBAL_UNIT_ASSIGNED_CONTEXT ( ( #2192, #2392, #2796 ) ) REPRESENTATION_CONTEXT ( 'NONE', 'WORKASPACE' ) );
#2241 = FACE_OUTER_BOUND ( 'NONE', #906, .T. ) ;
#2242 = CARTESIAN_POINT ( 'NONE',  ( -0.6500000000000000222, 0.1000000000000000056, 1.149999999999999911 ) ) ;
#2243 = DIRECTION ( 'NONE',  ( 1.000000000000000000, 0.000000000000000000, -0.000000000000000000 ) ) ;
#2244 = DIRECTION ( 'NONE',  ( 0.000000000000000000, 0.000000000000000000, -1.000000000000000000 ) ) ;
#2245 = ORIENTED_EDGE ( 'NONE', *, *, #1981, .T. ) ;
#2246 = DIRECTION ( 'NONE',  ( 1.000000000000000000, 0.000000000000000000, -0.000000000000000000 ) ) ;
#2247 = EDGE_CURVE ( 'NONE', #1996, #2735, #876, .T. ) ;
#2248 = DIRECTION ( 'NONE',  ( 0.000000000000000000, 0.000000000000000000, 1.000000000000000000 ) ) ;
#2249 = VECTOR ( 'NONE', #1989, 1000.000000000000000 ) ;
#2250 = EDGE_CURVE ( 'NONE', #2104, #1925, #939, .T. ) ;
#2251 = EDGE_CURVE ( 'NONE', #1017, #628, #954, .T. ) ;
#2252 = DIRECTION ( 'NONE',  ( 1.000000000000000000, 0.000000000000000000, 1.734723475976807094E-16 ) ) ;
#2253 = CLOSED_SHELL ( 'NONE', ( #2821, #101, #2414, #743, #1220, #658, #2706, #332, #2291, #266, #1154, #2665 ) ) ;
#2254 = DIRECTION ( 'NONE',  ( 0.000000000000000000, 0.000000000000000000, -1.000000000000000000 ) ) ;
#2255 = CARTESIAN_POINT ( 'NONE',  ( -1.500000000000000222, 0.1000000000000000056, -1.500000000000000222 ) ) ;
#2256 = EDGE_CURVE ( 'NONE', #1207, #761, #16, .T. ) ;
#2257 = CARTESIAN_POINT ( 'NONE',  ( -0.6500000000000000222, 0.1000000000000000056, -1.149999999999999911 ) ) ;
#2258 = VECTOR ( 'NONE', #604, 1000.000000000000000 ) ;
#2259 = FILL_AREA_STYLE_COLOUR ( '', #2203 ) ;
#2260 = EDGE_CURVE ( 'NONE', #58, #2041, #1862, .T. ) ;
#2261 = ORIENTED_EDGE ( 'NONE', *, *, #474, .F. ) ;
#2262 = VECTOR ( 'NONE', #2780, 1000.000000000000000 ) ;
#2263 = SURFACE_STYLE_USAGE ( .BOTH. , #2642 ) ;
#2264 = AXIS2_PLACEMENT_3D ( 'NONE', #2767, #1974, #2243 ) ;
#2265 = ORIENTED_EDGE ( 'NONE', *, *, #2740, .T. ) ;
#2266 = DIRECTION ( 'NONE',  ( 0.000000000000000000, 0.000000000000000000, 1.000000000000000000 ) ) ;
#2267 = VECTOR ( 'NONE', #124, 1000.000000000000000 ) ;
#2268 = CARTESIAN_POINT ( 'NONE',  ( -5.170810361084735452E-16, 4.820169488482378917, 1.550000000000000266 ) ) ;
#2269 = DIRECTION ( 'NONE',  ( -0.000000000000000000, -1.000000000000000000, -0.000000000000000000 ) ) ;
#2270 = PLANE ( 'NONE',  #710 ) ;
#2271 = CARTESIAN_POINT ( 'NONE',  ( -0.6500000000000000222, 0.1000000000000002554, -0.1999999999999998723 ) ) ;
#2272 = ORIENTED_EDGE ( 'NONE', *, *, #1337, .F. ) ;
#2273 = ADVANCED_FACE ( 'NONE', ( #1831 ), #1090, .T. ) ;
#2274 = ADVANCED_FACE ( 'NONE', ( #2785, #1897 ), #2790, .F. ) ;
#2275 = DIRECTION ( 'NONE',  ( 2.853163611803958777E-17, 0.000000000000000000, -1.000000000000000000 ) ) ;
#2276 = EDGE_LOOP ( 'NONE', ( #1875, #2728, #1718, #1774 ) ) ;
#2277 = CARTESIAN_POINT ( 'NONE',  ( 0.1999999999999999833, 0.1000000000000002554, 1.149999999999999911 ) ) ;
#2278 = PLANE ( 'NONE',  #2651 ) ;
#2279 = CARTESIAN_POINT ( 'NONE',  ( -3.614007241618345443E-17, 0.1000000000000002554, 0.1999999999999998723 ) ) ;
#2280 = VERTEX_POINT ( 'NONE', #2625 ) ;
#2281 = VECTOR ( 'NONE', #12, 1000.000000000000000 ) ;
#2282 = EDGE_LOOP ( 'NONE', ( #168, #8, #2141, #1014 ) ) ;
#2283 = EDGE_CURVE ( 'NONE', #1209, #181, #1815, .T. ) ;
#2284 = CARTESIAN_POINT ( 'NONE',  ( 1.050000000000000266, 0.1000000000000000056, 1.149999999999997469 ) ) ;
#2285 = EDGE_CURVE ( 'NONE', #121, #363, #1853, .T. ) ;
#2286 = ORIENTED_EDGE ( 'NONE', *, *, #1752, .F. ) ;
#2287 = CARTESIAN_POINT ( 'NONE',  ( 1.050000000000000488, 0.1000000000000002554, 1.149999999999997469 ) ) ;
#2288 = DIRECTION ( 'NONE',  ( -1.000000000000000000, 0.000000000000000000, 1.204669080539449344E-16 ) ) ;
#2289 =( NAMED_UNIT ( * ) PLANE_ANGLE_UNIT ( ) SI_UNIT ( $, .RADIAN. ) );
#2290 = ORIENTED_EDGE ( 'NONE', *, *, #2429, .T. ) ;
#2291 = ADVANCED_FACE ( 'NONE', ( #1825 ), #919, .F. ) ;
#2292 = CARTESIAN_POINT ( 'NONE',  ( 1.399999999999999467, 0.1000000000000002554, 1.900000000000000133 ) ) ;
#2293 = PRODUCT_DEFINITION ( 'UNKNOWN', '', #2147, #1276 ) ;
#2294 = DIRECTION ( 'NONE',  ( 0.000000000000000000, 1.000000000000000000, 0.000000000000000000 ) ) ;
#2295 = CARTESIAN_POINT ( 'NONE',  ( 0.000000000000000000, 0.1000000000000000056, -1.149999999999999911 ) ) ;
#2296 = ORIENTED_EDGE ( 'NONE', *, *, #337, .T. ) ;
#2297 = AXIS2_PLACEMENT_3D ( 'NONE', #1976, #1118, #1553 ) ;
#2298 = ORIENTED_EDGE ( 'NONE', *, *, #698, .F. ) ;
#2299 = CARTESIAN_POINT ( 'NONE',  ( -0.1999999999999999833, 0.1000000000000000056, 1.149999999999999911 ) ) ;
#2300 = CARTESIAN_POINT ( 'NONE',  ( -0.6500000000000000222, 0.1000000000000002554, 0.1999999999999999833 ) ) ;
#2301 = DIRECTION ( 'NONE',  ( -1.000000000000000000, 0.000000000000000000, -2.323290369611795497E-16 ) ) ;
#2302 = ORIENTED_EDGE ( 'NONE', *, *, #1028, .F. ) ;
#2303 = DIRECTION ( 'NONE',  ( -1.000000000000000000, 0.000000000000000000, 0.000000000000000000 ) ) ;
#2304 = DIRECTION ( 'NONE',  ( -0.000000000000000000, -1.000000000000000000, -0.000000000000000000 ) ) ;
#2305 = ORIENTED_EDGE ( 'NONE', *, *, #2140, .T. ) ;
#2306 = CARTESIAN_POINT ( 'NONE',  ( 0.000000000000000000, 0.1000000000000000056, 0.000000000000000000 ) ) ;
#2307 = ORIENTED_EDGE ( 'NONE', *, *, #2814, .T. ) ;
#2308 = ADVANCED_FACE ( 'NONE', ( #1926 ), #2763, .F. ) ;
#2309 = ADVANCED_FACE ( 'NONE', ( #910 ), #2166, .T. ) ;
#2310 = AXIS2_PLACEMENT_3D ( 'NONE', #136, #1267, #415 ) ;
#2311 = ORIENTED_EDGE ( 'NONE', *, *, #699, .F. ) ;
#2312 = CARTESIAN_POINT ( 'NONE',  ( -1.050000000000000044, -0.000000000000000000, -1.149999999999997247 ) ) ;
#2313 = DIRECTION ( 'NONE',  ( 0.000000000000000000, 0.000000000000000000, -1.000000000000000000 ) ) ;
#2314 = EDGE_CURVE ( 'NONE', #1633, #2648, #847, .T. ) ;
#2315 = EDGE_CURVE ( 'NONE', #317, #2111, #861, .T. ) ;
#2316 = ORIENTED_EDGE ( 'NONE', *, *, #514, .F. ) ;
#2317 =( NAMED_UNIT ( * ) PLANE_ANGLE_UNIT ( ) SI_UNIT ( $, .RADIAN. ) );
#2318 = VECTOR ( 'NONE', #1059, 1000.000000000000000 ) ;
#2319 = CARTESIAN_POINT ( 'NONE',  ( -0.1999999999999999833, 0.1000000000000002554, -1.149999999999999911 ) ) ;
#2320 = ORIENTED_EDGE ( 'NONE', *, *, #381, .T. ) ;
#2321 = CARTESIAN_POINT ( 'NONE',  ( -0.1999999999999999833, -0.000000000000000000, 0.1999999999999999001 ) ) ;
#2322 = DIRECTION ( 'NONE',  ( 0.000000000000000000, -1.000000000000000000, 0.000000000000000000 ) ) ;
#2323 = LINE ( 'NONE', #2279, #2318 ) ;
#2324 = ORIENTED_EDGE ( 'NONE', *, *, #2058, .F. ) ;
#2325 = STYLED_ITEM ( 'NONE', ( #1707 ), #2126 ) ;
#2326 = FACE_OUTER_BOUND ( 'NONE', #1556, .T. ) ;
#2327 = VERTEX_POINT ( 'NONE', #1865 ) ;
#2328 = CARTESIAN_POINT ( 'NONE',  ( 0.000000000000000000, 1.000000000000000000, 0.7800000000000000266 ) ) ;
#2329 = DIRECTION ( 'NONE',  ( 0.000000000000000000, -0.000000000000000000, -1.000000000000000000 ) ) ;
#2330 = VECTOR ( 'NONE', #139, 1000.000000000000000 ) ;
#2331 = ORIENTED_EDGE ( 'NONE', *, *, #1400, .F. ) ;
#2332 = PLANE ( 'NONE',  #1301 ) ;
#2333 = FACE_OUTER_BOUND ( 'NONE', #1753, .T. ) ;
#2334 = DIRECTION ( 'NONE',  ( 0.000000000000000000, 1.000000000000000000, 0.000000000000000000 ) ) ;
#2335 = ORIENTED_EDGE ( 'NONE', *, *, #1456, .F. ) ;
#2336 = PLANE ( 'NONE',  #1449 ) ;
#2337 = PLANE ( 'NONE',  #691 ) ;
#2338 = EDGE_CURVE ( 'NONE', #35, #1233, #2797, .T. ) ;
#2339 = VECTOR ( 'NONE', #2637, 1000.000000000000000 ) ;
#2340 = VERTEX_POINT ( 'NONE', #992 ) ;
#2341 = EDGE_CURVE ( 'NONE', #1139, #1403, #1836, .T. ) ;
#2342 = LINE ( 'NONE', #966, #398 ) ;
#2343 = EDGE_CURVE ( 'NONE', #2134, #2412, #2817, .T. ) ;
#2344 = ORIENTED_EDGE ( 'NONE', *, *, #2247, .T. ) ;
#2345 = DIRECTION ( 'NONE',  ( 1.000000000000000000, 0.000000000000000000, 0.000000000000000000 ) ) ;
#2346 = EDGE_CURVE ( 'NONE', #414, #714, #2851, .T. ) ;
#2347 = DIRECTION ( 'NONE',  ( -1.000000000000000000, 0.000000000000000000, -3.336006684570796906E-16 ) ) ;
#2348 = DIRECTION ( 'NONE',  ( 0.000000000000000000, 0.000000000000000000, -1.000000000000000000 ) ) ;
#2349 = LINE ( 'NONE', #2577, #413 ) ;
#2350 = VERTEX_POINT ( 'NONE', #387 ) ;
#2351 = ADVANCED_FACE ( 'NONE', ( #836 ), #589, .F. ) ;
#2352 = LINE ( 'NONE', #2379, #1509 ) ;
#2353 = FILL_AREA_STYLE ('',( #2137 ) ) ;
#2354 = ORIENTED_EDGE ( 'NONE', *, *, #2523, .F. ) ;
#2355 = PLANE ( 'NONE',  #133 ) ;
#2356 = AXIS2_PLACEMENT_3D ( 'NONE', #471, #1823, #2697 ) ;
#2357 = FACE_OUTER_BOUND ( 'NONE', #365, .T. ) ;
#2358 = ORIENTED_EDGE ( 'NONE', *, *, #1400, .T. ) ;
#2359 = VECTOR ( 'NONE', #1841, 1000.000000000000000 ) ;
#2360 = ORIENTED_EDGE ( 'NONE', *, *, #1756, .F. ) ;
#2361 = DIRECTION ( 'NONE',  ( 0.000000000000000000, 0.000000000000000000, 1.000000000000000000 ) ) ;
#2362 = CARTESIAN_POINT ( 'NONE',  ( -0.6500000000000000222, 0.1000000000000000056, 1.149999999999999911 ) ) ;
#2363 = VECTOR ( 'NONE', #2094, 1000.000000000000000 ) ;
#2364 = ORIENTED_EDGE ( 'NONE', *, *, #1648, .F. ) ;
#2365 = PLANE ( 'NONE',  #2517 ) ;
#2366 = DIRECTION ( 'NONE',  ( 0.000000000000000000, 0.000000000000000000, 1.000000000000000000 ) ) ;
#2367 = ORIENTED_EDGE ( 'NONE', *, *, #736, .T. ) ;
#2368 = EDGE_CURVE ( 'NONE', #2580, #1700, #890, .T. ) ;
#2369 = PLANE ( 'NONE',  #1929 ) ;
#2370 = EDGE_CURVE ( 'NONE', #661, #44, #872, .T. ) ;
#2371 = VECTOR ( 'NONE', #908, 1000.000000000000000 ) ;
#2372 = ORIENTED_EDGE ( 'NONE', *, *, #2338, .T. ) ;
#2373 = DIRECTION ( 'NONE',  ( -1.000000000000000000, 0.000000000000000000, -3.336006684570796906E-16 ) ) ;
#2374 = DIRECTION ( 'NONE',  ( -0.000000000000000000, 1.000000000000000000, -0.000000000000000000 ) ) ;
#2375 = UNCERTAINTY_MEASURE_WITH_UNIT (LENGTH_MEASURE( 1.000000000000000082E-05 ), #2663, 'distance_accuracy_value', 'NONE');
#2376 = EDGE_CURVE ( 'NONE', #1695, #712, #2835, .T. ) ;
#2377 = FACE_OUTER_BOUND ( 'NONE', #1595, .T. ) ;
#2378 = ORIENTED_EDGE ( 'NONE', *, *, #381, .F. ) ;
#2379 = CARTESIAN_POINT ( 'NONE',  ( 0.000000000000000000, 0.1000000000000002554, 1.149999999999999911 ) ) ;
#2380 = CARTESIAN_POINT ( 'NONE',  ( -0.6499999999999970246, 4.820169488482378917, -1.550000000000000266 ) ) ;
#2381 = DIRECTION ( 'NONE',  ( 0.000000000000000000, -1.000000000000000000, 0.000000000000000000 ) ) ;
#2382 = CARTESIAN_POINT ( 'NONE',  ( 0.6500000000000000222, 0.1000000000000000056, 0.000000000000000000 ) ) ;
#2383 = CYLINDRICAL_SURFACE ( 'NONE', #2049, 0.4000000000000001887 ) ;
#2384 = ORIENTED_EDGE ( 'NONE', *, *, #449, .T. ) ;
#2385 = DIRECTION ( 'NONE',  ( 0.000000000000000000, -0.000000000000000000, -1.000000000000000000 ) ) ;
#2386 = DIRECTION ( 'NONE',  ( 0.000000000000000000, 0.000000000000000000, 1.000000000000000000 ) ) ;
#2387 = LINE ( 'NONE', #769, #2359 ) ;
#2388 = CARTESIAN_POINT ( 'NONE',  ( -0.6499999999999972466, 0.000000000000000000, 1.550000000000000044 ) ) ;
#2389 = ORIENTED_EDGE ( 'NONE', *, *, #445, .T. ) ;
#2390 = VECTOR ( 'NONE', #2345, 1000.000000000000000 ) ;
#2391 = CARTESIAN_POINT ( 'NONE',  ( 0.000000000000000000, 1.000000000000000000, 0.7800000000000000266 ) ) ;
#2392 =( NAMED_UNIT ( * ) PLANE_ANGLE_UNIT ( ) SI_UNIT ( $, .RADIAN. ) );
#2393 = DIRECTION ( 'NONE',  ( 0.000000000000000000, 0.000000000000000000, 1.000000000000000000 ) ) ;
#2394 = DIRECTION ( 'NONE',  ( 0.000000000000000000, -0.000000000000000000, -1.000000000000000000 ) ) ;
#2395 = LINE ( 'NONE', #2299, #1375 ) ;
#2396 = EDGE_CURVE ( 'NONE', #1130, #2340, #4, .T. ) ;
#2397 = VECTOR ( 'NONE', #1809, 1000.000000000000000 ) ;
#2398 = CARTESIAN_POINT ( 'NONE',  ( 3.295974604355933479E-16, 0.1000000000000000056, -1.899999999999999911 ) ) ;
#2399 = EDGE_CURVE ( 'NONE', #1155, #1844, #913, .T. ) ;
#2400 = EDGE_CURVE ( 'NONE', #116, #1784, #929, .T. ) ;
#2401 = FILL_AREA_STYLE_COLOUR ( '', #1601 ) ;
#2402 = FACE_OUTER_BOUND ( 'NONE', #2276, .T. ) ;
#2403 = DIRECTION ( 'NONE',  ( -1.000000000000000000, 0.000000000000000000, 0.000000000000000000 ) ) ;
#2404 = CARTESIAN_POINT ( 'NONE',  ( -1.500000000000000222, -0.000000000000000000, -1.500000000000000222 ) ) ;
#2405 = VECTOR ( 'NONE', #303, 1000.000000000000000 ) ;
#2406 = PLANE ( 'NONE',  #496 ) ;
#2407 = STYLED_ITEM ( 'NONE', ( #2510 ), #1219 ) ;
#2408 = CARTESIAN_POINT ( 'NONE',  ( -0.1999999999999999833, 0.000000000000000000, 1.149999999999999911 ) ) ;
#2409 = CARTESIAN_POINT ( 'NONE',  ( -0.1999999999999999833, 4.820169488482378917, -0.1999999999999998168 ) ) ;
#2410 = VECTOR ( 'NONE', #1315, 1000.000000000000000 ) ;
#2411 = PLANE ( 'NONE',  #1510 ) ;
#2412 = VERTEX_POINT ( 'NONE', #1751 ) ;
#2413 = CYLINDRICAL_SURFACE ( 'NONE', #96, 0.3999999999999999667 ) ;
#2414 = ADVANCED_FACE ( 'NONE', ( #2859 ), #1340, .F. ) ;
#2415 = CARTESIAN_POINT ( 'NONE',  ( -1.050000000000000044, 0.1000000000000000056, 1.149999999999997247 ) ) ;
#2416 = ORIENTED_EDGE ( 'NONE', *, *, #445, .F. ) ;
#2417 = VECTOR ( 'NONE', #777, 1000.000000000000000 ) ;
#2418 = DIRECTION ( 'NONE',  ( 0.000000000000000000, -0.000000000000000000, -1.000000000000000000 ) ) ;
#2419 = EDGE_LOOP ( 'NONE', ( #809, #862, #1249, #1789 ) ) ;
#2420 = CARTESIAN_POINT ( 'NONE',  ( 0.000000000000000000, 0.000000000000000000, 0.000000000000000000 ) ) ;
#2421 = CIRCLE ( 'NONE', #594, 0.3499999999999999223 ) ;
#2422 = ORIENTED_EDGE ( 'NONE', *, *, #2723, .F. ) ;
#2423 = DIRECTION ( 'NONE',  ( -0.000000000000000000, 1.000000000000000000, -0.000000000000000000 ) ) ;
#2424 = LINE ( 'NONE', #188, #1522 ) ;
#2425 = DIRECTION ( 'NONE',  ( -1.000000000000000000, 0.000000000000000000, 0.000000000000000000 ) ) ;
#2426 = CARTESIAN_POINT ( 'NONE',  ( 1.399999999999999467, 4.820169488482378917, 1.900000000000000133 ) ) ;
#2427 = ORIENTED_EDGE ( 'NONE', *, *, #144, .F. ) ;
#2428 = VECTOR ( 'NONE', #1478, 1000.000000000000000 ) ;
#2429 = EDGE_CURVE ( 'NONE', #1001, #1844, #1908, .T. ) ;
#2430 = CARTESIAN_POINT ( 'NONE',  ( -1.400000000000000133, 0.1000000000000000056, -1.600000000000000311 ) ) ;
#2431 = ORIENTED_EDGE ( 'NONE', *, *, #1810, .T. ) ;
#2432 = VECTOR ( 'NONE', #1317, 1000.000000000000000 ) ;
#2433 = AXIS2_PLACEMENT_3D ( 'NONE', #1339, #764, #2833 ) ;
#2434 = CARTESIAN_POINT ( 'NONE',  ( 0.6500000000000003553, 0.1000000000000000056, -1.149999999999999467 ) ) ;
#2435 = DIRECTION ( 'NONE',  ( 0.000000000000000000, -0.000000000000000000, 1.000000000000000000 ) ) ;
#2436 = ORIENTED_EDGE ( 'NONE', *, *, #1429, .F. ) ;
#2437 = LINE ( 'NONE', #444, #517 ) ;
#2438 = CARTESIAN_POINT ( 'NONE',  ( -0.1999999999999999833, 0.1000000000000000056, -1.149999999999999911 ) ) ;
#2439 = AXIS2_PLACEMENT_3D ( 'NONE', #1803, #1391, #896 ) ;
#2440 = ORIENTED_EDGE ( 'NONE', *, *, #2848, .F. ) ;
#2441 = DIRECTION ( 'NONE',  ( -0.000000000000000000, -1.000000000000000000, -0.000000000000000000 ) ) ;
#2442 = FACE_OUTER_BOUND ( 'NONE', #145, .T. ) ;
#2443 = CARTESIAN_POINT ( 'NONE',  ( -0.6500000000000000222, 0.000000000000000000, -0.1999999999999998723 ) ) ;
#2444 = CARTESIAN_POINT ( 'NONE',  ( 0.000000000000000000, 0.1000000000000000056, 0.000000000000000000 ) ) ;
#2445 = ORIENTED_EDGE ( 'NONE', *, *, #148, .F. ) ;
#2446 = VECTOR ( 'NONE', #428, 1000.000000000000000 ) ;
#2447 = ORIENTED_EDGE ( 'NONE', *, *, #189, .T. ) ;
#2448 = FILL_AREA_STYLE ('',( #2401 ) ) ;
#2449 = AXIS2_PLACEMENT_3D ( 'NONE', #1016, #1632, #1649 ) ;
#2450 = CIRCLE ( 'NONE', #1191, 0.3999999999999999667 ) ;
#2451 = CARTESIAN_POINT ( 'NONE',  ( 1.500000000000000222, 1.100000000000000089, 2.000000000000000000 ) ) ;
#2452 = DIRECTION ( 'NONE',  ( -3.336006684570796906E-16, 0.000000000000000000, 1.000000000000000000 ) ) ;
#2453 = ORIENTED_EDGE ( 'NONE', *, *, #225, .F. ) ;
#2454 = CARTESIAN_POINT ( 'NONE',  ( -0.6500000000000000222, -0.000000000000000000, 0.000000000000000000 ) ) ;
#2455 = PLANE ( 'NONE',  #2176 ) ;
#2456 = MANIFOLD_SOLID_BREP ( 'Boss-Extrude2[4]', #930 ) ;
#2457 = LINE ( 'NONE', #2202, #527 ) ;
#2458 = MECHANICAL_DESIGN_GEOMETRIC_PRESENTATION_REPRESENTATION (  '', ( #1392 ), #790 ) ;
#2459 = DIRECTION ( 'NONE',  ( -2.323290369611795497E-16, 0.000000000000000000, 1.000000000000000000 ) ) ;
#2460 = EDGE_CURVE ( 'NONE', #210, #306, #21, .T. ) ;
#2461 = ORIENTED_EDGE ( 'NONE', *, *, #1479, .T. ) ;
#2462 = CARTESIAN_POINT ( 'NONE',  ( -0.1999999999999999833, 0.1000000000000000056, 0.1999999999999999001 ) ) ;
#2463 = FACE_OUTER_BOUND ( 'NONE', #1034, .T. ) ;
#2464 = CARTESIAN_POINT ( 'NONE',  ( 1.500000000000000222, 1.100000000000000089, 2.000000000000000000 ) ) ;
#2465 = EDGE_CURVE ( 'NONE', #927, #44, #961, .T. ) ;
#2466 = ORIENTED_EDGE ( 'NONE', *, *, #2315, .F. ) ;
#2467 = EDGE_CURVE ( 'NONE', #2111, #1153, #94, .T. ) ;
#2468 = ADVANCED_FACE ( 'NONE', ( #991 ), #1286, .F. ) ;
#2469 = LINE ( 'NONE', #1871, #2428 ) ;
#2470 = EDGE_LOOP ( 'NONE', ( #351, #389, #560, #1349 ) ) ;
#2471 = AXIS2_PLACEMENT_3D ( 'NONE', #423, #1256, #567 ) ;
#2472 = LINE ( 'NONE', #1495, #1486 ) ;
#2473 = ORIENTED_EDGE ( 'NONE', *, *, #2250, .T. ) ;
#2474 = AXIS2_PLACEMENT_3D ( 'NONE', #50, #1328, #635 ) ;
#2475 = FACE_OUTER_BOUND ( 'NONE', #711, .T. ) ;
#2476 = CARTESIAN_POINT ( 'NONE',  ( 0.6500000000000000222, 0.000000000000000000, -1.149999999999999689 ) ) ;
#2477 = ORIENTED_EDGE ( 'NONE', *, *, #1680, .F. ) ;
#2478 = CARTESIAN_POINT ( 'NONE',  ( -0.1999999999999999833, 0.1000000000000000056, -0.1999999999999998168 ) ) ;
#2479 = CARTESIAN_POINT ( 'NONE',  ( 5.170810361084734466E-16, 0.1000000000000002554, -1.550000000000000044 ) ) ;
#2480 = LINE ( 'NONE', #1571, #1496 ) ;
#2481 = CARTESIAN_POINT ( 'NONE',  ( -0.6500000000000000222, 0.1000000000000000056, -0.1999999999999998723 ) ) ;
#2482 = DIRECTION ( 'NONE',  ( 0.000000000000000000, 0.000000000000000000, -1.000000000000000000 ) ) ;
#2483 = ORIENTED_EDGE ( 'NONE', *, *, #822, .F. ) ;
#2484 = VECTOR ( 'NONE', #2688, 1000.000000000000000 ) ;
#2485 = AXIS2_PLACEMENT_3D ( 'NONE', #715, #1425, #2743 ) ;
#2486 = ORIENTED_EDGE ( 'NONE', *, *, #2021, .T. ) ;
#2487 = ADVANCED_FACE ( 'NONE', ( #1966 ), #42, .T. ) ;
#2488 = LINE ( 'NONE', #1711, #525 ) ;
#2489 = DIRECTION ( 'NONE',  ( 1.000000000000000000, 0.000000000000000000, 4.818676322157797375E-16 ) ) ;
#2490 = CARTESIAN_POINT ( 'NONE',  ( 4.286263797015735979E-17, 0.9000000000000000222, 0.4299999999999999933 ) ) ;
#2491 = DIRECTION ( 'NONE',  ( 0.000000000000000000, 0.000000000000000000, 1.000000000000000000 ) ) ;
#2492 = VERTEX_POINT ( 'NONE', #1552 ) ;
#2493 = SURFACE_STYLE_FILL_AREA ( #418 ) ;
#2494 = EDGE_CURVE ( 'NONE', #2629, #1965, #63, .T. ) ;
#2495 = CARTESIAN_POINT ( 'NONE',  ( 2.409338161078896346E-17, -0.000000000000000000, -0.1999999999999997891 ) ) ;
#2496 = DIRECTION ( 'NONE',  ( -0.000000000000000000, 1.000000000000000000, -0.000000000000000000 ) ) ;
#2497 = ORIENTED_EDGE ( 'NONE', *, *, #1648, .T. ) ;
#2498 = CARTESIAN_POINT ( 'NONE',  ( -0.6499999999999972466, 0.1000000000000002554, 1.550000000000000044 ) ) ;
#2499 = EDGE_CURVE ( 'NONE', #1120, #2227, #1063, .T. ) ;
#2500 = VECTOR ( 'NONE', #2171, 1000.000000000000000 ) ;
#2501 =( GEOMETRIC_REPRESENTATION_CONTEXT ( 3 ) GLOBAL_UNCERTAINTY_ASSIGNED_CONTEXT ( ( #1326 ) ) GLOBAL_UNIT_ASSIGNED_CONTEXT ( ( #1883, #2536, #2746 ) ) REPRESENTATION_CONTEXT ( 'NONE', 'WORKASPACE' ) );
#2502 = CARTESIAN_POINT ( 'NONE',  ( 0.6500000000000000222, 4.820169488482378917, -0.1999999999999998723 ) ) ;
#2503 = ORIENTED_EDGE ( 'NONE', *, *, #2260, .F. ) ;
#2504 = ORIENTED_EDGE ( 'NONE', *, *, #511, .T. ) ;
#2505 = CYLINDRICAL_SURFACE ( 'NONE', #846, 0.3499999999999999223 ) ;
#2506 = DIRECTION ( 'NONE',  ( -1.000000000000000000, 0.000000000000000000, 1.807003620809173892E-16 ) ) ;
#2507 = CARTESIAN_POINT ( 'NONE',  ( -4.414251702262411544E-16, 0.000000000000000000, 1.899999999999999911 ) ) ;
#2508 = ORIENTED_EDGE ( 'NONE', *, *, #190, .F. ) ;
#2509 = ADVANCED_FACE ( 'NONE', ( #90 ), #2026, .T. ) ;
#2510 = PRESENTATION_STYLE_ASSIGNMENT (( #2263 ) ) ;
#2511 =( NAMED_UNIT ( * ) SI_UNIT ( $, .STERADIAN. ) SOLID_ANGLE_UNIT ( ) );
#2512 = ORIENTED_EDGE ( 'NONE', *, *, #542, .T. ) ;
#2513 = CARTESIAN_POINT ( 'NONE',  ( 0.6500000000000000222, 0.000000000000000000, 0.1999999999999999833 ) ) ;
#2514 = DIRECTION ( 'NONE',  ( 0.000000000000000000, -0.000000000000000000, -1.000000000000000000 ) ) ;
#2515 = ORIENTED_EDGE ( 'NONE', *, *, #241, .F. ) ;
#2516 = PRESENTATION_STYLE_ASSIGNMENT (( #259 ) ) ;
#2517 = AXIS2_PLACEMENT_3D ( 'NONE', #1445, #1665, #1630 ) ;
#2518 = EDGE_CURVE ( 'NONE', #2580, #1982, #1044, .T. ) ;
#2519 = ORIENTED_EDGE ( 'NONE', *, *, #1686, .F. ) ;
#2520 = DIRECTION ( 'NONE',  ( 0.000000000000000000, 0.000000000000000000, 1.000000000000000000 ) ) ;
#2521 = CARTESIAN_POINT ( 'NONE',  ( 0.000000000000000000, 0.9000000000000000222, 0.7800000000000000266 ) ) ;
#2522 = CARTESIAN_POINT ( 'NONE',  ( -0.1999999999999999833, -0.000000000000000000, 0.000000000000000000 ) ) ;
#2523 = EDGE_CURVE ( 'NONE', #941, #692, #2008, .T. ) ;
#2524 = FACE_OUTER_BOUND ( 'NONE', #2052, .T. ) ;
#2525 = DIRECTION ( 'NONE',  ( 1.000000000000000000, 0.000000000000000000, -0.000000000000000000 ) ) ;
#2526 = CARTESIAN_POINT ( 'NONE',  ( -0.1999999999999999833, 0.1000000000000002554, 0.000000000000000000 ) ) ;
#2527 = DIRECTION ( 'NONE',  ( 1.000000000000000000, 0.000000000000000000, -0.000000000000000000 ) ) ;
#2528 = ADVANCED_FACE ( 'NONE', ( #2037 ), #1999, .T. ) ;
#2529 = FACE_BOUND ( 'NONE', #2593, .T. ) ;
#2530 = CARTESIAN_POINT ( 'NONE',  ( 0.000000000000000000, 1.000000000000000000, 0.4299999999999999933 ) ) ;
#2531 = CARTESIAN_POINT ( 'NONE',  ( -0.1999999999999999833, 0.1000000000000000056, 0.000000000000000000 ) ) ;
#2532 = AXIS2_PLACEMENT_3D ( 'NONE', #2535, #354, #547 ) ;
#2533 = VECTOR ( 'NONE', #2027, 1000.000000000000000 ) ;
#2534 = PLANE ( 'NONE',  #2131 ) ;
#2535 = CARTESIAN_POINT ( 'NONE',  ( -0.6500000000000000222, 0.1000000000000002554, 1.149999999999999911 ) ) ;
#2536 =( NAMED_UNIT ( * ) PLANE_ANGLE_UNIT ( ) SI_UNIT ( $, .RADIAN. ) );
#2537 = ORIENTED_EDGE ( 'NONE', *, *, #866, .F. ) ;
#2538 = VECTOR ( 'NONE', #1708, 1000.000000000000000 ) ;
#2539 = VECTOR ( 'NONE', #437, 1000.000000000000000 ) ;
#2540 =( NAMED_UNIT ( * ) SI_UNIT ( $, .STERADIAN. ) SOLID_ANGLE_UNIT ( ) );
#2541 = VERTEX_POINT ( 'NONE', #2647 ) ;
#2542 = LINE ( 'NONE', #2078, #618 ) ;
#2543 = SURFACE_SIDE_STYLE ('',( #798 ) ) ;
#2544 = DIRECTION ( 'NONE',  ( -0.000000000000000000, -1.000000000000000000, -0.000000000000000000 ) ) ;
#2545 = VERTEX_POINT ( 'NONE', #252 ) ;
#2546 = EDGE_CURVE ( 'NONE', #2545, #1965, #1012, .T. ) ;
#2547 = COLOUR_RGB ( '',1.000000000000000000, 0.8117647058823529438, 0.5019607843137254832 ) ;
#2548 = VECTOR ( 'NONE', #450, 1000.000000000000000 ) ;
#2549 = ADVANCED_FACE ( 'NONE', ( #1023 ), #532, .T. ) ;
#2550 = COLOUR_RGB ( '',1.000000000000000000, 0.8117647058823529438, 0.5019607843137254832 ) ;
#2551 = EDGE_CURVE ( 'NONE', #1700, #2847, #965, .T. ) ;
#2552 = CARTESIAN_POINT ( 'NONE',  ( 0.000000000000000000, 0.000000000000000000, 0.000000000000000000 ) ) ;
#2553 = LINE ( 'NONE', #741, #2538 ) ;
#2554 = LINE ( 'NONE', #292, #702 ) ;
#2555 = FACE_OUTER_BOUND ( 'NONE', #1927, .T. ) ;
#2556 = CARTESIAN_POINT ( 'NONE',  ( -1.050000000000000044, 0.1000000000000000056, -1.149999999999997247 ) ) ;
#2557 = EDGE_CURVE ( 'NONE', #52, #2030, #1947, .T. ) ;
#2558 = EDGE_CURVE ( 'NONE', #1491, #114, #111, .T. ) ;
#2559 = CARTESIAN_POINT ( 'NONE',  ( -1.050000000000000044, 4.820169488482378917, -1.149999999999997247 ) ) ;
#2560 = ORIENTED_EDGE ( 'NONE', *, *, #1886, .T. ) ;
#2561 = SURFACE_STYLE_FILL_AREA ( #1038 ) ;
#2562 = CIRCLE ( 'NONE', #1764, 0.1250000000000000000 ) ;
#2563 = DIRECTION ( 'NONE',  ( -2.853163611803958777E-17, 0.000000000000000000, 1.000000000000000000 ) ) ;
#2564 = CLOSED_SHELL ( 'NONE', ( #983, #2683, #1086, #555, #226, #827, #2059, #505, #2118, #1662, #1239, #926, #1822, #1799, #1818, #1188, #722, #1122, #2509, #1109, #311, #1471, #506, #1367, #78, #2210, #79, #2089, #528, #2528, #928, #2468, #2549, #2309, #720, #1845, #30, #2148, #128, #694, #894 ) ) ;
#2565 = LINE ( 'NONE', #402, #654 ) ;
#2566 = CARTESIAN_POINT ( 'NONE',  ( -1.050000000000000044, 0.000000000000000000, 1.149999999999997247 ) ) ;
#2567 = LINE ( 'NONE', #2216, #598 ) ;
#2568 = CARTESIAN_POINT ( 'NONE',  ( 0.000000000000000000, 1.000000000000000000, 0.7800000000000000266 ) ) ;
#2569 = AXIS2_PLACEMENT_3D ( 'NONE', #2810, #627, #207 ) ;
#2570 = FACE_OUTER_BOUND ( 'NONE', #1548, .T. ) ;
#2571 = SURFACE_STYLE_FILL_AREA ( #2448 ) ;
#2572 = CARTESIAN_POINT ( 'NONE',  ( 0.6500000000000000222, 4.820169488482378917, 0.1999999999999999833 ) ) ;
#2573 = CARTESIAN_POINT ( 'NONE',  ( 0.6500000000000000222, 4.820169488482378917, 1.149999999999999911 ) ) ;
#2574 = CARTESIAN_POINT ( 'NONE',  ( 0.6500000000000000222, 0.1000000000000002554, 0.000000000000000000 ) ) ;
#2575 = VERTEX_POINT ( 'NONE', #682 ) ;
#2576 = VECTOR ( 'NONE', #1625, 1000.000000000000000 ) ;
#2577 = CARTESIAN_POINT ( 'NONE',  ( -0.1999999999999999833, -0.000000000000000000, 0.000000000000000000 ) ) ;
#2578 = CARTESIAN_POINT ( 'NONE',  ( -1.500000000000000222, -0.000000000000000000, -1.500000000000000222 ) ) ;
#2579 = CARTESIAN_POINT ( 'NONE',  ( 1.050000000000000266, 0.000000000000000000, 1.149999999999997469 ) ) ;
#2580 = VERTEX_POINT ( 'NONE', #1802 ) ;
#2581 = CARTESIAN_POINT ( 'NONE',  ( 0.1999999999999999833, 0.1000000000000002554, -1.149999999999999911 ) ) ;
#2582 = FACE_OUTER_BOUND ( 'NONE', #1039, .T. ) ;
#2583 = MECHANICAL_DESIGN_GEOMETRIC_PRESENTATION_REPRESENTATION (  '', ( #260 ), #2240 ) ;
#2584 = CARTESIAN_POINT ( 'NONE',  ( 0.6500000000000000222, 0.1000000000000000056, 0.000000000000000000 ) ) ;
#2585 = DIRECTION ( 'NONE',  ( 1.000000000000000000, 0.000000000000000000, 4.818676322157797375E-16 ) ) ;
#2586 = LINE ( 'NONE', #584, #1657 ) ;
#2587 = CARTESIAN_POINT ( 'NONE',  ( 0.6499999999999976907, 0.1000000000000000056, -1.549999999999999822 ) ) ;
#2588 = VECTOR ( 'NONE', #1417, 1000.000000000000000 ) ;
#2589 = LINE ( 'NONE', #1454, #663 ) ;
#2590 = CARTESIAN_POINT ( 'NONE',  ( -1.400000000000000355, 0.1000000000000000056, 1.899999999999999467 ) ) ;
#2591 = CARTESIAN_POINT ( 'NONE',  ( -1.100000000000000755, 4.820169488482378917, -1.899999999999999689 ) ) ;
#2592 = EDGE_CURVE ( 'NONE', #1965, #628, #976, .T. ) ;
#2593 = EDGE_LOOP ( 'NONE', ( #2067, #157, #2832, #1355, #1010, #950, #97, #186 ) ) ;
#2594 = FACE_OUTER_BOUND ( 'NONE', #1743, .T. ) ;
#2595 = EDGE_CURVE ( 'NONE', #1493, #2012, #985, .T. ) ;
#2596 = CARTESIAN_POINT ( 'NONE',  ( -1.500000000000000222, 1.100000000000000089, -2.000000000000000000 ) ) ;
#2597 = PLANE ( 'NONE',  #2034 ) ;
#2598 = DIRECTION ( 'NONE',  ( 0.000000000000000000, 0.000000000000000000, -1.000000000000000000 ) ) ;
#2599 = LINE ( 'NONE', #2490, #1578 ) ;
#2600 = DIRECTION ( 'NONE',  ( 1.000000000000000000, 0.000000000000000000, 1.734723475976807094E-16 ) ) ;
#2601 = AXIS2_PLACEMENT_3D ( 'NONE', #1824, #2698, #696 ) ;
#2602 = CARTESIAN_POINT ( 'NONE',  ( 0.6500000000000000222, 0.1000000000000002554, -1.149999999999999689 ) ) ;
#2603 = LINE ( 'NONE', #2153, #1596 ) ;
#2604 = CARTESIAN_POINT ( 'NONE',  ( 1.399999999999999467, 0.1000000000000000056, -1.899999999999999689 ) ) ;
#2605 = CARTESIAN_POINT ( 'NONE',  ( -0.6500000000000000222, 0.1000000000000000056, -1.149999999999999911 ) ) ;
#2606 = EDGE_LOOP ( 'NONE', ( #23, #848, #2808, #215 ) ) ;
#2607 = VECTOR ( 'NONE', #1255, 1000.000000000000000 ) ;
#2608 = ADVANCED_FACE ( 'NONE', ( #1961 ), #999, .F. ) ;
#2609 = CARTESIAN_POINT ( 'NONE',  ( 0.000000000000000000, 0.1000000000000000056, 0.000000000000000000 ) ) ;
#2610 = DIRECTION ( 'NONE',  ( 0.000000000000000000, -1.000000000000000000, 0.000000000000000000 ) ) ;
#2611 = FACE_OUTER_BOUND ( 'NONE', #1085, .T. ) ;
#2612 = CARTESIAN_POINT ( 'NONE',  ( 0.000000000000000000, 1.000000000000000000, 1.429999999999999938 ) ) ;
#2613 = DIRECTION ( 'NONE',  ( -1.000000000000000000, 0.000000000000000000, -0.000000000000000000 ) ) ;
#2614 = AXIS2_PLACEMENT_3D ( 'NONE', #380, #400, #599 ) ;
#2615 = ADVANCED_FACE ( 'NONE', ( #1992 ), #738, .F. ) ;
#2616 = LINE ( 'NONE', #1602, #2548 ) ;
#2617 = ORIENTED_EDGE ( 'NONE', *, *, #638, .F. ) ;
#2618 = LINE ( 'NONE', #850, #2623 ) ;
#2619 = EDGE_CURVE ( 'NONE', #414, #1990, #1003, .T. ) ;
#2620 = EDGE_CURVE ( 'NONE', #2412, #137, #1006, .T. ) ;
#2621 = PLANE ( 'NONE',  #1000 ) ;
#2622 = VERTEX_POINT ( 'NONE', #326 ) ;
#2623 = VECTOR ( 'NONE', #1998, 1000.000000000000000 ) ;
#2624 = EDGE_CURVE ( 'NONE', #2545, #1017, #1997, .T. ) ;
#2625 = CARTESIAN_POINT ( 'NONE',  ( 1.500000000000000222, 1.100000000000000089, -2.000000000000000000 ) ) ;
#2626 =( NAMED_UNIT ( * ) PLANE_ANGLE_UNIT ( ) SI_UNIT ( $, .RADIAN. ) );
#2627 = DIRECTION ( 'NONE',  ( 0.000000000000000000, -1.000000000000000000, 0.000000000000000000 ) ) ;
#2628 = AXIS2_PLACEMENT_3D ( 'NONE', #924, #1206, #1519 ) ;
#2629 = VERTEX_POINT ( 'NONE', #1787 ) ;
#2630 = ADVANCED_FACE ( 'NONE', ( #2013 ), #1769, .T. ) ;
#2631 = AXIS2_PLACEMENT_3D ( 'NONE', #45, #892, #1660 ) ;
#2632 = CARTESIAN_POINT ( 'NONE',  ( -1.399999999999999689, -0.000000000000000000, -1.600000000000000311 ) ) ;
#2633 = EDGE_CURVE ( 'NONE', #2774, #1948, #1018, .T. ) ;
#2634 = VERTEX_POINT ( 'NONE', #2106 ) ;
#2635 = CIRCLE ( 'NONE', #2532, 0.3999999999999999667 ) ;
#2636 = CARTESIAN_POINT ( 'NONE',  ( 0.6500000000000000222, 0.000000000000000000, -0.1999999999999998723 ) ) ;
#2637 = DIRECTION ( 'NONE',  ( 0.000000000000000000, -1.000000000000000000, 0.000000000000000000 ) ) ;
#2638 = ORIENTED_EDGE ( 'NONE', *, *, #1201, .F. ) ;
#2639 = CIRCLE ( 'NONE', #2155, 0.4000000000000001887 ) ;
#2640 = CARTESIAN_POINT ( 'NONE',  ( -1.500000000000000222, 1.100000000000000089, -2.000000000000000000 ) ) ;
#2641 = ORIENTED_EDGE ( 'NONE', *, *, #2396, .F. ) ;
#2642 = SURFACE_SIDE_STYLE ('',( #2571 ) ) ;
#2643 = CLOSED_SHELL ( 'NONE', ( #2729, #678, #1638, #959, #1776, #2742 ) ) ;
#2644 = LINE ( 'NONE', #1958, #772 ) ;
#2645 = EDGE_LOOP ( 'NONE', ( #1398, #2384, #2436, #353 ) ) ;
#2646 = DIRECTION ( 'NONE',  ( 0.000000000000000000, -1.000000000000000000, 0.000000000000000000 ) ) ;
#2647 = CARTESIAN_POINT ( 'NONE',  ( 0.6499999999999974687, 0.000000000000000000, 1.550000000000000488 ) ) ;
#2648 = VERTEX_POINT ( 'NONE', #718 ) ;
#2649 = VECTOR ( 'NONE', #833, 1000.000000000000000 ) ;
#2650 = ORIENTED_EDGE ( 'NONE', *, *, #859, .T. ) ;
#2651 = AXIS2_PLACEMENT_3D ( 'NONE', #2382, #1159, #1035 ) ;
#2652 = DIRECTION ( 'NONE',  ( -0.000000000000000000, -1.000000000000000000, -0.000000000000000000 ) ) ;
#2653 = EDGE_LOOP ( 'NONE', ( #2676, #2713 ) ) ;
#2654 = VECTOR ( 'NONE', #727, 1000.000000000000000 ) ;
#2655 = CARTESIAN_POINT ( 'NONE',  ( 0.6500000000000000222, 0.1000000000000000056, 1.149999999999999911 ) ) ;
#2656 = ORIENTED_EDGE ( 'NONE', *, *, #1479, .F. ) ;
#2657 = CARTESIAN_POINT ( 'NONE',  ( 1.399999999999999467, 0.000000000000000000, 0.000000000000000000 ) ) ;
#2658 = EDGE_CURVE ( 'NONE', #1139, #748, #1029, .T. ) ;
#2659 = ORIENTED_EDGE ( 'NONE', *, *, #1110, .T. ) ;
#2660 = CIRCLE ( 'NONE', #1320, 0.4000000000000001887 ) ;
#2661 = EDGE_CURVE ( 'NONE', #1611, #317, #171, .T. ) ;
#2662 = EDGE_LOOP ( 'NONE', ( #2560, #1977, #2000, #912 ) ) ;
#2663 =( LENGTH_UNIT ( ) NAMED_UNIT ( * ) SI_UNIT ( .MILLI., .METRE. ) );
#2664 = ADVANCED_FACE ( 'NONE', ( #217 ), #1603, .T. ) ;
#2665 = ADVANCED_FACE ( 'NONE', ( #197 ), #1236, .T. ) ;
#2666 = FACE_OUTER_BOUND ( 'NONE', #49, .T. ) ;
#2667 = AXIS2_PLACEMENT_3D ( 'NONE', #629, #2435, #1046 ) ;
#2668 = ORIENTED_EDGE ( 'NONE', *, *, #671, .F. ) ;
#2669 = DIRECTION ( 'NONE',  ( 1.000000000000000000, 0.000000000000000000, 3.336006684570796906E-16 ) ) ;
#2670 = FACE_OUTER_BOUND ( 'NONE', #1027, .T. ) ;
#2671 = AXIS2_PLACEMENT_3D ( 'NONE', #700, #2703, #2084 ) ;
#2672 = ORIENTED_EDGE ( 'NONE', *, *, #305, .T. ) ;
#2673 = DIRECTION ( 'NONE',  ( 1.000000000000000000, 0.000000000000000000, 2.323290369611795497E-16 ) ) ;
#2674 = LINE ( 'NONE', #2526, #2679 ) ;
#2675 = DIRECTION ( 'NONE',  ( -0.000000000000000000, 1.000000000000000000, -0.000000000000000000 ) ) ;
#2676 = ORIENTED_EDGE ( 'NONE', *, *, #2285, .F. ) ;
#2677 = PLANE ( 'NONE',  #1147 ) ;
#2678 = ORIENTED_EDGE ( 'NONE', *, *, #474, .T. ) ;
#2679 = VECTOR ( 'NONE', #776, 1000.000000000000000 ) ;
#2680 = EDGE_LOOP ( 'NONE', ( #3, #2389, #409, #2844 ) ) ;
#2681 = PLANE ( 'NONE',  #2631 ) ;
#2682 = CARTESIAN_POINT ( 'NONE',  ( 0.000000000000000000, 0.9000000000000000222, 0.7800000000000000266 ) ) ;
#2683 = ADVANCED_FACE ( 'NONE', ( #125 ), #274, .F. ) ;
#2684 =( GEOMETRIC_REPRESENTATION_CONTEXT ( 3 ) GLOBAL_UNCERTAINTY_ASSIGNED_CONTEXT ( ( #322 ) ) GLOBAL_UNIT_ASSIGNED_CONTEXT ( ( #216, #457, #2691 ) ) REPRESENTATION_CONTEXT ( 'NONE', 'WORKASPACE' ) );
#2685 = ORIENTED_EDGE ( 'NONE', *, *, #1488, .T. ) ;
#2686 = PLANE ( 'NONE',  #48 ) ;
#2687 = FILL_AREA_STYLE ('',( #499 ) ) ;
#2688 = DIRECTION ( 'NONE',  ( 1.000000000000000000, 0.000000000000000000, 3.336006684570796906E-16 ) ) ;
#2689 = DIRECTION ( 'NONE',  ( -0.000000000000000000, 1.000000000000000000, -0.000000000000000000 ) ) ;
#2690 = ORIENTED_EDGE ( 'NONE', *, *, #858, .F. ) ;
#2691 =( NAMED_UNIT ( * ) SI_UNIT ( $, .STERADIAN. ) SOLID_ANGLE_UNIT ( ) );
#2692 = EDGE_CURVE ( 'NONE', #43, #2064, #1095, .T. ) ;
#2693 = ORIENTED_EDGE ( 'NONE', *, *, #2740, .F. ) ;
#2694 = AXIS2_PLACEMENT_3D ( 'NONE', #2753, #135, #362 ) ;
#2695 = CARTESIAN_POINT ( 'NONE',  ( 0.1999999999999999556, 0.000000000000000000, -0.1999999999999998168 ) ) ;
#2696 = ORIENTED_EDGE ( 'NONE', *, *, #1264, .F. ) ;
#2697 = DIRECTION ( 'NONE',  ( 0.000000000000000000, 0.000000000000000000, -1.000000000000000000 ) ) ;
#2698 = DIRECTION ( 'NONE',  ( 0.000000000000000000, 1.000000000000000000, 0.000000000000000000 ) ) ;
#2699 = AXIS2_PLACEMENT_3D ( 'NONE', #440, #1345, #2673 ) ;
#2700 = VECTOR ( 'NONE', #1179, 1000.000000000000000 ) ;
#2701 = DIRECTION ( 'NONE',  ( -1.000000000000000000, 0.000000000000000000, -1.204669080539449344E-16 ) ) ;
#2702 = ORIENTED_EDGE ( 'NONE', *, *, #736, .F. ) ;
#2703 = DIRECTION ( 'NONE',  ( -3.336006684570796906E-16, 0.000000000000000000, 1.000000000000000000 ) ) ;
#2704 = FILL_AREA_STYLE_COLOUR ( '', #1214 ) ;
#2705 = DIRECTION ( 'NONE',  ( 1.000000000000000000, 0.000000000000000000, -1.204669080539449344E-16 ) ) ;
#2706 = ADVANCED_FACE ( 'NONE', ( #131, #2122 ), #1052, .F. ) ;
#2707 = FACE_OUTER_BOUND ( 'NONE', #247, .T. ) ;
#2708 = ORIENTED_EDGE ( 'NONE', *, *, #392, .T. ) ;
#2709 = CARTESIAN_POINT ( 'NONE',  ( 0.6500000000000000222, 0.1000000000000000056, -1.149999999999999689 ) ) ;
#2710 = ORIENTED_EDGE ( 'NONE', *, *, #1788, .T. ) ;
#2711 = STYLED_ITEM ( 'NONE', ( #2516 ), #1056 ) ;
#2712 = VECTOR ( 'NONE', #173, 1000.000000000000000 ) ;
#2713 = ORIENTED_EDGE ( 'NONE', *, *, #1676, .F. ) ;
#2714 = DIRECTION ( 'NONE',  ( -0.000000000000000000, -1.000000000000000000, -0.000000000000000000 ) ) ;
#2715 = AXIS2_PLACEMENT_3D ( 'NONE', #1475, #2199, #1685 ) ;
#2716 = LINE ( 'NONE', #2604, #789 ) ;
#2717 = EDGE_CURVE ( 'NONE', #1114, #1120, #1089, .T. ) ;
#2718 = ORIENTED_EDGE ( 'NONE', *, *, #863, .T. ) ;
#2719 = DIRECTION ( 'NONE',  ( 1.000000000000000000, 0.000000000000000000, 3.336006684570796906E-16 ) ) ;
#2720 = EDGE_CURVE ( 'NONE', #1577, #209, #1166, .T. ) ;
#2721 = LINE ( 'NONE', #480, #2700 ) ;
#2722 = DIRECTION ( 'NONE',  ( 0.000000000000000000, -1.000000000000000000, 0.000000000000000000 ) ) ;
#2723 = EDGE_CURVE ( 'NONE', #2041, #1193, #1160, .T. ) ;
#2724 = ORIENTED_EDGE ( 'NONE', *, *, #1813, .F. ) ;
#2725 = ADVANCED_FACE ( 'NONE', ( #232 ), #2071, .F. ) ;
#2726 = VECTOR ( 'NONE', #2705, 1000.000000000000000 ) ;
#2727 = AXIS2_PLACEMENT_3D ( 'NONE', #815, #434, #1069 ) ;
#2728 = ORIENTED_EDGE ( 'NONE', *, *, #575, .F. ) ;
#2729 = ADVANCED_FACE ( 'NONE', ( #2149 ), #1313, .T. ) ;
#2730 = CIRCLE ( 'NONE', #118, 0.4000000000000001887 ) ;
#2731 = EDGE_LOOP ( 'NONE', ( #2813, #1528, #340, #878 ) ) ;
#2732 = CARTESIAN_POINT ( 'NONE',  ( -1.400000000000000133, -0.000000000000000000, -1.600000000000000311 ) ) ;
#2733 = VECTOR ( 'NONE', #1983, 1000.000000000000114 ) ;
#2734 = CARTESIAN_POINT ( 'NONE',  ( 0.6500000000000003553, 0.000000000000000000, 1.150000000000000133 ) ) ;
#2735 = VERTEX_POINT ( 'NONE', #369 ) ;
#2736 = CARTESIAN_POINT ( 'NONE',  ( -1.500000000000000222, 0.2399999999999999911, -2.000000000000000000 ) ) ;
#2737 = CARTESIAN_POINT ( 'NONE',  ( 4.286263797015735979E-17, 0.9000000000000000222, 0.4299999999999999933 ) ) ;
#2738 = ORIENTED_EDGE ( 'NONE', *, *, #2314, .F. ) ;
#2739 = CARTESIAN_POINT ( 'NONE',  ( -0.1999999999999999833, 0.1000000000000000056, 0.000000000000000000 ) ) ;
#2740 = EDGE_CURVE ( 'NONE', #2115, #2164, #224, .T. ) ;
#2741 = ORIENTED_EDGE ( 'NONE', *, *, #2181, .F. ) ;
#2742 = ADVANCED_FACE ( 'NONE', ( #2130 ), #1661, .F. ) ;
#2743 = DIRECTION ( 'NONE',  ( 2.853163611803958777E-17, 0.000000000000000000, -1.000000000000000000 ) ) ;
#2744 = ORIENTED_EDGE ( 'NONE', *, *, #2692, .T. ) ;
#2745 = CARTESIAN_POINT ( 'NONE',  ( 1.050000000000000266, 0.000000000000000000, 0.000000000000000000 ) ) ;
#2746 =( NAMED_UNIT ( * ) SI_UNIT ( $, .STERADIAN. ) SOLID_ANGLE_UNIT ( ) );
#2747 = CARTESIAN_POINT ( 'NONE',  ( -2.409338161078896346E-17, 0.1000000000000000056, -0.1999999999999997891 ) ) ;
#2748 = CARTESIAN_POINT ( 'NONE',  ( -1.050000000000000044, 0.1000000000000002554, -1.149999999999997247 ) ) ;
#2749 =( GEOMETRIC_REPRESENTATION_CONTEXT ( 3 ) GLOBAL_UNCERTAINTY_ASSIGNED_CONTEXT ( ( #705 ) ) GLOBAL_UNIT_ASSIGNED_CONTEXT ( ( #1589, #2289, #1537 ) ) REPRESENTATION_CONTEXT ( 'NONE', 'WORKASPACE' ) );
#2750 = DIRECTION ( 'NONE',  ( 0.000000000000000000, 0.000000000000000000, -1.000000000000000000 ) ) ;
#2751 = DIRECTION ( 'NONE',  ( 0.000000000000000000, 0.000000000000000000, 1.000000000000000000 ) ) ;
#2752 = AXIS2_PLACEMENT_3D ( 'NONE', #2268, #2452, #2669 ) ;
#2753 = CARTESIAN_POINT ( 'NONE',  ( 0.000000000000000000, 1.000000000000000000, 0.7800000000000000266 ) ) ;
#2754 = DIRECTION ( 'NONE',  ( -0.000000000000000000, -1.000000000000000000, -0.000000000000000000 ) ) ;
#2755 = DIRECTION ( 'NONE',  ( -0.7071067811865474617, 0.000000000000000000, 0.7071067811865474617 ) ) ;
#2756 = DIRECTION ( 'NONE',  ( -0.000000000000000000, 1.000000000000000000, -0.000000000000000000 ) ) ;
#2757 = DIRECTION ( 'NONE',  ( -1.000000000000000000, 0.000000000000000000, 0.000000000000000000 ) ) ;
#2758 = DIRECTION ( 'NONE',  ( 0.000000000000000000, 0.000000000000000000, -1.000000000000000000 ) ) ;
#2759 = ORIENTED_EDGE ( 'NONE', *, *, #1211, .F. ) ;
#2760 = EDGE_LOOP ( 'NONE', ( #1936, #38, #2803, #1165 ) ) ;
#2761 = CARTESIAN_POINT ( 'NONE',  ( 0.6499999999999974687, 0.1000000000000002554, 1.550000000000000488 ) ) ;
#2762 = CARTESIAN_POINT ( 'NONE',  ( 1.530808498934191509E-17, 1.989949493661166580, 0.9050000000000000266 ) ) ;
#2763 = CYLINDRICAL_SURFACE ( 'NONE', #2433, 0.1250000000000000000 ) ;
#2764 = ORIENTED_EDGE ( 'NONE', *, *, #2814, .F. ) ;
#2765 = LINE ( 'NONE', #1492, #24 ) ;
#2766 = EDGE_CURVE ( 'NONE', #1990, #250, #2081, .T. ) ;
#2767 = CARTESIAN_POINT ( 'NONE',  ( 0.000000000000000000, 0.1000000000000000056, -1.149999999999999911 ) ) ;
#2768 = VECTOR ( 'NONE', #433, 1000.000000000000000 ) ;
#2769 = ORIENTED_EDGE ( 'NONE', *, *, #2815, .F. ) ;
#2770 = LINE ( 'NONE', #1381, #1820 ) ;
#2771 = EDGE_CURVE ( 'NONE', #1598, #1093, #203, .T. ) ;
#2772 = DIRECTION ( 'NONE',  ( 0.000000000000000000, 0.000000000000000000, -1.000000000000000000 ) ) ;
#2773 = EDGE_CURVE ( 'NONE', #1656, #1060, #1112, .T. ) ;
#2774 = VERTEX_POINT ( 'NONE', #548 ) ;
#2775 = DIRECTION ( 'NONE',  ( 0.000000000000000000, 0.000000000000000000, 1.000000000000000000 ) ) ;
#2776 = CARTESIAN_POINT ( 'NONE',  ( -2.409338161078896346E-17, -0.000000000000000000, -0.1999999999999997891 ) ) ;
#2777 = ORIENTED_EDGE ( 'NONE', *, *, #1433, .F. ) ;
#2778 = CARTESIAN_POINT ( 'NONE',  ( 0.000000000000000000, 1.000000000000000000, 0.7800000000000000266 ) ) ;
#2779 = LINE ( 'NONE', #578, #2768 ) ;
#2780 = DIRECTION ( 'NONE',  ( 0.000000000000000000, 0.000000000000000000, 1.000000000000000000 ) ) ;
#2781 = AXIS2_PLACEMENT_3D ( 'NONE', #344, #123, #1911 ) ;
#2782 = ORIENTED_EDGE ( 'NONE', *, *, #334, .F. ) ;
#2783 = FACE_OUTER_BOUND ( 'NONE', #2470, .T. ) ;
#2784 = DIRECTION ( 'NONE',  ( 1.000000000000000000, 0.000000000000000000, -0.000000000000000000 ) ) ;
#2785 = FACE_BOUND ( 'NONE', #1758, .T. ) ;
#2786 = VERTEX_POINT ( 'NONE', #771 ) ;
#2787 = AXIS2_PLACEMENT_3D ( 'NONE', #1477, #1688, #2784 ) ;
#2788 = FACE_OUTER_BOUND ( 'NONE', #146, .T. ) ;
#2789 = UNCERTAINTY_MEASURE_WITH_UNIT (LENGTH_MEASURE( 1.000000000000000082E-05 ), #2178, 'distance_accuracy_value', 'NONE');
#2790 = PLANE ( 'NONE',  #1377 ) ;
#2791 = CARTESIAN_POINT ( 'NONE',  ( -0.6500000000000000222, 0.1000000000000000056, 1.149999999999999911 ) ) ;
#2792 = VECTOR ( 'NONE', #572, 1000.000000000000000 ) ;
#2793 = ORIENTED_EDGE ( 'NONE', *, *, #1676, .T. ) ;
#2794 = CARTESIAN_POINT ( 'NONE',  ( 0.1999999999999999833, 0.000000000000000000, 0.1999999999999999001 ) ) ;
#2795 = ORIENTED_EDGE ( 'NONE', *, *, #1303, .F. ) ;
#2796 =( NAMED_UNIT ( * ) SI_UNIT ( $, .STERADIAN. ) SOLID_ANGLE_UNIT ( ) );
#2797 = LINE ( 'NONE', #2747, #904 ) ;
#2798 = ORIENTED_EDGE ( 'NONE', *, *, #1814, .F. ) ;
#2799 = CARTESIAN_POINT ( 'NONE',  ( 0.000000000000000000, 1.000000000000000000, 1.429999999999999938 ) ) ;
#2800 = CARTESIAN_POINT ( 'NONE',  ( -1.050000000000000044, 0.1000000000000002554, 1.149999999999997247 ) ) ;
#2801 = VECTOR ( 'NONE', #1242, 1000.000000000000000 ) ;
#2802 = CARTESIAN_POINT ( 'NONE',  ( 0.1999999999999999833, 0.000000000000000000, 0.000000000000000000 ) ) ;
#2803 = ORIENTED_EDGE ( 'NONE', *, *, #2346, .F. ) ;
#2804 = CARTESIAN_POINT ( 'NONE',  ( 0.000000000000000000, 0.9000000000000000222, 1.129999999999999893 ) ) ;
#2805 = ORIENTED_EDGE ( 'NONE', *, *, #762, .F. ) ;
#2806 = LINE ( 'NONE', #2207, #947 ) ;
#2807 =( NAMED_UNIT ( * ) PLANE_ANGLE_UNIT ( ) SI_UNIT ( $, .RADIAN. ) );
#2808 = ORIENTED_EDGE ( 'NONE', *, *, #765, .F. ) ;
#2809 = ORIENTED_EDGE ( 'NONE', *, *, #1429, .T. ) ;
#2810 = CARTESIAN_POINT ( 'NONE',  ( 0.000000000000000000, 0.1000000000000000056, 0.000000000000000000 ) ) ;
#2811 = DIRECTION ( 'NONE',  ( -0.7071067811865474617, 0.000000000000000000, 0.7071067811865474617 ) ) ;
#2812 = VECTOR ( 'NONE', #2144, 1000.000000000000000 ) ;
#2813 = ORIENTED_EDGE ( 'NONE', *, *, #2099, .F. ) ;
#2814 = EDGE_CURVE ( 'NONE', #295, #645, #154, .T. ) ;
#2815 = EDGE_CURVE ( 'NONE', #661, #1700, #1073, .T. ) ;
#2816 = ORIENTED_EDGE ( 'NONE', *, *, #1988, .T. ) ;
#2817 = LINE ( 'NONE', #370, #2839 ) ;
#2818 = ORIENTED_EDGE ( 'NONE', *, *, #67, .T. ) ;
#2819 = CARTESIAN_POINT ( 'NONE',  ( 3.295974604355933479E-16, 4.820169488482378917, -1.899999999999999911 ) ) ;
#2820 = DIRECTION ( 'NONE',  ( 1.000000000000000000, 0.000000000000000000, -0.000000000000000000 ) ) ;
#2821 = ADVANCED_FACE ( 'NONE', ( #177 ), #184, .F. ) ;
#2822 = ORIENTED_EDGE ( 'NONE', *, *, #2103, .F. ) ;
#2823 = FACE_OUTER_BOUND ( 'NONE', #2025, .T. ) ;
#2824 = DIRECTION ( 'NONE',  ( -1.000000000000000000, -0.000000000000000000, -0.000000000000000000 ) ) ;
#2825 = ORIENTED_EDGE ( 'NONE', *, *, #632, .F. ) ;
#2826 = CARTESIAN_POINT ( 'NONE',  ( 0.000000000000000000, 0.1000000000000000056, 0.000000000000000000 ) ) ;
#2827 = AXIS2_PLACEMENT_3D ( 'NONE', #255, #454, #2385 ) ;
#2828 = ORIENTED_EDGE ( 'NONE', *, *, #575, .T. ) ;
#2829 = VECTOR ( 'NONE', #2188, 1000.000000000000000 ) ;
#2830 = ORIENTED_EDGE ( 'NONE', *, *, #1019, .F. ) ;
#2831 = CARTESIAN_POINT ( 'NONE',  ( -1.500000000000000222, 0.2399999999999999911, -2.000000000000000000 ) ) ;
#2832 = ORIENTED_EDGE ( 'NONE', *, *, #1028, .T. ) ;
#2833 = DIRECTION ( 'NONE',  ( 0.000000000000000000, 0.000000000000000000, -1.000000000000000000 ) ) ;
#2834 = CARTESIAN_POINT ( 'NONE',  ( 0.6500000000000000222, 0.000000000000000000, 0.000000000000000000 ) ) ;
#2835 = LINE ( 'NONE', #556, #1878 ) ;
#2836 = ORIENTED_EDGE ( 'NONE', *, *, #77, .F. ) ;
#2837 = DIRECTION ( 'NONE',  ( 1.000000000000000000, 0.000000000000000000, -0.000000000000000000 ) ) ;
#2838 = ORIENTED_EDGE ( 'NONE', *, *, #633, .F. ) ;
#2839 = VECTOR ( 'NONE', #1013, 1000.000000000000000 ) ;
#2840 = EDGE_LOOP ( 'NONE', ( #1240, #1770, #830, #740 ) ) ;
#2841 = CARTESIAN_POINT ( 'NONE',  ( 0.000000000000000000, 0.1000000000000000056, 0.000000000000000000 ) ) ;
#2842 = MECHANICAL_DESIGN_GEOMETRIC_PRESENTATION_REPRESENTATION (  '', ( #2711 ), #756 ) ;
#2843 = DIRECTION ( 'NONE',  ( -0.000000000000000000, -1.000000000000000000, -0.000000000000000000 ) ) ;
#2844 = ORIENTED_EDGE ( 'NONE', *, *, #1575, .T. ) ;
#2845 = VECTOR ( 'NONE', #2811, 1000.000000000000114 ) ;
#2846 = CARTESIAN_POINT ( 'NONE',  ( -1.500000000000000222, 1.100000000000000089, 2.000000000000000000 ) ) ;
#2847 = VERTEX_POINT ( 'NONE', #2579 ) ;
#2848 = EDGE_CURVE ( 'NONE', #755, #773, #1141, .T. ) ;
#2849 = LINE ( 'NONE', #166, #1975 ) ;
#2850 = ORIENTED_EDGE ( 'NONE', *, *, #360, .T. ) ;
#2851 = LINE ( 'NONE', #2584, #2792 ) ;
#2852 = EDGE_CURVE ( 'NONE', #2061, #130, #2090, .T. ) ;
#2853 =( NAMED_UNIT ( * ) SI_UNIT ( $, .STERADIAN. ) SOLID_ANGLE_UNIT ( ) );
#2854 = ORIENTED_EDGE ( 'NONE', *, *, #1271, .F. ) ;
#2855 = ORIENTED_EDGE ( 'NONE', *, *, #2247, .F. ) ;
#2856 = EDGE_CURVE ( 'NONE', #900, #2412, #1190, .T. ) ;
#2857 = ORIENTED_EDGE ( 'NONE', *, *, #2021, .F. ) ;
#2858 = DIRECTION ( 'NONE',  ( 0.000000000000000000, 0.000000000000000000, -1.000000000000000000 ) ) ;
#2859 = FACE_OUTER_BOUND ( 'NONE', #214, .T. ) ;
#2860 = ORIENTED_EDGE ( 'NONE', *, *, #2143, .F. ) ;
#2861 = EDGE_CURVE ( 'NONE', #1135, #236, #1137, .T. ) ;
#2862 = CARTESIAN_POINT ( 'NONE',  ( -1.100000000000000755, 0.1000000000000000056, -1.899999999999999689 ) ) ;
#2863 = CARTESIAN_POINT ( 'NONE',  ( -1.400000000000000133, 4.820169488482378917, -1.600000000000000311 ) ) ;
ENDSEC;
END-ISO-10303-21;
