ISO-10303-21;
HEADER;
FILE_DESCRIPTION (( 'STEP AP214' ),
    '1' );
FILE_NAME ('NPM2100-CAAA-R.STEP',
    '2025-09-16T03:59:39',
    ( '' ),
    ( '' ),
    'SwSTEP 2.0',
    'SolidWorks 2021',
    '' );
FILE_SCHEMA (( 'AUTOMOTIVE_DESIGN' ));
ENDSEC;

DATA;
#1 = ADVANCED_FACE ( 'NONE', ( #763 ), #1309, .T. ) ;
#2 = DIRECTION ( 'NONE',  ( 0.000000000000000000, 0.000000000000000000, -1.000000000000000000 ) ) ;
#3 = DIRECTION ( 'NONE',  ( 0.000000000000000000, -1.000000000000000000, 0.000000000000000000 ) ) ;
#4 = CLOSED_SHELL ( 'NONE', ( #731, #70, #867, #700, #659, #908, #1391, #1648, #827 ) ) ;
#5 = ADVANCED_FACE ( 'NONE', ( #465 ), #321, .F. ) ;
#6 = DIRECTION ( 'NONE',  ( 1.000000000000000000, 0.000000000000000000, 0.000000000000000000 ) ) ;
#7 = CARTESIAN_POINT ( 'NONE',  ( 0.9587499999999998801, -2.697649439790129833, 0.9487499999999998712 ) ) ;
#8 = SPHERICAL_SURFACE ( 'NONE', #996, 0.1100000000000000144 ) ;
#9 = ORIENTED_EDGE ( 'NONE', *, *, #1613, .F. ) ;
#10 = AXIS2_PLACEMENT_3D ( 'NONE', #110, #669, #1659 ) ;
#11 = PRESENTATION_LAYER_ASSIGNMENT (  '', '', ( #504 ) ) ;
#12 = DIRECTION ( 'NONE',  ( 1.000000000000000000, -0.000000000000000000, 0.000000000000000000 ) ) ;
#13 = DIRECTION ( 'NONE',  ( 0.000000000000000000, 0.000000000000000000, -1.000000000000000000 ) ) ;
#14 = DIRECTION ( 'NONE',  ( -0.000000000000000000, 0.000000000000000000, 1.000000000000000000 ) ) ;
#15 =( LENGTH_UNIT ( ) NAMED_UNIT ( * ) SI_UNIT ( .MILLI., .METRE. ) );
#16 = ADVANCED_FACE ( 'NONE', ( #29 ), #1014, .T. ) ;
#17 = CIRCLE ( 'NONE', #357, 0.1100000000000000144 ) ;
#18 = CIRCLE ( 'NONE', #1658, 0.06324555320336752717 ) ;
#19 = COLOUR_RGB ( '',0.7921568627450980005, 0.8196078431372548767, 0.9333333333333333481 ) ;
#20 = FACE_OUTER_BOUND ( 'NONE', #35, .T. ) ;
#21 = DIRECTION ( 'NONE',  ( 0.000000000000000000, 0.000000000000000000, 1.000000000000000000 ) ) ;
#22 = EDGE_CURVE ( 'NONE', #986, #1473, #1279, .T. ) ;
#23 =( LENGTH_UNIT ( ) NAMED_UNIT ( * ) SI_UNIT ( .MILLI., .METRE. ) );
#24 = SURFACE_SIDE_STYLE ('',( #28 ) ) ;
#25 = ADVANCED_FACE ( 'NONE', ( #446 ), #590, .T. ) ;
#26 = CARTESIAN_POINT ( 'NONE',  ( -0.6600000000000000311, 0.1100000000000000006, -0.2199999999999999734 ) ) ;
#27 = LINE ( 'NONE', #761, #1747 ) ;
#28 = SURFACE_STYLE_FILL_AREA ( #165 ) ;
#29 = FACE_OUTER_BOUND ( 'NONE', #954, .T. ) ;
#30 = DIRECTION ( 'NONE',  ( 0.000000000000000000, -0.000000000000000000, -1.000000000000000000 ) ) ;
#31 = CARTESIAN_POINT ( 'NONE',  ( -0.9587500000000001021, 0.2200000000000001399, 0.9487499999999998712 ) ) ;
#32 =( NAMED_UNIT ( * ) PLANE_ANGLE_UNIT ( ) SI_UNIT ( $, .RADIAN. ) );
#33 = DIRECTION ( 'NONE',  ( 0.000000000000000000, 1.000000000000000000, 0.000000000000000000 ) ) ;
#34 = ORIENTED_EDGE ( 'NONE', *, *, #1152, .T. ) ;
#35 = EDGE_LOOP ( 'NONE', ( #1641, #301 ) ) ;
#36 = AXIS2_PLACEMENT_3D ( 'NONE', #732, #496, #881 ) ;
#37 = MECHANICAL_DESIGN_GEOMETRIC_PRESENTATION_REPRESENTATION (  '', ( #740 ), #332 ) ;
#38 = CARTESIAN_POINT ( 'NONE',  ( 0.6600000000000000311, 0.2000000000000000944, -0.6600000000000000311 ) ) ;
#39 = ORIENTED_EDGE ( 'NONE', *, *, #765, .T. ) ;
#40 = DIRECTION ( 'NONE',  ( 0.000000000000000000, -1.000000000000000000, 0.000000000000000000 ) ) ;
#41 = ORIENTED_EDGE ( 'NONE', *, *, #1350, .T. ) ;
#42 = CARTESIAN_POINT ( 'NONE',  ( 0.6600000000000000311, 0.1100000000000000006, -0.6600000000000000311 ) ) ;
#43 = ORIENTED_EDGE ( 'NONE', *, *, #340, .F. ) ;
#44 = DIRECTION ( 'NONE',  ( 1.000000000000000000, 0.000000000000000000, 0.000000000000000000 ) ) ;
#45 = EDGE_CURVE ( 'NONE', #1457, #1796, #1199, .T. ) ;
#46 = DIRECTION ( 'NONE',  ( 1.000000000000000000, 0.000000000000000000, 0.000000000000000000 ) ) ;
#47 = FILL_AREA_STYLE_COLOUR ( '', #579 ) ;
#48 = CARTESIAN_POINT ( 'NONE',  ( 0.9587499999999998801, 0.2200000000000001399, 0.9487499999999998712 ) ) ;
#49 = ORIENTED_EDGE ( 'NONE', *, *, #1787, .T. ) ;
#50 = ORIENTED_EDGE ( 'NONE', *, *, #1152, .F. ) ;
#51 = CARTESIAN_POINT ( 'NONE',  ( -0.7087500000000001021, 0.4719999999999999751, -0.7013575619295958630 ) ) ;
#52 = ORIENTED_EDGE ( 'NONE', *, *, #394, .T. ) ;
#53 = DIRECTION ( 'NONE',  ( -1.000000000000000000, 0.000000000000000000, 0.000000000000000000 ) ) ;
#54 = CARTESIAN_POINT ( 'NONE',  ( 0.2832455532033675838, 0.2000000000000000666, 0.6600000000000000311 ) ) ;
#55 = DIRECTION ( 'NONE',  ( -1.000000000000000000, 0.000000000000000000, 0.000000000000000000 ) ) ;
#56 =( NAMED_UNIT ( * ) SI_UNIT ( $, .STERADIAN. ) SOLID_ANGLE_UNIT ( ) );
#57 = FACE_OUTER_BOUND ( 'NONE', #1598, .T. ) ;
#58 = ORIENTED_EDGE ( 'NONE', *, *, #83, .F. ) ;
#59 = DIRECTION ( 'NONE',  ( 1.000000000000000000, 0.000000000000000000, 0.000000000000000000 ) ) ;
#60 = ORIENTED_EDGE ( 'NONE', *, *, #1732, .F. ) ;
#61 = EDGE_CURVE ( 'NONE', #886, #336, #636, .T. ) ;
#62 = ORIENTED_EDGE ( 'NONE', *, *, #909, .T. ) ;
#63 = AXIS2_PLACEMENT_3D ( 'NONE', #141, #2, #1394 ) ;
#64 = CARTESIAN_POINT ( 'NONE',  ( -0.7087500000000001021, 0.4719999999999999751, -0.8013575619295959518 ) ) ;
#65 = SURFACE_STYLE_FILL_AREA ( #1593 ) ;
#66 =( GEOMETRIC_REPRESENTATION_CONTEXT ( 3 ) GLOBAL_UNCERTAINTY_ASSIGNED_CONTEXT ( ( #1372 ) ) GLOBAL_UNIT_ASSIGNED_CONTEXT ( ( #561, #418, #399 ) ) REPRESENTATION_CONTEXT ( 'NONE', 'WORKASPACE' ) );
#67 = VECTOR ( 'NONE', #1032, 1000.000000000000000 ) ;
#68 = AXIS2_PLACEMENT_3D ( 'NONE', #268, #961, #136 ) ;
#69 =( NAMED_UNIT ( * ) SI_UNIT ( $, .STERADIAN. ) SOLID_ANGLE_UNIT ( ) );
#70 = ADVANCED_FACE ( 'NONE', ( #212 ), #227, .T. ) ;
#71 = EDGE_CURVE ( 'NONE', #557, #1466, #308, .T. ) ;
#72 = EDGE_LOOP ( 'NONE', ( #540, #803 ) ) ;
#73 = DIRECTION ( 'NONE',  ( 0.000000000000000000, 0.000000000000000000, 1.000000000000000000 ) ) ;
#74 = EDGE_CURVE ( 'NONE', #569, #1577, #1004, .T. ) ;
#75 =( NAMED_UNIT ( * ) SI_UNIT ( $, .STERADIAN. ) SOLID_ANGLE_UNIT ( ) );
#76 = DIRECTION ( 'NONE',  ( 0.000000000000000000, 0.000000000000000000, 1.000000000000000000 ) ) ;
#77 = CARTESIAN_POINT ( 'NONE',  ( 0.2200000000000000289, 0.1100000000000000006, 0.2200000000000000289 ) ) ;
#78 = CARTESIAN_POINT ( 'NONE',  ( 0.2200000000000000289, 0.2000000000000000666, 0.2200000000000000289 ) ) ;
#79 = DIRECTION ( 'NONE',  ( -0.000000000000000000, 1.000000000000000000, -0.000000000000000000 ) ) ;
#80 = CLOSED_SHELL ( 'NONE', ( #582, #720, #1655 ) ) ;
#81 = FACE_OUTER_BOUND ( 'NONE', #1013, .T. ) ;
#82 = CARTESIAN_POINT ( 'NONE',  ( 0.6600000000000000311, 0.1100000000000000006, 0.2200000000000000289 ) ) ;
#83 = EDGE_CURVE ( 'NONE', #887, #395, #265, .T. ) ;
#84 = SURFACE_SIDE_STYLE ('',( #1743 ) ) ;
#85 = AXIS2_PLACEMENT_3D ( 'NONE', #1370, #374, #1509 ) ;
#86 = CARTESIAN_POINT ( 'NONE',  ( -0.6600000000000000311, 0.2000000000000000666, 0.6600000000000000311 ) ) ;
#87 = CARTESIAN_POINT ( 'NONE',  ( 0.6600000000000000311, 0.1100000000000000006, 0.2200000000000000289 ) ) ;
#88 = COLOUR_RGB ( '',0.2509803921568627416, 0.2509803921568627416, 0.2509803921568627416 ) ;
#89 = CARTESIAN_POINT ( 'NONE',  ( -0.6600000000000000311, 0.2000000000000000666, -0.6600000000000000311 ) ) ;
#90 = DIRECTION ( 'NONE',  ( 0.000000000000000000, 0.000000000000000000, 1.000000000000000000 ) ) ;
#91 = DIRECTION ( 'NONE',  ( 1.224646799147353207E-16, 0.000000000000000000, -1.000000000000000000 ) ) ;
#92 = PLANE ( 'NONE',  #312 ) ;
#93 = AXIS2_PLACEMENT_3D ( 'NONE', #473, #751, #46 ) ;
#94 = CIRCLE ( 'NONE', #1132, 0.06324555320336752717 ) ;
#95 = DIRECTION ( 'NONE',  ( 0.000000000000000000, 0.000000000000000000, -1.000000000000000000 ) ) ;
#96 = AXIS2_PLACEMENT_3D ( 'NONE', #428, #739, #142 ) ;
#97 = DIRECTION ( 'NONE',  ( 0.000000000000000000, -0.000000000000000000, -1.000000000000000000 ) ) ;
#98 = ORIENTED_EDGE ( 'NONE', *, *, #741, .F. ) ;
#99 = FILL_AREA_STYLE_COLOUR ( '', #1320 ) ;
#100 = CARTESIAN_POINT ( 'NONE',  ( 0.2200000000000000289, -1.355252715606880543E-17, -0.6600000000000000311 ) ) ;
#101 = DIRECTION ( 'NONE',  ( 1.000000000000000000, 0.000000000000000000, -0.000000000000000000 ) ) ;
#102 = CARTESIAN_POINT ( 'NONE',  ( -0.6600000000000000311, 0.1100000000000000006, -0.6600000000000000311 ) ) ;
#103 = DIRECTION ( 'NONE',  ( 0.000000000000000000, -0.000000000000000000, 1.000000000000000000 ) ) ;
#104 = VERTEX_POINT ( 'NONE', #383 ) ;
#105 = DIRECTION ( 'NONE',  ( 0.000000000000000000, 1.000000000000000000, 0.000000000000000000 ) ) ;
#106 = FACE_OUTER_BOUND ( 'NONE', #934, .T. ) ;
#107 = ORIENTED_EDGE ( 'NONE', *, *, #330, .F. ) ;
#108 = EDGE_LOOP ( 'NONE', ( #981, #204 ) ) ;
#109 = EDGE_LOOP ( 'NONE', ( #1322, #1158, #177, #1288 ) ) ;
#110 = CARTESIAN_POINT ( 'NONE',  ( -0.7087500000000001021, 0.5220000000000000195, -0.7013575619295958630 ) ) ;
#111 = AXIS2_PLACEMENT_3D ( 'NONE', #203, #754, #59 ) ;
#112 = CARTESIAN_POINT ( 'NONE',  ( -0.6600000000000000311, 0.1100000000000000006, -0.2199999999999999734 ) ) ;
#113 = PRESENTATION_STYLE_ASSIGNMENT (( #376 ) ) ;
#114 = DIRECTION ( 'NONE',  ( 0.000000000000000000, 0.000000000000000000, -1.000000000000000000 ) ) ;
#115 = ORIENTED_EDGE ( 'NONE', *, *, #635, .F. ) ;
#116 = AXIS2_PLACEMENT_3D ( 'NONE', #978, #1124, #21 ) ;
#117 = PRESENTATION_STYLE_ASSIGNMENT (( #810 ) ) ;
#118 =( NAMED_UNIT ( * ) SI_UNIT ( $, .STERADIAN. ) SOLID_ANGLE_UNIT ( ) );
#119 = VECTOR ( 'NONE', #1397, 1000.000000000000000 ) ;
#120 = ORIENTED_EDGE ( 'NONE', *, *, #1607, .T. ) ;
#121 = CIRCLE ( 'NONE', #439, 0.06324555320336752717 ) ;
#122 = FACE_OUTER_BOUND ( 'NONE', #825, .T. ) ;
#123 = UNCERTAINTY_MEASURE_WITH_UNIT (LENGTH_MEASURE( 1.000000000000000082E-05 ), #497, 'distance_accuracy_value', 'NONE');
#124 = DIRECTION ( 'NONE',  ( 1.000000000000000000, 0.000000000000000000, 0.000000000000000000 ) ) ;
#125 = ORIENTED_EDGE ( 'NONE', *, *, #1245, .T. ) ;
#126 = FACE_OUTER_BOUND ( 'NONE', #753, .T. ) ;
#127 = MECHANICAL_DESIGN_GEOMETRIC_PRESENTATION_REPRESENTATION (  '', ( #140 ), #991 ) ;
#128 = PLANE ( 'NONE',  #225 ) ;
#129 = ORIENTED_EDGE ( 'NONE', *, *, #528, .F. ) ;
#130 = ADVANCED_FACE ( 'NONE', ( #1067 ), #1340, .T. ) ;
#131 = MECHANICAL_DESIGN_GEOMETRIC_PRESENTATION_REPRESENTATION (  '', ( #687 ), #1730 ) ;
#132 = STYLED_ITEM ( 'NONE', ( #1445 ), #286 ) ;
#133 = AXIS2_PLACEMENT_3D ( 'NONE', #434, #3, #278 ) ;
#134 = EDGE_CURVE ( 'NONE', #1605, #1167, #228, .T. ) ;
#135 = DIRECTION ( 'NONE',  ( 0.000000000000000000, -1.000000000000000000, 0.000000000000000000 ) ) ;
#136 = DIRECTION ( 'NONE',  ( 1.000000000000000000, 0.000000000000000000, 0.000000000000000000 ) ) ;
#137 = LINE ( 'NONE', #144, #1427 ) ;
#138 = SURFACE_STYLE_FILL_AREA ( #1398 ) ;
#139 = ORIENTED_EDGE ( 'NONE', *, *, #1484, .T. ) ;
#140 = STYLED_ITEM ( 'NONE', ( #271 ), #263 ) ;
#141 = CARTESIAN_POINT ( 'NONE',  ( -0.6600000000000000311, 0.1100000000000000006, 0.2200000000000000289 ) ) ;
#142 = DIRECTION ( 'NONE',  ( 0.000000000000000000, 0.000000000000000000, 1.000000000000000000 ) ) ;
#143 = EDGE_CURVE ( 'NONE', #1814, #396, #1061, .T. ) ;
#144 = CARTESIAN_POINT ( 'NONE',  ( -0.9587500000000001021, 0.2200000000000001399, -0.9487500000000000933 ) ) ;
#145 = CARTESIAN_POINT ( 'NONE',  ( -0.2199999999999999734, 0.2000000000000000666, 0.2200000000000000289 ) ) ;
#146 = CIRCLE ( 'NONE', #1058, 0.1000000000000001582 ) ;
#147 = ADVANCED_FACE ( 'NONE', ( #1654 ), #241, .F. ) ;
#148 = SURFACE_STYLE_USAGE ( .BOTH. , #1408 ) ;
#149 = CARTESIAN_POINT ( 'NONE',  ( -0.7087500000000001021, 0.4719999999999999751, -0.6013575619295956631 ) ) ;
#150 = FACE_OUTER_BOUND ( 'NONE', #966, .T. ) ;
#151 = EDGE_CURVE ( 'NONE', #860, #1728, #365, .T. ) ;
#152 = CIRCLE ( 'NONE', #1269, 0.1100000000000000144 ) ;
#153 = STYLED_ITEM ( 'NONE', ( #595 ), #900 ) ;
#154 =( GEOMETRIC_REPRESENTATION_CONTEXT ( 3 ) GLOBAL_UNCERTAINTY_ASSIGNED_CONTEXT ( ( #123 ) ) GLOBAL_UNIT_ASSIGNED_CONTEXT ( ( #497, #363, #69 ) ) REPRESENTATION_CONTEXT ( 'NONE', 'WORKASPACE' ) );
#155 = VECTOR ( 'NONE', #1271, 1000.000000000000000 ) ;
#156 = ADVANCED_FACE ( 'NONE', ( #106 ), #1196, .F. ) ;
#157 = COLOUR_RGB ( '',0.7921568627450980005, 0.8196078431372548767, 0.9333333333333333481 ) ;
#158 = DIRECTION ( 'NONE',  ( 0.000000000000000000, 0.000000000000000000, -1.000000000000000000 ) ) ;
#159 = DIRECTION ( 'NONE',  ( 0.000000000000000000, 1.000000000000000000, 0.000000000000000000 ) ) ;
#160 = PRESENTATION_STYLE_ASSIGNMENT (( #1557 ) ) ;
#161 = VERTEX_POINT ( 'NONE', #657 ) ;
#162 = FILL_AREA_STYLE_COLOUR ( '', #448 ) ;
#163 = CARTESIAN_POINT ( 'NONE',  ( 0.2200000000000000289, 0.1100000000000000006, -0.6600000000000000311 ) ) ;
#164 = SURFACE_STYLE_FILL_AREA ( #1545 ) ;
#165 = FILL_AREA_STYLE ('',( #1559 ) ) ;
#166 = EDGE_LOOP ( 'NONE', ( #1379, #617, #309, #480 ) ) ;
#167 = EDGE_LOOP ( 'NONE', ( #997, #1638, #537 ) ) ;
#168 = AXIS2_PLACEMENT_3D ( 'NONE', #78, #234, #1346 ) ;
#169 = MECHANICAL_DESIGN_GEOMETRIC_PRESENTATION_REPRESENTATION (  '', ( #504 ), #818 ) ;
#170 = ORIENTED_EDGE ( 'NONE', *, *, #1233, .T. ) ;
#171 = CARTESIAN_POINT ( 'NONE',  ( -0.7232455532033674750, 0.2000000000000000666, 0.2200000000000000289 ) ) ;
#172 = CARTESIAN_POINT ( 'NONE',  ( -0.6600000000000000311, 0.2000000000000000666, 0.6600000000000000311 ) ) ;
#173 = CARTESIAN_POINT ( 'NONE',  ( -0.9587500000000001021, 0.5220000000000000195, -0.9487500000000000933 ) ) ;
#174 = ORIENTED_EDGE ( 'NONE', *, *, #836, .F. ) ;
#175 = PRESENTATION_STYLE_ASSIGNMENT (( #1433 ) ) ;
#176 = EDGE_LOOP ( 'NONE', ( #494, #609 ) ) ;
#177 = ORIENTED_EDGE ( 'NONE', *, *, #420, .T. ) ;
#178 = EDGE_CURVE ( 'NONE', #395, #887, #121, .T. ) ;
#179 = CARTESIAN_POINT ( 'NONE',  ( 0.2200000000000000289, -1.355252715606880543E-17, 0.2200000000000000289 ) ) ;
#180 = ADVANCED_FACE ( 'NONE', ( #217 ), #1330, .F. ) ;
#181 = CIRCLE ( 'NONE', #236, 0.06324555320336752717 ) ;
#182 = AXIS2_PLACEMENT_3D ( 'NONE', #1450, #13, #1028 ) ;
#183 = PRESENTATION_LAYER_ASSIGNMENT (  '', '', ( #653 ) ) ;
#184 = LINE ( 'NONE', #1181, #1390 ) ;
#185 = ORIENTED_EDGE ( 'NONE', *, *, #875, .T. ) ;
#186 = DIRECTION ( 'NONE',  ( 0.000000000000000000, 0.000000000000000000, 1.000000000000000000 ) ) ;
#187 = CARTESIAN_POINT ( 'NONE',  ( -0.6600000000000000311, 0.1100000000000000006, 0.6600000000000000311 ) ) ;
#188 = ORIENTED_EDGE ( 'NONE', *, *, #1244, .F. ) ;
#189 = SURFACE_SIDE_STYLE ('',( #722 ) ) ;
#190 = FACE_OUTER_BOUND ( 'NONE', #559, .T. ) ;
#191 = FILL_AREA_STYLE_COLOUR ( '', #19 ) ;
#192 = EDGE_CURVE ( 'NONE', #1033, #1024, #1468, .T. ) ;
#193 = CARTESIAN_POINT ( 'NONE',  ( -0.6600000000000000311, 0.2000000000000000666, 0.2200000000000000289 ) ) ;
#194 = ORIENTED_EDGE ( 'NONE', *, *, #694, .T. ) ;
#195 = ORIENTED_EDGE ( 'NONE', *, *, #1510, .T. ) ;
#196 = LINE ( 'NONE', #1302, #1247 ) ;
#197 = EDGE_CURVE ( 'NONE', #1528, #498, #1699, .T. ) ;
#198 = PRESENTATION_LAYER_ASSIGNMENT (  '', '', ( #1206 ) ) ;
#199 = EDGE_CURVE ( 'NONE', #229, #303, #1148, .T. ) ;
#200 = DIRECTION ( 'NONE',  ( 1.224646799147353207E-16, 0.000000000000000000, -1.000000000000000000 ) ) ;
#201 = CARTESIAN_POINT ( 'NONE',  ( -0.6600000000000000311, 0.2000000000000000944, -0.6600000000000000311 ) ) ;
#202 = VERTEX_POINT ( 'NONE', #499 ) ;
#203 = CARTESIAN_POINT ( 'NONE',  ( -0.2199999999999999734, 0.1100000000000000006, -0.2199999999999999734 ) ) ;
#204 = ORIENTED_EDGE ( 'NONE', *, *, #775, .T. ) ;
#205 = SURFACE_SIDE_STYLE ('',( #660 ) ) ;
#206 = COLOUR_RGB ( '',0.7921568627450980005, 0.8196078431372548767, 0.9333333333333333481 ) ;
#207 = DIRECTION ( 'NONE',  ( -0.000000000000000000, 1.000000000000000000, -0.000000000000000000 ) ) ;
#208 = CIRCLE ( 'NONE', #714, 0.1100000000000000144 ) ;
#209 = AXIS2_PLACEMENT_3D ( 'NONE', #946, #685, #124 ) ;
#210 = CARTESIAN_POINT ( 'NONE',  ( -0.6600000000000000311, 0.1100000000000000006, 0.2200000000000000289 ) ) ;
#211 = ORIENTED_EDGE ( 'NONE', *, *, #917, .F. ) ;
#212 = FACE_OUTER_BOUND ( 'NONE', #72, .T. ) ;
#213 = FACE_OUTER_BOUND ( 'NONE', #1748, .T. ) ;
#214 = CARTESIAN_POINT ( 'NONE',  ( -0.2832455532033675283, 0.2000000000000000666, -0.6600000000000000311 ) ) ;
#215 = CARTESIAN_POINT ( 'NONE',  ( 0.6600000000000000311, 0.2000000000000000666, 0.6600000000000000311 ) ) ;
#216 = ORIENTED_EDGE ( 'NONE', *, *, #218, .F. ) ;
#217 = FACE_OUTER_BOUND ( 'NONE', #176, .T. ) ;
#218 = EDGE_CURVE ( 'NONE', #1467, #104, #1057, .T. ) ;
#219 = CLOSED_SHELL ( 'NONE', ( #628, #1369, #1201, #977, #1642, #871 ) ) ;
#220 = CARTESIAN_POINT ( 'NONE',  ( -0.6600000000000000311, 0.1100000000000000006, 0.6600000000000000311 ) ) ;
#221 = SPHERICAL_SURFACE ( 'NONE', #511, 0.1100000000000000144 ) ;
#222 = CARTESIAN_POINT ( 'NONE',  ( -0.6600000000000000311, -1.355252715606880543E-17, 0.6600000000000000311 ) ) ;
#223 = DIRECTION ( 'NONE',  ( 0.000000000000000000, -0.000000000000000000, -1.000000000000000000 ) ) ;
#224 = PLANE ( 'NONE',  #783 ) ;
#225 = AXIS2_PLACEMENT_3D ( 'NONE', #7, #1502, #1490 ) ;
#226 = CARTESIAN_POINT ( 'NONE',  ( -0.7087500000000001021, 0.4719999999999999751, -0.6013575619295956631 ) ) ;
#227 = PLANE ( 'NONE',  #1117 ) ;
#228 = CIRCLE ( 'NONE', #644, 0.06324555320336752717 ) ;
#229 = VERTEX_POINT ( 'NONE', #989 ) ;
#230 = EDGE_CURVE ( 'NONE', #468, #336, #1168, .T. ) ;
#231 = CARTESIAN_POINT ( 'NONE',  ( 0.5967544467966324762, 0.2000000000000000666, -0.6600000000000000311 ) ) ;
#232 = AXIS2_PLACEMENT_3D ( 'NONE', #945, #1788, #90 ) ;
#233 = CARTESIAN_POINT ( 'NONE',  ( 0.9587499999999998801, 0.2200000000000001399, 0.9487499999999998712 ) ) ;
#234 = DIRECTION ( 'NONE',  ( -0.000000000000000000, 1.000000000000000000, -0.000000000000000000 ) ) ;
#235 = VERTEX_POINT ( 'NONE', #1688 ) ;
#236 = AXIS2_PLACEMENT_3D ( 'NONE', #1200, #642, #367 ) ;
#237 = PRESENTATION_LAYER_ASSIGNMENT (  '', '', ( #132 ) ) ;
#238 = CARTESIAN_POINT ( 'NONE',  ( -0.2199999999999999734, -1.355252715606880543E-17, 0.6600000000000000311 ) ) ;
#239 = ORIENTED_EDGE ( 'NONE', *, *, #572, .T. ) ;
#240 = PRESENTATION_LAYER_ASSIGNMENT (  '', '', ( #513 ) ) ;
#241 = PLANE ( 'NONE',  #1236 ) ;
#242 = PRESENTATION_LAYER_ASSIGNMENT (  '', '', ( #893 ) ) ;
#243 = CARTESIAN_POINT ( 'NONE',  ( 0.6600000000000000311, 0.2000000000000000666, -0.2199999999999999734 ) ) ;
#244 = DIRECTION ( 'NONE',  ( 0.000000000000000000, -0.000000000000000000, -1.000000000000000000 ) ) ;
#245 = UNCERTAINTY_MEASURE_WITH_UNIT (LENGTH_MEASURE( 1.000000000000000082E-05 ), #1729, 'distance_accuracy_value', 'NONE');
#246 =( NAMED_UNIT ( * ) SI_UNIT ( $, .STERADIAN. ) SOLID_ANGLE_UNIT ( ) );
#247 = LINE ( 'NONE', #1211, #326 ) ;
#248 = FACE_OUTER_BOUND ( 'NONE', #1095, .T. ) ;
#249 = ORIENTED_EDGE ( 'NONE', *, *, #1068, .T. ) ;
#250 = FILL_AREA_STYLE ('',( #1517 ) ) ;
#251 = DIRECTION ( 'NONE',  ( 0.000000000000000000, 1.000000000000000000, 0.000000000000000000 ) ) ;
#252 = ORIENTED_EDGE ( 'NONE', *, *, #83, .T. ) ;
#253 = DIRECTION ( 'NONE',  ( 1.000000000000000000, 0.000000000000000000, 0.000000000000000000 ) ) ;
#254 = EDGE_CURVE ( 'NONE', #1724, #395, #1312, .T. ) ;
#255 = CARTESIAN_POINT ( 'NONE',  ( -0.2199999999999999734, 0.1100000000000000006, 0.2200000000000000289 ) ) ;
#256 = DIRECTION ( 'NONE',  ( 1.000000000000000000, 0.000000000000000000, 0.000000000000000000 ) ) ;
#257 = ADVANCED_FACE ( 'NONE', ( #699 ), #8, .T. ) ;
#258 = DIRECTION ( 'NONE',  ( 1.000000000000000000, 0.000000000000000000, 0.000000000000000000 ) ) ;
#259 = CARTESIAN_POINT ( 'NONE',  ( -0.7087500000000001021, 0.4719999999999999751, -0.7013575619295958630 ) ) ;
#260 = AXIS2_PLACEMENT_3D ( 'NONE', #501, #776, #1343 ) ;
#261 = DIRECTION ( 'NONE',  ( 0.000000000000000000, 0.000000000000000000, 1.000000000000000000 ) ) ;
#262 = DIRECTION ( 'NONE',  ( 0.000000000000000000, 0.000000000000000000, -1.000000000000000000 ) ) ;
#263 = MANIFOLD_SOLID_BREP ( 'LPattern1[4]', #1606 ) ;
#264 = AXIS2_PLACEMENT_3D ( 'NONE', #1639, #1223, #1262 ) ;
#265 = CIRCLE ( 'NONE', #1027, 0.06324555320336752717 ) ;
#266 = DIRECTION ( 'NONE',  ( 0.000000000000000000, 0.000000000000000000, 1.000000000000000000 ) ) ;
#267 = MANIFOLD_SOLID_BREP ( 'LPattern1[3]', #433 ) ;
#268 = CARTESIAN_POINT ( 'NONE',  ( -0.6600000000000000311, 0.1100000000000000006, 0.6600000000000000311 ) ) ;
#269 = DIRECTION ( 'NONE',  ( 1.224646799147353207E-16, 0.000000000000000000, -1.000000000000000000 ) ) ;
#270 = CARTESIAN_POINT ( 'NONE',  ( -0.2199999999999999734, 0.1100000000000000006, -0.6600000000000000311 ) ) ;
#271 = PRESENTATION_STYLE_ASSIGNMENT (( #706 ) ) ;
#272 = CIRCLE ( 'NONE', #447, 0.1100000000000000699 ) ;
#273 = AXIS2_PLACEMENT_3D ( 'NONE', #515, #1395, #1635 ) ;
#274 = ORIENTED_EDGE ( 'NONE', *, *, #741, .T. ) ;
#275 =( GEOMETRIC_REPRESENTATION_CONTEXT ( 3 ) GLOBAL_UNCERTAINTY_ASSIGNED_CONTEXT ( ( #1741 ) ) GLOBAL_UNIT_ASSIGNED_CONTEXT ( ( #430, #849, #1139 ) ) REPRESENTATION_CONTEXT ( 'NONE', 'WORKASPACE' ) );
#276 = ADVANCED_FACE ( 'NONE', ( #549 ), #971, .T. ) ;
#277 = CARTESIAN_POINT ( 'NONE',  ( 0.9587499999999998801, -2.697649439790129833, 0.9487499999999998712 ) ) ;
#278 = DIRECTION ( 'NONE',  ( 0.000000000000000000, -0.000000000000000000, -1.000000000000000000 ) ) ;
#279 = EDGE_CURVE ( 'NONE', #602, #396, #208, .T. ) ;
#280 = MANIFOLD_SOLID_BREP ( 'Revolve1', #462 ) ;
#281 = FILL_AREA_STYLE ('',( #1547 ) ) ;
#282 = DIRECTION ( 'NONE',  ( 0.000000000000000000, -0.000000000000000000, 1.000000000000000000 ) ) ;
#283 = DIRECTION ( 'NONE',  ( 0.000000000000000000, 0.000000000000000000, -1.000000000000000000 ) ) ;
#284 = MANIFOLD_SOLID_BREP ( 'Split1[1]', #219 ) ;
#285 = AXIS2_PLACEMENT_3D ( 'NONE', #969, #1637, #820 ) ;
#286 = MANIFOLD_SOLID_BREP ( 'LPattern1[15]', #1579 ) ;
#287 = DIRECTION ( 'NONE',  ( 1.000000000000000000, 0.000000000000000000, 0.000000000000000000 ) ) ;
#288 = DIRECTION ( 'NONE',  ( 0.000000000000000000, 0.000000000000000000, -1.000000000000000000 ) ) ;
#289 = SURFACE_STYLE_USAGE ( .BOTH. , #842 ) ;
#290 =( LENGTH_UNIT ( ) NAMED_UNIT ( * ) SI_UNIT ( .MILLI., .METRE. ) );
#291 = PRODUCT_DEFINITION_CONTEXT ( 'detailed design', #1645, 'design' ) ;
#292 =( NAMED_UNIT ( * ) SI_UNIT ( $, .STERADIAN. ) SOLID_ANGLE_UNIT ( ) );
#293 = AXIS2_PLACEMENT_3D ( 'NONE', #427, #1690, #1258 ) ;
#294 = PRODUCT ( 'NPM2100-CAAA-R', 'NPM2100-CAAA-R', '', ( #1713 ) ) ;
#295 = COLOUR_RGB ( '',0.7921568627450980005, 0.8196078431372548767, 0.9333333333333333481 ) ;
#296 = AXIS2_PLACEMENT_3D ( 'NONE', #948, #1103, #524 ) ;
#297 = CIRCLE ( 'NONE', #623, 0.06324555320336752717 ) ;
#298 =( NAMED_UNIT ( * ) SI_UNIT ( $, .STERADIAN. ) SOLID_ANGLE_UNIT ( ) );
#299 = DIRECTION ( 'NONE',  ( 0.000000000000000000, 0.000000000000000000, -1.000000000000000000 ) ) ;
#300 = SURFACE_SIDE_STYLE ('',( #455 ) ) ;
#301 = ORIENTED_EDGE ( 'NONE', *, *, #22, .F. ) ;
#302 = EDGE_CURVE ( 'NONE', #486, #1150, #645, .T. ) ;
#303 = VERTEX_POINT ( 'NONE', #1183 ) ;
#304 = VERTEX_POINT ( 'NONE', #1464 ) ;
#305 = DIRECTION ( 'NONE',  ( 0.000000000000000000, 0.000000000000000000, 1.000000000000000000 ) ) ;
#306 = DIRECTION ( 'NONE',  ( 0.000000000000000000, -0.000000000000000000, -1.000000000000000000 ) ) ;
#307 = SURFACE_STYLE_FILL_AREA ( #1278 ) ;
#308 = CIRCLE ( 'NONE', #1180, 0.1000000000000001582 ) ;
#309 = ORIENTED_EDGE ( 'NONE', *, *, #1048, .T. ) ;
#310 = EDGE_LOOP ( 'NONE', ( #1175, #1749, #347 ) ) ;
#311 = CARTESIAN_POINT ( 'NONE',  ( -0.5967544467966324762, 0.2000000000000000666, 0.6600000000000000311 ) ) ;
#312 = AXIS2_PLACEMENT_3D ( 'NONE', #546, #1629, #103 ) ;
#313 = AXIS2_PLACEMENT_3D ( 'NONE', #1565, #1274, #854 ) ;
#314 = ORIENTED_EDGE ( 'NONE', *, *, #1774, .F. ) ;
#315 = PLANE ( 'NONE',  #767 ) ;
#316 = LINE ( 'NONE', #1031, #591 ) ;
#317 =( NAMED_UNIT ( * ) SI_UNIT ( $, .STERADIAN. ) SOLID_ANGLE_UNIT ( ) );
#318 = CARTESIAN_POINT ( 'NONE',  ( -0.6600000000000000311, 0.2000000000000000944, 0.6600000000000000311 ) ) ;
#319 = ORIENTED_EDGE ( 'NONE', *, *, #1514, .T. ) ;
#320 = ORIENTED_EDGE ( 'NONE', *, *, #638, .F. ) ;
#321 = PLANE ( 'NONE',  #1142 ) ;
#322 = ORIENTED_EDGE ( 'NONE', *, *, #279, .F. ) ;
#323 = EDGE_LOOP ( 'NONE', ( #1188, #1446, #348, #1571 ) ) ;
#324 = DIRECTION ( 'NONE',  ( 0.000000000000000000, 1.000000000000000000, 0.000000000000000000 ) ) ;
#325 = ORIENTED_EDGE ( 'NONE', *, *, #340, .T. ) ;
#326 = VECTOR ( 'NONE', #719, 1000.000000000000000 ) ;
#327 =( NAMED_UNIT ( * ) PLANE_ANGLE_UNIT ( ) SI_UNIT ( $, .RADIAN. ) );
#328 = AXIS2_PLACEMENT_3D ( 'NONE', #77, #1482, #778 ) ;
#329 = CIRCLE ( 'NONE', #1745, 0.1100000000000000699 ) ;
#330 = EDGE_CURVE ( 'NONE', #468, #886, #1191, .T. ) ;
#331 = ADVANCED_FACE ( 'NONE', ( #897 ), #1746, .T. ) ;
#332 =( GEOMETRIC_REPRESENTATION_CONTEXT ( 3 ) GLOBAL_UNCERTAINTY_ASSIGNED_CONTEXT ( ( #759 ) ) GLOBAL_UNIT_ASSIGNED_CONTEXT ( ( #1731, #1318, #56 ) ) REPRESENTATION_CONTEXT ( 'NONE', 'WORKASPACE' ) );
#333 = DIRECTION ( 'NONE',  ( 0.000000000000000000, 1.000000000000000000, 0.000000000000000000 ) ) ;
#334 = DIRECTION ( 'NONE',  ( 0.000000000000000000, 0.000000000000000000, 1.000000000000000000 ) ) ;
#335 = EDGE_LOOP ( 'NONE', ( #1657, #1653 ) ) ;
#336 = VERTEX_POINT ( 'NONE', #1345 ) ;
#337 = ORIENTED_EDGE ( 'NONE', *, *, #385, .T. ) ;
#338 = ORIENTED_EDGE ( 'NONE', *, *, #467, .T. ) ;
#339 = PLANE ( 'NONE',  #133 ) ;
#340 = EDGE_CURVE ( 'NONE', #1448, #1033, #1359, .T. ) ;
#341 = EDGE_CURVE ( 'NONE', #1793, #482, #890, .T. ) ;
#342 = FILL_AREA_STYLE_COLOUR ( '', #620 ) ;
#343 = PLANE ( 'NONE',  #1771 ) ;
#344 =( NAMED_UNIT ( * ) PLANE_ANGLE_UNIT ( ) SI_UNIT ( $, .RADIAN. ) );
#345 = AXIS2_PLACEMENT_3D ( 'NONE', #1149, #1025, #1166 ) ;
#346 = EDGE_LOOP ( 'NONE', ( #1810, #885 ) ) ;
#347 = ORIENTED_EDGE ( 'NONE', *, *, #1315, .F. ) ;
#348 = ORIENTED_EDGE ( 'NONE', *, *, #420, .F. ) ;
#349 = EDGE_CURVE ( 'NONE', #336, #886, #94, .T. ) ;
#350 = FILL_AREA_STYLE ('',( #99 ) ) ;
#351 = AXIS2_PLACEMENT_3D ( 'NONE', #1521, #1234, #1380 ) ;
#352 = COLOUR_RGB ( '',0.7921568627450980005, 0.8196078431372548767, 0.9333333333333333481 ) ;
#353 = CARTESIAN_POINT ( 'NONE',  ( -0.6600000000000000311, 0.2000000000000000666, -0.2199999999999999734 ) ) ;
#354 = DIRECTION ( 'NONE',  ( -1.000000000000000000, 0.000000000000000000, 0.000000000000000000 ) ) ;
#355 = DIRECTION ( 'NONE',  ( 0.000000000000000000, 0.000000000000000000, 1.000000000000000000 ) ) ;
#356 = EDGE_LOOP ( 'NONE', ( #322, #1029, #1435 ) ) ;
#357 = AXIS2_PLACEMENT_3D ( 'NONE', #1354, #91, #819 ) ;
#358 = DIRECTION ( 'NONE',  ( 0.000000000000000000, -0.000000000000000000, -1.000000000000000000 ) ) ;
#359 = FACE_OUTER_BOUND ( 'NONE', #1802, .T. ) ;
#360 = MECHANICAL_DESIGN_GEOMETRIC_PRESENTATION_REPRESENTATION (  '', ( #1246 ), #66 ) ;
#361 = AXIS2_PLACEMENT_3D ( 'NONE', #210, #1596, #607 ) ;
#362 =( GEOMETRIC_REPRESENTATION_CONTEXT ( 3 ) GLOBAL_UNCERTAINTY_ASSIGNED_CONTEXT ( ( #1005 ) ) GLOBAL_UNIT_ASSIGNED_CONTEXT ( ( #756, #618, #1703 ) ) REPRESENTATION_CONTEXT ( 'NONE', 'WORKASPACE' ) );
#363 =( NAMED_UNIT ( * ) PLANE_ANGLE_UNIT ( ) SI_UNIT ( $, .RADIAN. ) );
#364 = DIRECTION ( 'NONE',  ( -1.000000000000000000, 0.000000000000000000, 0.000000000000000000 ) ) ;
#365 = LINE ( 'NONE', #1620, #947 ) ;
#366 = PRESENTATION_LAYER_ASSIGNMENT (  '', '', ( #661 ) ) ;
#367 = DIRECTION ( 'NONE',  ( 0.000000000000000000, 0.000000000000000000, 1.000000000000000000 ) ) ;
#368 = FACE_OUTER_BOUND ( 'NONE', #567, .T. ) ;
#369 = DIRECTION ( 'NONE',  ( -0.000000000000000000, 1.000000000000000000, -0.000000000000000000 ) ) ;
#370 = DIRECTION ( 'NONE',  ( 1.224646799147353207E-16, 0.000000000000000000, -1.000000000000000000 ) ) ;
#371 = ADVANCED_FACE ( 'NONE', ( #57 ), #508, .F. ) ;
#372 = DIRECTION ( 'NONE',  ( 0.000000000000000000, 0.000000000000000000, 1.000000000000000000 ) ) ;
#373 = ADVANCED_FACE ( 'NONE', ( #438 ), #1006, .F. ) ;
#374 = DIRECTION ( 'NONE',  ( 0.000000000000000000, 0.000000000000000000, -1.000000000000000000 ) ) ;
#375 = PLANE ( 'NONE',  #1705 ) ;
#376 = SURFACE_STYLE_USAGE ( .BOTH. , #974 ) ;
#377 = CIRCLE ( 'NONE', #1144, 0.1100000000000000144 ) ;
#378 = DIRECTION ( 'NONE',  ( 0.000000000000000000, 0.000000000000000000, -1.000000000000000000 ) ) ;
#379 = CARTESIAN_POINT ( 'NONE',  ( 0.9587499999999998801, 0.2200000000000001399, -0.9487500000000000933 ) ) ;
#380 = ORIENTED_EDGE ( 'NONE', *, *, #1324, .F. ) ;
#381 = FACE_OUTER_BOUND ( 'NONE', #109, .T. ) ;
#382 = ORIENTED_EDGE ( 'NONE', *, *, #1580, .F. ) ;
#383 = CARTESIAN_POINT ( 'NONE',  ( -0.9587500000000001021, 0.2000000000000000944, 0.9487499999999998712 ) ) ;
#384 = FACE_OUTER_BOUND ( 'NONE', #1207, .T. ) ;
#385 = EDGE_CURVE ( 'NONE', #500, #1756, #910, .T. ) ;
#386 = CARTESIAN_POINT ( 'NONE',  ( -0.5967544467966324762, 0.2000000000000000666, -0.6600000000000000311 ) ) ;
#387 = CIRCLE ( 'NONE', #1472, 0.1100000000000000144 ) ;
#388 = CARTESIAN_POINT ( 'NONE',  ( 0.2200000000000000289, 0.1100000000000000006, -0.2199999999999999734 ) ) ;
#389 = DIRECTION ( 'NONE',  ( 0.000000000000000000, -0.000000000000000000, -1.000000000000000000 ) ) ;
#390 = VECTOR ( 'NONE', #1696, 1000.000000000000000 ) ;
#391 = FACE_OUTER_BOUND ( 'NONE', #748, .T. ) ;
#392 =( GEOMETRIC_REPRESENTATION_CONTEXT ( 3 ) GLOBAL_UNCERTAINTY_ASSIGNED_CONTEXT ( ( #1711 ) ) GLOBAL_UNIT_ASSIGNED_CONTEXT ( ( #1551, #32, #292 ) ) REPRESENTATION_CONTEXT ( 'NONE', 'WORKASPACE' ) );
#393 = CARTESIAN_POINT ( 'NONE',  ( 0.2200000000000000289, 0.2000000000000000666, 0.6600000000000000311 ) ) ;
#394 = EDGE_CURVE ( 'NONE', #1791, #902, #1248, .T. ) ;
#395 = VERTEX_POINT ( 'NONE', #922 ) ;
#396 = VERTEX_POINT ( 'NONE', #1733 ) ;
#397 = CARTESIAN_POINT ( 'NONE',  ( -0.1567544467966324462, 0.2000000000000000666, 0.6600000000000000311 ) ) ;
#398 = EDGE_CURVE ( 'NONE', #1796, #837, #1560, .T. ) ;
#399 =( NAMED_UNIT ( * ) SI_UNIT ( $, .STERADIAN. ) SOLID_ANGLE_UNIT ( ) );
#400 = UNCERTAINTY_MEASURE_WITH_UNIT (LENGTH_MEASURE( 1.000000000000000082E-05 ), #980, 'distance_accuracy_value', 'NONE');
#401 = FACE_OUTER_BOUND ( 'NONE', #1578, .T. ) ;
#402 = CARTESIAN_POINT ( 'NONE',  ( -0.7232455532033674750, 0.2000000000000000666, -0.6600000000000000311 ) ) ;
#403 = CARTESIAN_POINT ( 'NONE',  ( -0.7087500000000001021, 0.4719999999999999751, -0.7013575619295958630 ) ) ;
#404 = CARTESIAN_POINT ( 'NONE',  ( -0.9587500000000001021, 0.2200000000000001399, 0.9487499999999998712 ) ) ;
#405 = VERTEX_POINT ( 'NONE', #474 ) ;
#406 = DIRECTION ( 'NONE',  ( -1.000000000000000000, 0.000000000000000000, 0.000000000000000000 ) ) ;
#407 = ORIENTED_EDGE ( 'NONE', *, *, #143, .T. ) ;
#408 = ORIENTED_EDGE ( 'NONE', *, *, #74, .F. ) ;
#409 = SURFACE_STYLE_USAGE ( .BOTH. , #1665 ) ;
#410 = FILL_AREA_STYLE ('',( #968 ) ) ;
#411 = LINE ( 'NONE', #993, #415 ) ;
#412 = AXIS2_PLACEMENT_3D ( 'NONE', #1573, #305, #44 ) ;
#413 = DIRECTION ( 'NONE',  ( 0.000000000000000000, -0.000000000000000000, 1.000000000000000000 ) ) ;
#414 = FACE_OUTER_BOUND ( 'NONE', #1672, .T. ) ;
#415 = VECTOR ( 'NONE', #1549, 1000.000000000000000 ) ;
#416 = VERTEX_POINT ( 'NONE', #1628 ) ;
#417 = EDGE_CURVE ( 'NONE', #1501, #519, #1415, .T. ) ;
#418 =( NAMED_UNIT ( * ) PLANE_ANGLE_UNIT ( ) SI_UNIT ( $, .RADIAN. ) );
#419 = LINE ( 'NONE', #483, #155 ) ;
#420 = EDGE_CURVE ( 'NONE', #104, #860, #798, .T. ) ;
#421 = DIRECTION ( 'NONE',  ( 0.000000000000000000, 0.000000000000000000, -1.000000000000000000 ) ) ;
#422 = SURFACE_STYLE_FILL_AREA ( #573 ) ;
#423 = AXIS2_PLACEMENT_3D ( 'NONE', #613, #587, #1161 ) ;
#424 = MECHANICAL_DESIGN_GEOMETRIC_PRESENTATION_REPRESENTATION (  '', ( #132 ), #154 ) ;
#425 = ORIENTED_EDGE ( 'NONE', *, *, #1484, .F. ) ;
#426 = PRESENTATION_LAYER_ASSIGNMENT (  '', '', ( #1541 ) ) ;
#427 = CARTESIAN_POINT ( 'NONE',  ( 0.6600000000000000311, 0.1100000000000000006, 0.6600000000000000311 ) ) ;
#428 = CARTESIAN_POINT ( 'NONE',  ( -0.2199999999999999734, 0.2000000000000000666, -0.6600000000000000311 ) ) ;
#429 = DIRECTION ( 'NONE',  ( 0.000000000000000000, 0.000000000000000000, -1.000000000000000000 ) ) ;
#430 =( LENGTH_UNIT ( ) NAMED_UNIT ( * ) SI_UNIT ( .MILLI., .METRE. ) );
#431 = SURFACE_SIDE_STYLE ('',( #850 ) ) ;
#432 = SPHERICAL_SURFACE ( 'NONE', #63, 0.1100000000000000144 ) ;
#433 = CLOSED_SHELL ( 'NONE', ( #276, #373, #1000 ) ) ;
#434 = CARTESIAN_POINT ( 'NONE',  ( 0.6600000000000000311, 0.2000000000000000944, 0.2200000000000000289 ) ) ;
#435 = CARTESIAN_POINT ( 'NONE',  ( -0.9587500000000001021, -2.697649439790129833, 0.9487499999999998712 ) ) ;
#436 = DIRECTION ( 'NONE',  ( 0.000000000000000000, 0.000000000000000000, 1.000000000000000000 ) ) ;
#437 = VECTOR ( 'NONE', #790, 1000.000000000000000 ) ;
#438 = FACE_OUTER_BOUND ( 'NONE', #951, .T. ) ;
#439 = AXIS2_PLACEMENT_3D ( 'NONE', #1348, #538, #1356 ) ;
#440 = SURFACE_STYLE_FILL_AREA ( #1437 ) ;
#441 = DIRECTION ( 'NONE',  ( 1.000000000000000000, 0.000000000000000000, 0.000000000000000000 ) ) ;
#442 = ADVANCED_BREP_SHAPE_REPRESENTATION ( 'NPM2100-CAAA-R', ( #1479, #280, #1471, #920, #267, #263, #1512, #924, #900, #1506, #1530, #1520, #1522, #913, #859, #879, #286, #284, #1499, #1070 ), #362 ) ;
#443 =( NAMED_UNIT ( * ) PLANE_ANGLE_UNIT ( ) SI_UNIT ( $, .RADIAN. ) );
#444 = ORIENTED_EDGE ( 'NONE', *, *, #528, .T. ) ;
#445 = APPLICATION_PROTOCOL_DEFINITION ( 'draft international standard', 'automotive_design', 1998, #1645 ) ;
#446 = FACE_OUTER_BOUND ( 'NONE', #478, .T. ) ;
#447 = AXIS2_PLACEMENT_3D ( 'NONE', #1800, #545, #1515 ) ;
#448 = COLOUR_RGB ( '',0.7921568627450980005, 0.8196078431372548767, 0.9333333333333333481 ) ;
#449 = PRESENTATION_LAYER_ASSIGNMENT (  '', '', ( #688 ) ) ;
#450 = CIRCLE ( 'NONE', #68, 0.1100000000000000699 ) ;
#451 =( NAMED_UNIT ( * ) SI_UNIT ( $, .STERADIAN. ) SOLID_ANGLE_UNIT ( ) );
#452 = EDGE_CURVE ( 'NONE', #1150, #405, #1221, .T. ) ;
#453 = DIRECTION ( 'NONE',  ( 0.000000000000000000, 1.000000000000000000, 0.000000000000000000 ) ) ;
#454 = EDGE_CURVE ( 'NONE', #1734, #498, #593, .T. ) ;
#455 = SURFACE_STYLE_FILL_AREA ( #872 ) ;
#456 = DIRECTION ( 'NONE',  ( 1.000000000000000000, 0.000000000000000000, 0.000000000000000000 ) ) ;
#457 = ORIENTED_EDGE ( 'NONE', *, *, #1184, .F. ) ;
#458 = ORIENTED_EDGE ( 'NONE', *, *, #635, .T. ) ;
#459 = CLOSED_SHELL ( 'NONE', ( #503, #1752, #1135 ) ) ;
#460 = ORIENTED_EDGE ( 'NONE', *, *, #254, .F. ) ;
#461 = DIRECTION ( 'NONE',  ( -1.000000000000000000, 0.000000000000000000, 0.000000000000000000 ) ) ;
#462 = CLOSED_SHELL ( 'NONE', ( #1546, #371, #1305 ) ) ;
#463 = EDGE_LOOP ( 'NONE', ( #550, #1050, #129 ) ) ;
#464 = SHAPE_DEFINITION_REPRESENTATION ( #1141, #442 ) ;
#465 = FACE_OUTER_BOUND ( 'NONE', #335, .T. ) ;
#466 = EDGE_CURVE ( 'NONE', #747, #1167, #387, .T. ) ;
#467 = EDGE_CURVE ( 'NONE', #1423, #1339, #272, .T. ) ;
#468 = VERTEX_POINT ( 'NONE', #1769 ) ;
#469 = CARTESIAN_POINT ( 'NONE',  ( -0.6600000000000000311, -1.355252715606880543E-17, -0.2199999999999999734 ) ) ;
#470 = AXIS2_PLACEMENT_3D ( 'NONE', #403, #1092, #1526 ) ;
#471 = AXIS2_PLACEMENT_3D ( 'NONE', #270, #95, #834 ) ;
#472 = AXIS2_PLACEMENT_3D ( 'NONE', #627, #802, #1794 ) ;
#473 = CARTESIAN_POINT ( 'NONE',  ( 0.2200000000000000289, 0.1100000000000000006, 0.6600000000000000311 ) ) ;
#474 = CARTESIAN_POINT ( 'NONE',  ( -0.9587500000000001021, 0.2200000000000001399, -0.9487500000000000933 ) ) ;
#475 = EDGE_CURVE ( 'NONE', #1024, #1033, #1131, .T. ) ;
#476 = ORIENTED_EDGE ( 'NONE', *, *, #909, .F. ) ;
#477 = ADVANCED_FACE ( 'NONE', ( #1781 ), #808, .F. ) ;
#478 = EDGE_LOOP ( 'NONE', ( #1434, #800, #319, #1712 ) ) ;
#479 = CARTESIAN_POINT ( 'NONE',  ( -0.2199999999999999734, 0.2000000000000000944, 0.2200000000000000289 ) ) ;
#480 = ORIENTED_EDGE ( 'NONE', *, *, #1787, .F. ) ;
#481 = ORIENTED_EDGE ( 'NONE', *, *, #1048, .F. ) ;
#482 = VERTEX_POINT ( 'NONE', #1662 ) ;
#483 = CARTESIAN_POINT ( 'NONE',  ( 0.9587499999999998801, -2.697649439790129833, 0.9487499999999998712 ) ) ;
#484 = ADVANCED_FACE ( 'NONE', ( #789 ), #663, .T. ) ;
#485 = AXIS2_PLACEMENT_3D ( 'NONE', #353, #521, #1634 ) ;
#486 = VERTEX_POINT ( 'NONE', #233 ) ;
#487 = AXIS2_PLACEMENT_3D ( 'NONE', #1083, #1363, #101 ) ;
#488 = MECHANICAL_DESIGN_GEOMETRIC_PRESENTATION_REPRESENTATION (  '', ( #1541 ), #1297 ) ;
#489 = FACE_OUTER_BOUND ( 'NONE', #629, .T. ) ;
#490 = EDGE_CURVE ( 'NONE', #602, #1814, #17, .T. ) ;
#491 = ORIENTED_EDGE ( 'NONE', *, *, #192, .F. ) ;
#492 = ORIENTED_EDGE ( 'NONE', *, *, #889, .F. ) ;
#493 = ORIENTED_EDGE ( 'NONE', *, *, #330, .T. ) ;
#494 = ORIENTED_EDGE ( 'NONE', *, *, #475, .T. ) ;
#495 = SPHERICAL_SURFACE ( 'NONE', #85, 0.1100000000000000144 ) ;
#496 = DIRECTION ( 'NONE',  ( 0.000000000000000000, 0.000000000000000000, -1.000000000000000000 ) ) ;
#497 =( LENGTH_UNIT ( ) NAMED_UNIT ( * ) SI_UNIT ( .MILLI., .METRE. ) );
#498 = VERTEX_POINT ( 'NONE', #402 ) ;
#499 = CARTESIAN_POINT ( 'NONE',  ( 0.7232455532033674750, 0.2000000000000000666, 0.6600000000000000311 ) ) ;
#500 = VERTEX_POINT ( 'NONE', #1650 ) ;
#501 = CARTESIAN_POINT ( 'NONE',  ( -0.9587500000000001021, -2.697649439790129833, 0.9487499999999998712 ) ) ;
#502 = CIRCLE ( 'NONE', #1532, 0.1100000000000000699 ) ;
#503 = ADVANCED_FACE ( 'NONE', ( #962 ), #1374, .T. ) ;
#504 = STYLED_ITEM ( 'NONE', ( #117 ), #1471 ) ;
#505 = CARTESIAN_POINT ( 'NONE',  ( -0.7087500000000001021, 0.4719999999999999751, -0.7013575619295958630 ) ) ;
#506 = VECTOR ( 'NONE', #406, 1000.000000000000000 ) ;
#507 = EDGE_CURVE ( 'NONE', #1412, #1756, #247, .T. ) ;
#508 = PLANE ( 'NONE',  #1011 ) ;
#509 = CARTESIAN_POINT ( 'NONE',  ( 0.2832455532033675838, 0.2000000000000000666, -0.2199999999999999734 ) ) ;
#510 = DIRECTION ( 'NONE',  ( 0.000000000000000000, 1.000000000000000000, 0.000000000000000000 ) ) ;
#511 = AXIS2_PLACEMENT_3D ( 'NONE', #112, #514, #651 ) ;
#512 = ADVANCED_FACE ( 'NONE', ( #414 ), #1753, .T. ) ;
#513 = STYLED_ITEM ( 'NONE', ( #175 ), #442 ) ;
#514 = DIRECTION ( 'NONE',  ( 0.000000000000000000, 0.000000000000000000, -1.000000000000000000 ) ) ;
#515 = CARTESIAN_POINT ( 'NONE',  ( -0.6600000000000000311, 0.2000000000000000666, -0.2199999999999999734 ) ) ;
#516 = STYLED_ITEM ( 'NONE', ( #1687 ), #1506 ) ;
#517 = CARTESIAN_POINT ( 'NONE',  ( -0.2199999999999999734, 0.2000000000000000666, 0.6600000000000000311 ) ) ;
#518 = DIRECTION ( 'NONE',  ( 0.000000000000000000, 0.000000000000000000, -1.000000000000000000 ) ) ;
#519 = VERTEX_POINT ( 'NONE', #1153 ) ;
#520 = CARTESIAN_POINT ( 'NONE',  ( -0.2199999999999999734, 0.2000000000000000944, 0.6600000000000000311 ) ) ;
#521 = DIRECTION ( 'NONE',  ( -0.000000000000000000, 1.000000000000000000, -0.000000000000000000 ) ) ;
#522 = DIRECTION ( 'NONE',  ( 0.000000000000000000, 1.000000000000000000, 0.000000000000000000 ) ) ;
#523 = CLOSED_SHELL ( 'NONE', ( #1187, #5, #1289 ) ) ;
#524 = DIRECTION ( 'NONE',  ( -1.000000000000000000, 0.000000000000000000, 0.000000000000000000 ) ) ;
#525 = FACE_OUTER_BOUND ( 'NONE', #781, .T. ) ;
#526 = DIRECTION ( 'NONE',  ( 0.000000000000000000, 0.000000000000000000, 1.000000000000000000 ) ) ;
#527 = ADVANCED_FACE ( 'NONE', ( #596 ), #343, .F. ) ;
#528 = EDGE_CURVE ( 'NONE', #1585, #416, #1740, .T. ) ;
#529 = DIRECTION ( 'NONE',  ( -0.000000000000000000, 1.000000000000000000, -0.000000000000000000 ) ) ;
#530 = UNCERTAINTY_MEASURE_WITH_UNIT (LENGTH_MEASURE( 1.000000000000000082E-05 ), #861, 'distance_accuracy_value', 'NONE');
#531 = CARTESIAN_POINT ( 'NONE',  ( 0.2200000000000000289, 0.2000000000000000666, 0.2200000000000000289 ) ) ;
#532 = CIRCLE ( 'NONE', #563, 0.1100000000000000699 ) ;
#533 = DIRECTION ( 'NONE',  ( 1.000000000000000000, 0.000000000000000000, 0.000000000000000000 ) ) ;
#534 = DIRECTION ( 'NONE',  ( -1.000000000000000000, 0.000000000000000000, 0.000000000000000000 ) ) ;
#535 = ORIENTED_EDGE ( 'NONE', *, *, #1514, .F. ) ;
#536 = DIRECTION ( 'NONE',  ( 0.000000000000000000, 0.000000000000000000, 1.000000000000000000 ) ) ;
#537 = ORIENTED_EDGE ( 'NONE', *, *, #1717, .F. ) ;
#538 = DIRECTION ( 'NONE',  ( -0.000000000000000000, 1.000000000000000000, -0.000000000000000000 ) ) ;
#539 = EDGE_CURVE ( 'NONE', #1255, #161, #1358, .T. ) ;
#540 = ORIENTED_EDGE ( 'NONE', *, *, #45, .T. ) ;
#541 = CARTESIAN_POINT ( 'NONE',  ( -0.2199999999999999734, 0.1100000000000000006, -0.6600000000000000311 ) ) ;
#542 = DIRECTION ( 'NONE',  ( -1.000000000000000000, 0.000000000000000000, 0.000000000000000000 ) ) ;
#543 =( NAMED_UNIT ( * ) PLANE_ANGLE_UNIT ( ) SI_UNIT ( $, .RADIAN. ) );
#544 = AXIS2_PLACEMENT_3D ( 'NONE', #82, #76, #631 ) ;
#545 = DIRECTION ( 'NONE',  ( 0.000000000000000000, 0.000000000000000000, 1.000000000000000000 ) ) ;
#546 = CARTESIAN_POINT ( 'NONE',  ( -0.7087500000000001021, 0.5220000000000000195, -0.7013575619295958630 ) ) ;
#547 = DIRECTION ( 'NONE',  ( 0.000000000000000000, 0.000000000000000000, 1.000000000000000000 ) ) ;
#548 = MECHANICAL_DESIGN_GEOMETRIC_PRESENTATION_REPRESENTATION (  '', ( #513 ), #392 ) ;
#549 = FACE_OUTER_BOUND ( 'NONE', #616, .T. ) ;
#550 = ORIENTED_EDGE ( 'NONE', *, *, #694, .F. ) ;
#551 = DIRECTION ( 'NONE',  ( -0.000000000000000000, 1.000000000000000000, -0.000000000000000000 ) ) ;
#552 = DIRECTION ( 'NONE',  ( 0.000000000000000000, 1.000000000000000000, 0.000000000000000000 ) ) ;
#553 = EDGE_CURVE ( 'NONE', #1728, #1150, #184, .T. ) ;
#554 = CARTESIAN_POINT ( 'NONE',  ( -0.2199999999999999734, 0.2000000000000000666, -0.6600000000000000311 ) ) ;
#555 = CARTESIAN_POINT ( 'NONE',  ( 0.9587499999999998801, 0.2200000000000001399, -0.9487500000000000933 ) ) ;
#556 = DIRECTION ( 'NONE',  ( 1.000000000000000000, 0.000000000000000000, 0.000000000000000000 ) ) ;
#557 = VERTEX_POINT ( 'NONE', #870 ) ;
#558 = ORIENTED_EDGE ( 'NONE', *, *, #1128, .T. ) ;
#559 = EDGE_LOOP ( 'NONE', ( #115, #1106, #58 ) ) ;
#560 = EDGE_CURVE ( 'NONE', #902, #1791, #1294, .T. ) ;
#561 =( LENGTH_UNIT ( ) NAMED_UNIT ( * ) SI_UNIT ( .MILLI., .METRE. ) );
#562 = CARTESIAN_POINT ( 'NONE',  ( 0.2200000000000000289, 0.1100000000000000006, -0.2199999999999999734 ) ) ;
#563 = AXIS2_PLACEMENT_3D ( 'NONE', #1483, #370, #534 ) ;
#564 = CARTESIAN_POINT ( 'NONE',  ( 0.9587500000000001021, 0.2000000000000000944, 0.9487499999999998712 ) ) ;
#565 = EDGE_LOOP ( 'NONE', ( #1123, #60, #188, #1739 ) ) ;
#566 = DIRECTION ( 'NONE',  ( 0.000000000000000000, 0.000000000000000000, 1.000000000000000000 ) ) ;
#567 = EDGE_LOOP ( 'NONE', ( #1736, #1389, #216, #1307 ) ) ;
#568 = VECTOR ( 'NONE', #689, 1000.000000000000000 ) ;
#569 = VERTEX_POINT ( 'NONE', #1326 ) ;
#570 = DIRECTION ( 'NONE',  ( 0.000000000000000000, 0.000000000000000000, -1.000000000000000000 ) ) ;
#571 = DIRECTION ( 'NONE',  ( 0.000000000000000000, -0.000000000000000000, -1.000000000000000000 ) ) ;
#572 = EDGE_CURVE ( 'NONE', #735, #1577, #152, .T. ) ;
#573 = FILL_AREA_STYLE ('',( #1693 ) ) ;
#574 = DIRECTION ( 'NONE',  ( 1.000000000000000000, 0.000000000000000000, 0.000000000000000000 ) ) ;
#575 = CIRCLE ( 'NONE', #830, 0.1100000000000000144 ) ;
#576 = VECTOR ( 'NONE', #1616, 1000.000000000000000 ) ;
#577 = CIRCLE ( 'NONE', #1012, 0.1100000000000000144 ) ;
#578 = ORIENTED_EDGE ( 'NONE', *, *, #1068, .F. ) ;
#579 = COLOUR_RGB ( '',0.7921568627450980005, 0.8196078431372548767, 0.9333333333333333481 ) ;
#580 = CARTESIAN_POINT ( 'NONE',  ( 0.2200000000000000289, -1.355252715606880543E-17, 0.6600000000000000311 ) ) ;
#581 = SPHERICAL_SURFACE ( 'NONE', #873, 0.1100000000000000144 ) ;
#582 = ADVANCED_FACE ( 'NONE', ( #190 ), #1574, .T. ) ;
#583 = DIRECTION ( 'NONE',  ( -1.000000000000000000, 0.000000000000000000, 0.000000000000000000 ) ) ;
#584 =( GEOMETRIC_REPRESENTATION_CONTEXT ( 3 ) GLOBAL_UNCERTAINTY_ASSIGNED_CONTEXT ( ( #672 ) ) GLOBAL_UNIT_ASSIGNED_CONTEXT ( ( #1080, #1198, #621 ) ) REPRESENTATION_CONTEXT ( 'NONE', 'WORKASPACE' ) );
#585 = CARTESIAN_POINT ( 'NONE',  ( -0.7087500000000001021, 0.4719999999999999751, -0.7013575619295958630 ) ) ;
#586 = AXIS2_PLACEMENT_3D ( 'NONE', #821, #105, #413 ) ;
#587 = DIRECTION ( 'NONE',  ( -0.000000000000000000, 1.000000000000000000, -0.000000000000000000 ) ) ;
#588 = UNCERTAINTY_MEASURE_WITH_UNIT (LENGTH_MEASURE( 1.000000000000000082E-05 ), #1799, 'distance_accuracy_value', 'NONE');
#589 = ORIENTED_EDGE ( 'NONE', *, *, #847, .F. ) ;
#590 = CYLINDRICAL_SURFACE ( 'NONE', #869, 0.1000000000000001582 ) ;
#591 = VECTOR ( 'NONE', #1015, 1000.000000000000000 ) ;
#592 = AXIS2_PLACEMENT_3D ( 'NONE', #255, #1129, #1684 ) ;
#593 = CIRCLE ( 'NONE', #1622, 0.1100000000000000699 ) ;
#594 = VECTOR ( 'NONE', #907, 1000.000000000000000 ) ;
#595 = PRESENTATION_STYLE_ASSIGNMENT (( #1591 ) ) ;
#596 = FACE_OUTER_BOUND ( 'NONE', #1378, .T. ) ;
#597 = SURFACE_SIDE_STYLE ('',( #422 ) ) ;
#598 = PRESENTATION_STYLE_ASSIGNMENT (( #1567 ) ) ;
#599 = EDGE_CURVE ( 'NONE', #986, #1466, #723, .T. ) ;
#600 = ORIENTED_EDGE ( 'NONE', *, *, #1580, .T. ) ;
#601 = EDGE_LOOP ( 'NONE', ( #107, #1604, #615 ) ) ;
#602 = VERTEX_POINT ( 'NONE', #1742 ) ;
#603 = DIRECTION ( 'NONE',  ( 0.000000000000000000, 0.000000000000000000, 1.000000000000000000 ) ) ;
#604 = ORIENTED_EDGE ( 'NONE', *, *, #1774, .T. ) ;
#605 = FILL_AREA_STYLE ('',( #162 ) ) ;
#606 = PLANE ( 'NONE',  #1069 ) ;
#607 = DIRECTION ( 'NONE',  ( -1.000000000000000000, 0.000000000000000000, 0.000000000000000000 ) ) ;
#608 = ORIENTED_EDGE ( 'NONE', *, *, #889, .T. ) ;
#609 = ORIENTED_EDGE ( 'NONE', *, *, #192, .T. ) ;
#610 = DIRECTION ( 'NONE',  ( 0.000000000000000000, 1.000000000000000000, 0.000000000000000000 ) ) ;
#611 = ORIENTED_EDGE ( 'NONE', *, *, #61, .T. ) ;
#612 = CARTESIAN_POINT ( 'NONE',  ( -0.5967544467966324762, 0.2000000000000000666, -0.2199999999999999734 ) ) ;
#613 = CARTESIAN_POINT ( 'NONE',  ( 0.6600000000000000311, 0.2000000000000000666, 0.2200000000000000289 ) ) ;
#614 = FILL_AREA_STYLE_COLOUR ( '', #1806 ) ;
#615 = ORIENTED_EDGE ( 'NONE', *, *, #61, .F. ) ;
#616 = EDGE_LOOP ( 'NONE', ( #1725, #1399, #1186 ) ) ;
#617 = ORIENTED_EDGE ( 'NONE', *, *, #398, .T. ) ;
#618 =( NAMED_UNIT ( * ) PLANE_ANGLE_UNIT ( ) SI_UNIT ( $, .RADIAN. ) );
#619 = AXIS2_PLACEMENT_3D ( 'NONE', #1414, #135, #1553 ) ;
#620 = COLOUR_RGB ( '',0.7921568627450980005, 0.8196078431372548767, 0.9333333333333333481 ) ;
#621 =( NAMED_UNIT ( * ) SI_UNIT ( $, .STERADIAN. ) SOLID_ANGLE_UNIT ( ) );
#622 =( GEOMETRIC_REPRESENTATION_CONTEXT ( 3 ) GLOBAL_UNCERTAINTY_ASSIGNED_CONTEXT ( ( #1647 ) ) GLOBAL_UNIT_ASSIGNED_CONTEXT ( ( #290, #724, #856 ) ) REPRESENTATION_CONTEXT ( 'NONE', 'WORKASPACE' ) );
#623 = AXIS2_PLACEMENT_3D ( 'NONE', #1497, #1210, #1220 ) ;
#624 = DIRECTION ( 'NONE',  ( 0.000000000000000000, -1.000000000000000000, 0.000000000000000000 ) ) ;
#625 =( LENGTH_UNIT ( ) NAMED_UNIT ( * ) SI_UNIT ( .MILLI., .METRE. ) );
#626 = DIRECTION ( 'NONE',  ( -0.000000000000000000, 1.000000000000000000, -0.000000000000000000 ) ) ;
#627 = CARTESIAN_POINT ( 'NONE',  ( -0.2199999999999999734, 0.2000000000000000666, -0.2199999999999999734 ) ) ;
#628 = ADVANCED_FACE ( 'NONE', ( #895 ), #606, .F. ) ;
#629 = EDGE_LOOP ( 'NONE', ( #1018, #608, #1735 ) ) ;
#630 = PRESENTATION_STYLE_ASSIGNMENT (( #1633 ) ) ;
#631 = DIRECTION ( 'NONE',  ( 1.000000000000000000, 0.000000000000000000, 0.000000000000000000 ) ) ;
#632 = SURFACE_SIDE_STYLE ('',( #1441 ) ) ;
#633 = CARTESIAN_POINT ( 'NONE',  ( 0.2200000000000000289, 0.1100000000000000006, 0.2200000000000000289 ) ) ;
#634 = CARTESIAN_POINT ( 'NONE',  ( -0.9587500000000001021, 0.5220000000000000195, 0.9487499999999998712 ) ) ;
#635 = EDGE_CURVE ( 'NONE', #1724, #887, #575, .T. ) ;
#636 = CIRCLE ( 'NONE', #1668, 0.06324555320336752717 ) ;
#637 = DIRECTION ( 'NONE',  ( 0.000000000000000000, -1.000000000000000000, 0.000000000000000000 ) ) ;
#638 = EDGE_CURVE ( 'NONE', #1432, #1412, #316, .T. ) ;
#639 = SPHERICAL_SURFACE ( 'NONE', #1609, 0.1100000000000000144 ) ;
#640 = AXIS2_PLACEMENT_3D ( 'NONE', #1811, #429, #441 ) ;
#641 =( GEOMETRIC_REPRESENTATION_CONTEXT ( 3 ) GLOBAL_UNCERTAINTY_ASSIGNED_CONTEXT ( ( #1461 ) ) GLOBAL_UNIT_ASSIGNED_CONTEXT ( ( #994, #863, #1421 ) ) REPRESENTATION_CONTEXT ( 'NONE', 'WORKASPACE' ) );
#642 = DIRECTION ( 'NONE',  ( -0.000000000000000000, 1.000000000000000000, -0.000000000000000000 ) ) ;
#643 = SURFACE_SIDE_STYLE ('',( #65 ) ) ;
#644 = AXIS2_PLACEMENT_3D ( 'NONE', #932, #1094, #372 ) ;
#645 = LINE ( 'NONE', #48, #67 ) ;
#646 = CARTESIAN_POINT ( 'NONE',  ( -0.2199999999999999734, 0.1100000000000000006, 0.2200000000000000289 ) ) ;
#647 = DIRECTION ( 'NONE',  ( 0.000000000000000000, 0.000000000000000000, 1.000000000000000000 ) ) ;
#648 = FACE_OUTER_BOUND ( 'NONE', #1702, .T. ) ;
#649 = AXIS2_PLACEMENT_3D ( 'NONE', #1709, #1719, #55 ) ;
#650 = STYLED_ITEM ( 'NONE', ( #1295 ), #284 ) ;
#651 = DIRECTION ( 'NONE',  ( 1.000000000000000000, 0.000000000000000000, 0.000000000000000000 ) ) ;
#652 = DIRECTION ( 'NONE',  ( 0.000000000000000000, 0.000000000000000000, 1.000000000000000000 ) ) ;
#653 = STYLED_ITEM ( 'NONE', ( #705 ), #1499 ) ;
#654 = CARTESIAN_POINT ( 'NONE',  ( 0.2200000000000000289, 0.1100000000000000006, -0.2199999999999999734 ) ) ;
#655 = DIRECTION ( 'NONE',  ( 1.224646799147353207E-16, 0.000000000000000000, -1.000000000000000000 ) ) ;
#656 =( NAMED_UNIT ( * ) SI_UNIT ( $, .STERADIAN. ) SOLID_ANGLE_UNIT ( ) );
#657 = CARTESIAN_POINT ( 'NONE',  ( -0.2832455532033675283, 0.2000000000000000666, 0.2200000000000000289 ) ) ;
#658 = ADVANCED_FACE ( 'NONE', ( #489 ), #1194, .T. ) ;
#659 = ADVANCED_FACE ( 'NONE', ( #1317, #862 ), #1592, .F. ) ;
#660 = SURFACE_STYLE_FILL_AREA ( #350 ) ;
#661 = STYLED_ITEM ( 'NONE', ( #1406 ), #267 ) ;
#662 = EDGE_CURVE ( 'NONE', #1264, #1518, #1428, .T. ) ;
#663 = SPHERICAL_SURFACE ( 'NONE', #955, 0.1100000000000000144 ) ;
#664 = DIRECTION ( 'NONE',  ( -0.000000000000000000, 1.000000000000000000, -0.000000000000000000 ) ) ;
#665 = LINE ( 'NONE', #1652, #568 ) ;
#666 = DIRECTION ( 'NONE',  ( 0.000000000000000000, -0.000000000000000000, 1.000000000000000000 ) ) ;
#667 = ORIENTED_EDGE ( 'NONE', *, *, #1233, .F. ) ;
#668 = CLOSED_SHELL ( 'NONE', ( #1439, #527, #1710 ) ) ;
#669 = DIRECTION ( 'NONE',  ( 0.000000000000000000, 1.000000000000000000, 0.000000000000000000 ) ) ;
#670 = AXIS2_PLACEMENT_3D ( 'NONE', #939, #1651, #1212 ) ;
#671 = FACE_OUTER_BOUND ( 'NONE', #1195, .T. ) ;
#672 = UNCERTAINTY_MEASURE_WITH_UNIT (LENGTH_MEASURE( 1.000000000000000082E-05 ), #1080, 'distance_accuracy_value', 'NONE');
#673 = DIRECTION ( 'NONE',  ( 0.000000000000000000, 0.000000000000000000, 1.000000000000000000 ) ) ;
#674 = AXIS2_PLACEMENT_3D ( 'NONE', #215, #664, #1230 ) ;
#675 = DIRECTION ( 'NONE',  ( 1.224646799147353207E-16, 0.000000000000000000, -1.000000000000000000 ) ) ;
#676 = SPHERICAL_SURFACE ( 'NONE', #1022, 0.1100000000000000144 ) ;
#677 = EDGE_LOOP ( 'NONE', ( #1242, #1599, #1600, #535 ) ) ;
#678 = AXIS2_PLACEMENT_3D ( 'NONE', #1755, #1630, #780 ) ;
#679 = CARTESIAN_POINT ( 'NONE',  ( 0.9587499999999998801, 0.2200000000000001399, 0.9487499999999998712 ) ) ;
#680 = EDGE_LOOP ( 'NONE', ( #337, #1127, #899, #34 ) ) ;
#681 = FILL_AREA_STYLE ('',( #1107 ) ) ;
#682 = ORIENTED_EDGE ( 'NONE', *, *, #466, .F. ) ;
#683 = ORIENTED_EDGE ( 'NONE', *, *, #452, .F. ) ;
#684 = CARTESIAN_POINT ( 'NONE',  ( -0.9587500000000001021, 0.2000000000000000944, -0.9487500000000000933 ) ) ;
#685 = DIRECTION ( 'NONE',  ( 0.000000000000000000, 0.000000000000000000, -1.000000000000000000 ) ) ;
#686 = AXIS2_PLACEMENT_3D ( 'NONE', #1337, #1089, #358 ) ;
#687 = STYLED_ITEM ( 'NONE', ( #1007 ), #913 ) ;
#688 = STYLED_ITEM ( 'NONE', ( #598 ), #280 ) ;
#689 = DIRECTION ( 'NONE',  ( 0.000000000000000000, 1.000000000000000000, 0.000000000000000000 ) ) ;
#690 = ORIENTED_EDGE ( 'NONE', *, *, #197, .T. ) ;
#691 = AXIS2_PLACEMENT_3D ( 'NONE', #1649, #673, #256 ) ;
#692 = DIRECTION ( 'NONE',  ( 0.000000000000000000, 0.000000000000000000, 1.000000000000000000 ) ) ;
#693 = ORIENTED_EDGE ( 'NONE', *, *, #638, .T. ) ;
#694 = EDGE_CURVE ( 'NONE', #1570, #1585, #1036, .T. ) ;
#695 = EDGE_LOOP ( 'NONE', ( #1078, #1034 ) ) ;
#696 = SPHERICAL_SURFACE ( 'NONE', #182, 0.1100000000000000144 ) ;
#697 = FACE_OUTER_BOUND ( 'NONE', #1597, .T. ) ;
#698 = FACE_OUTER_BOUND ( 'NONE', #1042, .T. ) ;
#699 = FACE_OUTER_BOUND ( 'NONE', #601, .T. ) ;
#700 = ADVANCED_FACE ( 'NONE', ( #1767 ), #1646, .T. ) ;
#701 = CARTESIAN_POINT ( 'NONE',  ( 0.6600000000000000311, 0.1100000000000000006, 0.6600000000000000311 ) ) ;
#702 = DIRECTION ( 'NONE',  ( -0.000000000000000000, 1.000000000000000000, -0.000000000000000000 ) ) ;
#703 = CARTESIAN_POINT ( 'NONE',  ( -0.9587500000000001021, 0.2200000000000001399, -0.9487500000000000933 ) ) ;
#704 = AXIS2_PLACEMENT_3D ( 'NONE', #1500, #1770, #799 ) ;
#705 = PRESENTATION_STYLE_ASSIGNMENT (( #289 ) ) ;
#706 = SURFACE_STYLE_USAGE ( .BOTH. , #823 ) ;
#707 = PRESENTATION_STYLE_ASSIGNMENT (( #409 ) ) ;
#708 = CARTESIAN_POINT ( 'NONE',  ( -0.9587500000000001021, 0.5220000000000000195, 0.9487499999999998712 ) ) ;
#709 = CARTESIAN_POINT ( 'NONE',  ( 0.6600000000000000311, 0.1100000000000000006, 0.6600000000000000311 ) ) ;
#710 = FILL_AREA_STYLE_COLOUR ( '', #1429 ) ;
#711 = CIRCLE ( 'NONE', #1185, 0.06324555320336752717 ) ;
#712 = ORIENTED_EDGE ( 'NONE', *, *, #467, .F. ) ;
#713 = CIRCLE ( 'NONE', #592, 0.1100000000000000144 ) ;
#714 = AXIS2_PLACEMENT_3D ( 'NONE', #1387, #692, #556 ) ;
#715 = AXIS2_PLACEMENT_3D ( 'NONE', #1251, #1627, #1809 ) ;
#716 = EDGE_CURVE ( 'NONE', #396, #1814, #181, .T. ) ;
#717 = CARTESIAN_POINT ( 'NONE',  ( 0.9587499999999998801, 0.2000000000000000944, 0.9487499999999998712 ) ) ;
#718 = ADVANCED_FACE ( 'NONE', ( #384 ), #221, .T. ) ;
#719 = DIRECTION ( 'NONE',  ( 0.000000000000000000, 1.000000000000000000, 0.000000000000000000 ) ) ;
#720 = ADVANCED_FACE ( 'NONE', ( #1237 ), #795, .F. ) ;
#721 = EDGE_LOOP ( 'NONE', ( #953, #274 ) ) ;
#722 = SURFACE_STYLE_FILL_AREA ( #605 ) ;
#723 = LINE ( 'NONE', #64, #1413 ) ;
#724 =( NAMED_UNIT ( * ) PLANE_ANGLE_UNIT ( ) SI_UNIT ( $, .RADIAN. ) );
#725 = CIRCLE ( 'NONE', #10, 0.1000000000000001582 ) ;
#726 = ORIENTED_EDGE ( 'NONE', *, *, #1260, .T. ) ;
#727 = DIRECTION ( 'NONE',  ( 0.000000000000000000, -0.000000000000000000, -1.000000000000000000 ) ) ;
#728 = VERTEX_POINT ( 'NONE', #231 ) ;
#729 = ORIENTED_EDGE ( 'NONE', *, *, #1555, .F. ) ;
#730 =( LENGTH_UNIT ( ) NAMED_UNIT ( * ) SI_UNIT ( .MILLI., .METRE. ) );
#731 = ADVANCED_FACE ( 'NONE', ( #1371 ), #1759, .F. ) ;
#732 = CARTESIAN_POINT ( 'NONE',  ( 0.2200000000000000289, 0.1100000000000000006, 0.2200000000000000289 ) ) ;
#733 = CARTESIAN_POINT ( 'NONE',  ( -0.7087500000000001021, 0.4719999999999999751, -0.6013575619295956631 ) ) ;
#734 = SURFACE_STYLE_USAGE ( .BOTH. , #300 ) ;
#735 = VERTEX_POINT ( 'NONE', #100 ) ;
#736 = ORIENTED_EDGE ( 'NONE', *, *, #178, .F. ) ;
#737 = ORIENTED_EDGE ( 'NONE', *, *, #1350, .F. ) ;
#738 = AXIS2_PLACEMENT_3D ( 'NONE', #505, #529, #930 ) ;
#739 = DIRECTION ( 'NONE',  ( -0.000000000000000000, 1.000000000000000000, -0.000000000000000000 ) ) ;
#740 = STYLED_ITEM ( 'NONE', ( #1481 ), #1520 ) ;
#741 = EDGE_CURVE ( 'NONE', #1239, #303, #1681, .T. ) ;
#742 =( NAMED_UNIT ( * ) PLANE_ANGLE_UNIT ( ) SI_UNIT ( $, .RADIAN. ) );
#743 = CARTESIAN_POINT ( 'NONE',  ( 0.000000000000000000, 0.5220000000000000195, 0.000000000000000000 ) ) ;
#744 = SURFACE_STYLE_USAGE ( .BOTH. , #632 ) ;
#745 = CARTESIAN_POINT ( 'NONE',  ( -0.2199999999999999734, 0.1100000000000000006, 0.6600000000000000311 ) ) ;
#746 = EDGE_LOOP ( 'NONE', ( #1590, #325, #1224 ) ) ;
#747 = VERTEX_POINT ( 'NONE', #959 ) ;
#748 = EDGE_LOOP ( 'NONE', ( #476, #693, #876, #1213 ) ) ;
#749 = PLANE ( 'NONE',  #1273 ) ;
#750 = ORIENTED_EDGE ( 'NONE', *, *, #178, .T. ) ;
#751 = DIRECTION ( 'NONE',  ( 0.000000000000000000, 0.000000000000000000, -1.000000000000000000 ) ) ;
#752 = ORIENTED_EDGE ( 'NONE', *, *, #134, .T. ) ;
#753 = EDGE_LOOP ( 'NONE', ( #589, #1576, #1108 ) ) ;
#754 = DIRECTION ( 'NONE',  ( 0.000000000000000000, 0.000000000000000000, -1.000000000000000000 ) ) ;
#755 = ORIENTED_EDGE ( 'NONE', *, *, #662, .T. ) ;
#756 =( LENGTH_UNIT ( ) NAMED_UNIT ( * ) SI_UNIT ( .MILLI., .METRE. ) );
#757 = STYLED_ITEM ( 'NONE', ( #1751 ), #920 ) ;
#758 = DIRECTION ( 'NONE',  ( 0.000000000000000000, 1.000000000000000000, 0.000000000000000000 ) ) ;
#759 = UNCERTAINTY_MEASURE_WITH_UNIT (LENGTH_MEASURE( 1.000000000000000082E-05 ), #1731, 'distance_accuracy_value', 'NONE');
#760 = CARTESIAN_POINT ( 'NONE',  ( -0.2199999999999999734, 0.1100000000000000006, -0.6600000000000000311 ) ) ;
#761 = CARTESIAN_POINT ( 'NONE',  ( -0.9587500000000001021, -2.697649439790129833, -0.9487500000000000933 ) ) ;
#762 = ORIENTED_EDGE ( 'NONE', *, *, #199, .F. ) ;
#763 = FACE_OUTER_BOUND ( 'NONE', #356, .T. ) ;
#764 = VERTEX_POINT ( 'NONE', #214 ) ;
#765 = EDGE_CURVE ( 'NONE', #1518, #1432, #1082, .T. ) ;
#766 = VECTOR ( 'NONE', #1209, 1000.000000000000000 ) ;
#767 = AXIS2_PLACEMENT_3D ( 'NONE', #880, #1143, #1460 ) ;
#768 =( GEOMETRIC_REPRESENTATION_CONTEXT ( 3 ) GLOBAL_UNCERTAINTY_ASSIGNED_CONTEXT ( ( #816 ) ) GLOBAL_UNIT_ASSIGNED_CONTEXT ( ( #1155, #1284, #864 ) ) REPRESENTATION_CONTEXT ( 'NONE', 'WORKASPACE' ) );
#769 = CARTESIAN_POINT ( 'NONE',  ( -0.9587500000000001021, 0.5220000000000000195, 0.9487499999999998712 ) ) ;
#770 = FILL_AREA_STYLE ('',( #1172 ) ) ;
#771 = DIRECTION ( 'NONE',  ( 1.000000000000000000, 0.000000000000000000, 0.000000000000000000 ) ) ;
#772 = ADVANCED_FACE ( 'NONE', ( #671 ), #1073, .F. ) ;
#773 = CARTESIAN_POINT ( 'NONE',  ( 0.2200000000000000289, 0.2000000000000000944, 0.2200000000000000289 ) ) ;
#774 = ADVANCED_FACE ( 'NONE', ( #1513 ), #785, .F. ) ;
#775 = EDGE_CURVE ( 'NONE', #1577, #569, #1272, .T. ) ;
#776 = DIRECTION ( 'NONE',  ( -1.000000000000000000, 0.000000000000000000, 0.000000000000000000 ) ) ;
#777 = CARTESIAN_POINT ( 'NONE',  ( 0.6600000000000000311, 0.2000000000000000944, 0.6600000000000000311 ) ) ;
#778 = DIRECTION ( 'NONE',  ( 1.000000000000000000, 0.000000000000000000, 0.000000000000000000 ) ) ;
#779 = FACE_OUTER_BOUND ( 'NONE', #1531, .T. ) ;
#780 = DIRECTION ( 'NONE',  ( 0.000000000000000000, 0.000000000000000000, 1.000000000000000000 ) ) ;
#781 = EDGE_LOOP ( 'NONE', ( #1754, #1059, #1715 ) ) ;
#782 = DIRECTION ( 'NONE',  ( 0.000000000000000000, 0.000000000000000000, -1.000000000000000000 ) ) ;
#783 = AXIS2_PLACEMENT_3D ( 'NONE', #1489, #1066, #389 ) ;
#784 = AXIS2_PLACEMENT_3D ( 'NONE', #1692, #1002, #261 ) ;
#785 = PLANE ( 'NONE',  #888 ) ;
#786 = ADVANCED_FACE ( 'NONE', ( #1779 ), #375, .F. ) ;
#787 = EDGE_CURVE ( 'NONE', #1678, #1177, #1561, .T. ) ;
#788 = AXIS2_PLACEMENT_3D ( 'NONE', #520, #637, #97 ) ;
#789 = FACE_OUTER_BOUND ( 'NONE', #1569, .T. ) ;
#790 = DIRECTION ( 'NONE',  ( 1.000000000000000000, 0.000000000000000000, 0.000000000000000000 ) ) ;
#791 = DIRECTION ( 'NONE',  ( 1.000000000000000000, -0.000000000000000000, 0.000000000000000000 ) ) ;
#792 = PLANE ( 'NONE',  #260 ) ;
#793 = AXIS2_PLACEMENT_3D ( 'NONE', #743, #1452, #1053 ) ;
#794 = CIRCLE ( 'NONE', #1416, 0.1000000000000001582 ) ;
#795 = PLANE ( 'NONE',  #686 ) ;
#796 = CARTESIAN_POINT ( 'NONE',  ( -0.7087500000000001021, 0.4719999999999999751, -0.7013575619295958630 ) ) ;
#797 =( GEOMETRIC_REPRESENTATION_CONTEXT ( 3 ) GLOBAL_UNCERTAINTY_ASSIGNED_CONTEXT ( ( #1336 ) ) GLOBAL_UNIT_ASSIGNED_CONTEXT ( ( #15, #443, #1430 ) ) REPRESENTATION_CONTEXT ( 'NONE', 'WORKASPACE' ) );
#798 = LINE ( 'NONE', #1488, #1393 ) ;
#799 = DIRECTION ( 'NONE',  ( 1.000000000000000000, 0.000000000000000000, 0.000000000000000000 ) ) ;
#800 = ORIENTED_EDGE ( 'NONE', *, *, #22, .T. ) ;
#801 = CARTESIAN_POINT ( 'NONE',  ( 0.2200000000000000289, 0.2000000000000000666, -0.2199999999999999734 ) ) ;
#802 = DIRECTION ( 'NONE',  ( -0.000000000000000000, 1.000000000000000000, -0.000000000000000000 ) ) ;
#803 = ORIENTED_EDGE ( 'NONE', *, *, #1566, .T. ) ;
#804 = EDGE_CURVE ( 'NONE', #1570, #416, #1504, .T. ) ;
#805 = ORIENTED_EDGE ( 'NONE', *, *, #836, .T. ) ;
#806 = CARTESIAN_POINT ( 'NONE',  ( 0.2200000000000000289, 0.2000000000000000944, -0.6600000000000000311 ) ) ;
#807 = DIRECTION ( 'NONE',  ( 0.000000000000000000, 0.000000000000000000, 1.000000000000000000 ) ) ;
#808 = PLANE ( 'NONE',  #1009 ) ;
#809 = DIRECTION ( 'NONE',  ( 0.000000000000000000, 0.000000000000000000, -1.000000000000000000 ) ) ;
#810 = SURFACE_STYLE_USAGE ( .BOTH. , #1105 ) ;
#811 = ORIENTED_EDGE ( 'NONE', *, *, #662, .F. ) ;
#812 = CLOSED_SHELL ( 'NONE', ( #1160, #25, #1775, #1052 ) ) ;
#813 = SPHERICAL_SURFACE ( 'NONE', #351, 0.1100000000000000144 ) ;
#814 = CIRCLE ( 'NONE', #670, 0.1000000000000001582 ) ;
#815 = FACE_OUTER_BOUND ( 'NONE', #1455, .T. ) ;
#816 = UNCERTAINTY_MEASURE_WITH_UNIT (LENGTH_MEASURE( 1.000000000000000082E-05 ), #1155, 'distance_accuracy_value', 'NONE');
#817 = PLANE ( 'NONE',  #831 ) ;
#818 =( GEOMETRIC_REPRESENTATION_CONTEXT ( 3 ) GLOBAL_UNCERTAINTY_ASSIGNED_CONTEXT ( ( #1193 ) ) GLOBAL_UNIT_ASSIGNED_CONTEXT ( ( #940, #1355, #656 ) ) REPRESENTATION_CONTEXT ( 'NONE', 'WORKASPACE' ) );
#819 = DIRECTION ( 'NONE',  ( -1.000000000000000000, 0.000000000000000000, 0.000000000000000000 ) ) ;
#820 = DIRECTION ( 'NONE',  ( 1.000000000000000000, 0.000000000000000000, 0.000000000000000000 ) ) ;
#821 = CARTESIAN_POINT ( 'NONE',  ( 0.000000000000000000, 0.2000000000000000111, 0.000000000000000000 ) ) ;
#822 = VERTEX_POINT ( 'NONE', #769 ) ;
#823 = SURFACE_SIDE_STYLE ('',( #1550 ) ) ;
#824 = EDGE_CURVE ( 'NONE', #1339, #728, #711, .T. ) ;
#825 = EDGE_LOOP ( 'NONE', ( #1765, #493, #901 ) ) ;
#826 = ORIENTED_EDGE ( 'NONE', *, *, #197, .F. ) ;
#827 = ADVANCED_FACE ( 'NONE', ( #815 ), #839, .T. ) ;
#828 = CARTESIAN_POINT ( 'NONE',  ( -0.7087500000000001021, 0.5220000000000000195, -0.8013575619295959518 ) ) ;
#829 = CARTESIAN_POINT ( 'NONE',  ( 0.1567544467966325017, 0.2000000000000000666, -0.2199999999999999734 ) ) ;
#830 = AXIS2_PLACEMENT_3D ( 'NONE', #1171, #1020, #1583 ) ;
#831 = AXIS2_PLACEMENT_3D ( 'NONE', #1383, #1409, #1458 ) ;
#832 = CARTESIAN_POINT ( 'NONE',  ( -0.9587500000000001021, -2.697649439790129833, -0.9487500000000000933 ) ) ;
#833 = AXIS2_PLACEMENT_3D ( 'NONE', #990, #1170, #1043 ) ;
#834 = DIRECTION ( 'NONE',  ( 1.000000000000000000, 0.000000000000000000, 0.000000000000000000 ) ) ;
#835 = PRESENTATION_LAYER_ASSIGNMENT (  '', '', ( #740 ) ) ;
#836 = EDGE_CURVE ( 'NONE', #229, #1239, #1656, .T. ) ;
#837 = VERTEX_POINT ( 'NONE', #828 ) ;
#838 = ADVANCED_FACE ( 'NONE', ( #122 ), #432, .T. ) ;
#839 = PLANE ( 'NONE',  #619 ) ;
#840 = CARTESIAN_POINT ( 'NONE',  ( -0.2199999999999999734, 0.2000000000000000944, -0.2199999999999999734 ) ) ;
#841 = SPHERICAL_SURFACE ( 'NONE', #1584, 0.1100000000000000144 ) ;
#842 = SURFACE_SIDE_STYLE ('',( #164 ) ) ;
#843 = SURFACE_STYLE_USAGE ( .BOTH. , #431 ) ;
#844 = ORIENTED_EDGE ( 'NONE', *, *, #560, .T. ) ;
#845 = SURFACE_STYLE_FILL_AREA ( #281 ) ;
#846 = LINE ( 'NONE', #149, #1563 ) ;
#847 = EDGE_CURVE ( 'NONE', #1501, #202, #1097, .T. ) ;
#848 = CARTESIAN_POINT ( 'NONE',  ( 0.7232455532033674750, 0.2000000000000000666, -0.6600000000000000311 ) ) ;
#849 =( NAMED_UNIT ( * ) PLANE_ANGLE_UNIT ( ) SI_UNIT ( $, .RADIAN. ) );
#850 = SURFACE_STYLE_FILL_AREA ( #1276 ) ;
#851 = ADVANCED_FACE ( 'NONE', ( #1675 ), #1808, .T. ) ;
#852 = SURFACE_STYLE_FILL_AREA ( #1136 ) ;
#853 = SPHERICAL_SURFACE ( 'NONE', #1281, 0.1100000000000000144 ) ;
#854 = DIRECTION ( 'NONE',  ( 0.000000000000000000, 0.000000000000000000, 1.000000000000000000 ) ) ;
#855 = AXIS2_PLACEMENT_3D ( 'NONE', #1110, #1382, #1534 ) ;
#856 =( NAMED_UNIT ( * ) SI_UNIT ( $, .STERADIAN. ) SOLID_ANGLE_UNIT ( ) );
#857 = PRESENTATION_LAYER_ASSIGNMENT (  '', '', ( #650 ) ) ;
#858 = AXIS2_PLACEMENT_3D ( 'NONE', #1238, #652, #1535 ) ;
#859 = MANIFOLD_SOLID_BREP ( 'LPattern1[13]', #999 ) ;
#860 = VERTEX_POINT ( 'NONE', #684 ) ;
#861 =( LENGTH_UNIT ( ) NAMED_UNIT ( * ) SI_UNIT ( .MILLI., .METRE. ) );
#862 = FACE_OUTER_BOUND ( 'NONE', #680, .T. ) ;
#863 =( NAMED_UNIT ( * ) PLANE_ANGLE_UNIT ( ) SI_UNIT ( $, .RADIAN. ) );
#864 =( NAMED_UNIT ( * ) SI_UNIT ( $, .STERADIAN. ) SOLID_ANGLE_UNIT ( ) );
#865 = ORIENTED_EDGE ( 'NONE', *, *, #452, .T. ) ;
#866 = ORIENTED_EDGE ( 'NONE', *, *, #1631, .T. ) ;
#867 = ADVANCED_FACE ( 'NONE', ( #967 ), #1120, .F. ) ;
#868 = ORIENTED_EDGE ( 'NONE', *, *, #1245, .F. ) ;
#869 = AXIS2_PLACEMENT_3D ( 'NONE', #1714, #1586, #186 ) ;
#870 = CARTESIAN_POINT ( 'NONE',  ( -0.7087500000000001021, 0.5220000000000000195, -0.6013575619295956631 ) ) ;
#871 = ADVANCED_FACE ( 'NONE', ( #1523 ), #1542, .T. ) ;
#872 = FILL_AREA_STYLE ('',( #1016 ) ) ;
#873 = AXIS2_PLACEMENT_3D ( 'NONE', #1253, #283, #6 ) ;
#874 = ORIENTED_EDGE ( 'NONE', *, *, #507, .F. ) ;
#875 = EDGE_CURVE ( 'NONE', #1255, #304, #713, .T. ) ;
#876 = ORIENTED_EDGE ( 'NONE', *, *, #507, .T. ) ;
#877 = AXIS2_PLACEMENT_3D ( 'NONE', #145, #1411, #436 ) ;
#878 = SPHERICAL_SURFACE ( 'NONE', #1216, 0.1100000000000000144 ) ;
#879 = MANIFOLD_SOLID_BREP ( 'LPattern1[14]', #459 ) ;
#880 = CARTESIAN_POINT ( 'NONE',  ( -0.9587500000000001021, -2.697649439790129833, 0.9487499999999998712 ) ) ;
#881 = DIRECTION ( 'NONE',  ( 1.000000000000000000, 0.000000000000000000, 0.000000000000000000 ) ) ;
#882 = FILL_AREA_STYLE ('',( #614 ) ) ;
#883 = ORIENTED_EDGE ( 'NONE', *, *, #847, .T. ) ;
#884 = APPLICATION_PROTOCOL_DEFINITION ( 'draft international standard', 'automotive_design', 1998, #1341 ) ;
#885 = ORIENTED_EDGE ( 'NONE', *, *, #1613, .T. ) ;
#886 = VERTEX_POINT ( 'NONE', #171 ) ;
#887 = VERTEX_POINT ( 'NONE', #54 ) ;
#888 = AXIS2_PLACEMENT_3D ( 'NONE', #1487, #1219, #244 ) ;
#889 = EDGE_CURVE ( 'NONE', #1793, #235, #927, .T. ) ;
#890 = CIRCLE ( 'NONE', #1037, 0.1100000000000000144 ) ;
#891 = CIRCLE ( 'NONE', #858, 0.1100000000000000699 ) ;
#892 = CARTESIAN_POINT ( 'NONE',  ( -0.2832455532033675283, 0.2000000000000000666, -0.2199999999999999734 ) ) ;
#893 = STYLED_ITEM ( 'NONE', ( #1046 ), #1522 ) ;
#894 = FACE_OUTER_BOUND ( 'NONE', #925, .T. ) ;
#895 = FACE_OUTER_BOUND ( 'NONE', #912, .T. ) ;
#896 =( NAMED_UNIT ( * ) SI_UNIT ( $, .STERADIAN. ) SOLID_ANGLE_UNIT ( ) );
#897 = FACE_OUTER_BOUND ( 'NONE', #1581, .T. ) ;
#898 = EDGE_LOOP ( 'NONE', ( #682, #982, #1342 ) ) ;
#899 = ORIENTED_EDGE ( 'NONE', *, *, #1689, .T. ) ;
#900 = MANIFOLD_SOLID_BREP ( 'LPattern1[7]', #1694 ) ;
#901 = ORIENTED_EDGE ( 'NONE', *, *, #349, .F. ) ;
#902 = VERTEX_POINT ( 'NONE', #904 ) ;
#903 = CARTESIAN_POINT ( 'NONE',  ( 0.9587499999999998801, 0.5220000000000000195, -0.9487500000000000933 ) ) ;
#904 = CARTESIAN_POINT ( 'NONE',  ( -0.7232455532033674750, 0.2000000000000000666, 0.6600000000000000311 ) ) ;
#905 = CLOSED_SHELL ( 'NONE', ( #1, #1757, #1179 ) ) ;
#906 = DIRECTION ( 'NONE',  ( -0.000000000000000000, 1.000000000000000000, -0.000000000000000000 ) ) ;
#907 = DIRECTION ( 'NONE',  ( 0.000000000000000000, 1.000000000000000000, 0.000000000000000000 ) ) ;
#908 = ADVANCED_FACE ( 'NONE', ( #894 ), #315, .T. ) ;
#909 = EDGE_CURVE ( 'NONE', #1432, #500, #196, .T. ) ;
#910 = LINE ( 'NONE', #1065, #576 ) ;
#911 = EDGE_LOOP ( 'NONE', ( #737, #481 ) ) ;
#912 = EDGE_LOOP ( 'NONE', ( #1786, #865, #1388, #1447 ) ) ;
#913 = MANIFOLD_SOLID_BREP ( 'LPattern1[12]', #668 ) ;
#914 = EDGE_LOOP ( 'NONE', ( #444, #1425 ) ) ;
#915 = CIRCLE ( 'NONE', #116, 0.06324555320336752717 ) ;
#916 = CIRCLE ( 'NONE', #1762, 0.06324555320336752717 ) ;
#917 = EDGE_CURVE ( 'NONE', #1734, #1528, #1407, .T. ) ;
#918 = UNCERTAINTY_MEASURE_WITH_UNIT (LENGTH_MEASURE( 1.000000000000000082E-05 ), #1227, 'distance_accuracy_value', 'NONE');
#919 = CARTESIAN_POINT ( 'NONE',  ( 0.6600000000000000311, 0.2000000000000000666, -0.6600000000000000311 ) ) ;
#920 = MANIFOLD_SOLID_BREP ( 'LPattern1[2]', #1314 ) ;
#921 =( NAMED_UNIT ( * ) PLANE_ANGLE_UNIT ( ) SI_UNIT ( $, .RADIAN. ) );
#922 = CARTESIAN_POINT ( 'NONE',  ( 0.1567544467966325017, 0.2000000000000000666, 0.6600000000000000311 ) ) ;
#923 = DIRECTION ( 'NONE',  ( -0.000000000000000000, 1.000000000000000000, -0.000000000000000000 ) ) ;
#924 = MANIFOLD_SOLID_BREP ( 'LPattern1[6]', #523 ) ;
#925 = EDGE_LOOP ( 'NONE', ( #1308, #755, #170, #1023 ) ) ;
#926 = AXIS2_PLACEMENT_3D ( 'NONE', #172, #906, #1462 ) ;
#927 = CIRCLE ( 'NONE', #833, 0.1100000000000000144 ) ;
#928 = COLOUR_RGB ( '',1.000000000000000000, 0.8117647058823529438, 0.5019607843137254832 ) ;
#929 = CIRCLE ( 'NONE', #96, 0.06324555320336752717 ) ;
#930 = DIRECTION ( 'NONE',  ( 0.000000000000000000, 0.000000000000000000, 1.000000000000000000 ) ) ;
#931 = SURFACE_STYLE_USAGE ( .BOTH. , #1470 ) ;
#932 = CARTESIAN_POINT ( 'NONE',  ( 0.2200000000000000289, 0.2000000000000000666, -0.2199999999999999734 ) ) ;
#933 = ADVANCED_FACE ( 'NONE', ( #213 ), #495, .T. ) ;
#934 = EDGE_LOOP ( 'NONE', ( #1603, #752 ) ) ;
#935 = COLOUR_RGB ( '',0.7921568627450980005, 0.8196078431372548767, 0.9333333333333333481 ) ;
#936 = CARTESIAN_POINT ( 'NONE',  ( -0.9587500000000001021, 0.2200000000000001399, 0.9487499999999998712 ) ) ;
#937 = SURFACE_STYLE_FILL_AREA ( #410 ) ;
#938 = DIRECTION ( 'NONE',  ( 0.000000000000000000, 0.000000000000000000, -1.000000000000000000 ) ) ;
#939 = CARTESIAN_POINT ( 'NONE',  ( -0.7087500000000001021, 0.5220000000000000195, -0.7013575619295958630 ) ) ;
#940 =( LENGTH_UNIT ( ) NAMED_UNIT ( * ) SI_UNIT ( .MILLI., .METRE. ) );
#941 = DIRECTION ( 'NONE',  ( 0.000000000000000000, 0.000000000000000000, 1.000000000000000000 ) ) ;
#942 = EDGE_CURVE ( 'NONE', #303, #1239, #1235, .T. ) ;
#943 = ORIENTED_EDGE ( 'NONE', *, *, #151, .F. ) ;
#944 = SURFACE_STYLE_FILL_AREA ( #1335 ) ;
#945 = CARTESIAN_POINT ( 'NONE',  ( 0.2200000000000000289, 0.2000000000000000666, -0.6600000000000000311 ) ) ;
#946 = CARTESIAN_POINT ( 'NONE',  ( -0.6600000000000000311, 0.1100000000000000006, -0.6600000000000000311 ) ) ;
#947 = VECTOR ( 'NONE', #791, 1000.000000000000000 ) ;
#948 = CARTESIAN_POINT ( 'NONE',  ( 0.6600000000000000311, 0.1100000000000000006, 0.6600000000000000311 ) ) ;
#949 = SPHERICAL_SURFACE ( 'NONE', #704, 0.1100000000000000144 ) ;
#950 = PLANE ( 'NONE',  #586 ) ;
#951 = EDGE_LOOP ( 'NONE', ( #52, #844 ) ) ;
#952 = DIRECTION ( 'NONE',  ( 0.000000000000000000, 0.000000000000000000, -1.000000000000000000 ) ) ;
#953 = ORIENTED_EDGE ( 'NONE', *, *, #942, .T. ) ;
#954 = EDGE_LOOP ( 'NONE', ( #1159, #604, #1116 ) ) ;
#955 = AXIS2_PLACEMENT_3D ( 'NONE', #654, #378, #1789 ) ;
#956 =( GEOMETRIC_REPRESENTATION_CONTEXT ( 3 ) GLOBAL_UNCERTAINTY_ASSIGNED_CONTEXT ( ( #960 ) ) GLOBAL_UNIT_ASSIGNED_CONTEXT ( ( #730, #742, #298 ) ) REPRESENTATION_CONTEXT ( 'NONE', 'WORKASPACE' ) );
#957 = MECHANICAL_DESIGN_GEOMETRIC_PRESENTATION_REPRESENTATION (  '', ( #688 ), #768 ) ;
#958 = VECTOR ( 'NONE', #992, 1000.000000000000000 ) ;
#959 = CARTESIAN_POINT ( 'NONE',  ( 0.2200000000000000289, -1.355252715606880543E-17, -0.2199999999999999734 ) ) ;
#960 = UNCERTAINTY_MEASURE_WITH_UNIT (LENGTH_MEASURE( 1.000000000000000082E-05 ), #730, 'distance_accuracy_value', 'NONE');
#961 = DIRECTION ( 'NONE',  ( 0.000000000000000000, 0.000000000000000000, 1.000000000000000000 ) ) ;
#962 = FACE_OUTER_BOUND ( 'NONE', #463, .T. ) ;
#963 = FACE_OUTER_BOUND ( 'NONE', #167, .T. ) ;
#964 = SPHERICAL_SURFACE ( 'NONE', #471, 0.1100000000000000144 ) ;
#965 = DIRECTION ( 'NONE',  ( -0.000000000000000000, 1.000000000000000000, -0.000000000000000000 ) ) ;
#966 = EDGE_LOOP ( 'NONE', ( #1477, #185, #1157 ) ) ;
#967 = FACE_OUTER_BOUND ( 'NONE', #1265, .T. ) ;
#968 = FILL_AREA_STYLE_COLOUR ( '', #1360 ) ;
#969 = CARTESIAN_POINT ( 'NONE',  ( -0.2199999999999999734, 0.1100000000000000006, 0.6600000000000000311 ) ) ;
#970 = ORIENTED_EDGE ( 'NONE', *, *, #1695, .F. ) ;
#971 = SPHERICAL_SURFACE ( 'NONE', #1443, 0.1100000000000000144 ) ;
#972 = AXIS2_PLACEMENT_3D ( 'NONE', #51, #610, #1176 ) ;
#973 = COLOUR_RGB ( '',0.7921568627450980005, 0.8196078431372548767, 0.9333333333333333481 ) ;
#974 = SURFACE_SIDE_STYLE ('',( #937 ) ) ;
#975 = ORIENTED_EDGE ( 'NONE', *, *, #824, .T. ) ;
#976 = CIRCLE ( 'NONE', #1146, 0.06324555320336752717 ) ;
#977 = ADVANCED_FACE ( 'NONE', ( #1478 ), #792, .T. ) ;
#978 = CARTESIAN_POINT ( 'NONE',  ( 0.6600000000000000311, 0.2000000000000000666, 0.6600000000000000311 ) ) ;
#979 = DIRECTION ( 'NONE',  ( 0.000000000000000000, -0.000000000000000000, -1.000000000000000000 ) ) ;
#980 =( LENGTH_UNIT ( ) NAMED_UNIT ( * ) SI_UNIT ( .MILLI., .METRE. ) );
#981 = ORIENTED_EDGE ( 'NONE', *, *, #74, .T. ) ;
#982 = ORIENTED_EDGE ( 'NONE', *, *, #1677, .T. ) ;
#983 = PLANE ( 'NONE',  #1156 ) ;
#984 = AXIS2_PLACEMENT_3D ( 'NONE', #1344, #1100, #1614 ) ;
#985 = AXIS2_PLACEMENT_3D ( 'NONE', #531, #1090, #1661 ) ;
#986 = VERTEX_POINT ( 'NONE', #1062 ) ;
#987 = SPHERICAL_SURFACE ( 'NONE', #1673, 0.1100000000000000144 ) ;
#988 = SURFACE_STYLE_USAGE ( .BOTH. , #597 ) ;
#989 = CARTESIAN_POINT ( 'NONE',  ( 0.6600000000000000311, -1.355252715606880543E-17, -0.2199999999999999734 ) ) ;
#990 = CARTESIAN_POINT ( 'NONE',  ( 0.2200000000000000289, 0.1100000000000000006, 0.2200000000000000289 ) ) ;
#991 =( GEOMETRIC_REPRESENTATION_CONTEXT ( 3 ) GLOBAL_UNCERTAINTY_ASSIGNED_CONTEXT ( ( #1229 ) ) GLOBAL_UNIT_ASSIGNED_CONTEXT ( ( #23, #1377, #1256 ) ) REPRESENTATION_CONTEXT ( 'NONE', 'WORKASPACE' ) );
#992 = DIRECTION ( 'NONE',  ( -0.000000000000000000, -0.000000000000000000, 1.000000000000000000 ) ) ;
#993 = CARTESIAN_POINT ( 'NONE',  ( -0.9587500000000001021, 0.5220000000000000195, -0.9487500000000000933 ) ) ;
#994 =( LENGTH_UNIT ( ) NAMED_UNIT ( * ) SI_UNIT ( .MILLI., .METRE. ) );
#995 = DIRECTION ( 'NONE',  ( 1.000000000000000000, 0.000000000000000000, 0.000000000000000000 ) ) ;
#996 = AXIS2_PLACEMENT_3D ( 'NONE', #1670, #1263, #995 ) ;
#997 = ORIENTED_EDGE ( 'NONE', *, *, #875, .F. ) ;
#998 = ADVANCED_FACE ( 'NONE', ( #81 ), #639, .T. ) ;
#999 = CLOSED_SHELL ( 'NONE', ( #933, #1101, #998 ) ) ;
#1000 = ADVANCED_FACE ( 'NONE', ( #648 ), #1486, .T. ) ;
#1001 = DIRECTION ( 'NONE',  ( 0.000000000000000000, 0.000000000000000000, 1.000000000000000000 ) ) ;
#1002 = DIRECTION ( 'NONE',  ( 0.000000000000000000, 1.000000000000000000, 0.000000000000000000 ) ) ;
#1003 =( GEOMETRIC_REPRESENTATION_CONTEXT ( 3 ) GLOBAL_UNCERTAINTY_ASSIGNED_CONTEXT ( ( #918 ) ) GLOBAL_UNIT_ASSIGNED_CONTEXT ( ( #1227, #1494, #75 ) ) REPRESENTATION_CONTEXT ( 'NONE', 'WORKASPACE' ) );
#1004 = CIRCLE ( 'NONE', #1431, 0.06324555320336752717 ) ;
#1005 = UNCERTAINTY_MEASURE_WITH_UNIT (LENGTH_MEASURE( 1.000000000000000082E-05 ), #756, 'distance_accuracy_value', 'NONE');
#1006 = PLANE ( 'NONE',  #1707 ) ;
#1007 = PRESENTATION_STYLE_ASSIGNMENT (( #1419 ) ) ;
#1008 = FACE_OUTER_BOUND ( 'NONE', #1280, .T. ) ;
#1009 = AXIS2_PLACEMENT_3D ( 'NONE', #1636, #1240, #223 ) ;
#1010 = MECHANICAL_DESIGN_GEOMETRIC_PRESENTATION_REPRESENTATION (  '', ( #1805 ), #956 ) ;
#1011 = AXIS2_PLACEMENT_3D ( 'NONE', #201, #1047, #1454 ) ;
#1012 = AXIS2_PLACEMENT_3D ( 'NONE', #1130, #1001, #1554 ) ;
#1013 = EDGE_LOOP ( 'NONE', ( #174, #1226, #98 ) ) ;
#1014 = SPHERICAL_SURFACE ( 'NONE', #345, 0.1100000000000000144 ) ;
#1015 = DIRECTION ( 'NONE',  ( 0.000000000000000000, 0.000000000000000000, -1.000000000000000000 ) ) ;
#1016 = FILL_AREA_STYLE_COLOUR ( '', #928 ) ;
#1017 = ORIENTED_EDGE ( 'NONE', *, *, #553, .F. ) ;
#1018 = ORIENTED_EDGE ( 'NONE', *, *, #341, .F. ) ;
#1019 = ORIENTED_EDGE ( 'NONE', *, *, #1184, .T. ) ;
#1020 = DIRECTION ( 'NONE',  ( 0.000000000000000000, 0.000000000000000000, 1.000000000000000000 ) ) ;
#1021 = ADVANCED_FACE ( 'NONE', ( #1192 ), #813, .T. ) ;
#1022 = AXIS2_PLACEMENT_3D ( 'NONE', #87, #809, #1365 ) ;
#1023 = ORIENTED_EDGE ( 'NONE', *, *, #1689, .F. ) ;
#1024 = VERTEX_POINT ( 'NONE', #397 ) ;
#1025 = DIRECTION ( 'NONE',  ( 0.000000000000000000, 0.000000000000000000, -1.000000000000000000 ) ) ;
#1026 = ORIENTED_EDGE ( 'NONE', *, *, #787, .F. ) ;
#1027 = AXIS2_PLACEMENT_3D ( 'NONE', #393, #79, #73 ) ;
#1028 = DIRECTION ( 'NONE',  ( 1.000000000000000000, 0.000000000000000000, 0.000000000000000000 ) ) ;
#1029 = ORIENTED_EDGE ( 'NONE', *, *, #490, .T. ) ;
#1030 =( NAMED_UNIT ( * ) PLANE_ANGLE_UNIT ( ) SI_UNIT ( $, .RADIAN. ) );
#1031 = CARTESIAN_POINT ( 'NONE',  ( 0.9587499999999998801, 0.2200000000000001399, 0.9487499999999998712 ) ) ;
#1032 = DIRECTION ( 'NONE',  ( 0.000000000000000000, 0.000000000000000000, -1.000000000000000000 ) ) ;
#1033 = VERTEX_POINT ( 'NONE', #1797 ) ;
#1034 = ORIENTED_EDGE ( 'NONE', *, *, #1075, .T. ) ;
#1035 = ORIENTED_EDGE ( 'NONE', *, *, #1666, .F. ) ;
#1036 = CIRCLE ( 'NONE', #544, 0.1100000000000000699 ) ;
#1037 = AXIS2_PLACEMENT_3D ( 'NONE', #633, #334, #771 ) ;
#1038 = COLOUR_RGB ( '',0.7921568627450980005, 0.8196078431372548767, 0.9333333333333333481 ) ;
#1039 = ORIENTED_EDGE ( 'NONE', *, *, #1044, .T. ) ;
#1040 = DIRECTION ( 'NONE',  ( 1.000000000000000000, 0.000000000000000000, 0.000000000000000000 ) ) ;
#1041 = PRESENTATION_LAYER_ASSIGNMENT (  '', '', ( #516 ) ) ;
#1042 = EDGE_LOOP ( 'NONE', ( #712, #249, #1310 ) ) ;
#1043 = DIRECTION ( 'NONE',  ( -1.000000000000000000, 0.000000000000000000, 0.000000000000000000 ) ) ;
#1044 = EDGE_CURVE ( 'NONE', #1664, #1257, #377, .T. ) ;
#1045 = UNCERTAINTY_MEASURE_WITH_UNIT (LENGTH_MEASURE( 1.000000000000000082E-05 ), #1064, 'distance_accuracy_value', 'NONE');
#1046 = PRESENTATION_STYLE_ASSIGNMENT (( #1720 ) ) ;
#1047 = DIRECTION ( 'NONE',  ( 0.000000000000000000, -1.000000000000000000, 0.000000000000000000 ) ) ;
#1048 = EDGE_CURVE ( 'NONE', #837, #1268, #725, .T. ) ;
#1049 = ORIENTED_EDGE ( 'NONE', *, *, #341, .T. ) ;
#1050 = ORIENTED_EDGE ( 'NONE', *, *, #804, .T. ) ;
#1051 = ADVANCED_FACE ( 'NONE', ( #1790 ), #1801, .T. ) ;
#1052 = ADVANCED_FACE ( 'NONE', ( #1222 ), #92, .T. ) ;
#1053 = DIRECTION ( 'NONE',  ( 0.000000000000000000, -0.000000000000000000, -1.000000000000000000 ) ) ;
#1054 = PRESENTATION_STYLE_ASSIGNMENT (( #744 ) ) ;
#1055 = DIRECTION ( 'NONE',  ( 0.000000000000000000, -0.000000000000000000, -1.000000000000000000 ) ) ;
#1056 = ORIENTED_EDGE ( 'NONE', *, *, #1572, .T. ) ;
#1057 = LINE ( 'NONE', #1784, #506 ) ;
#1058 = AXIS2_PLACEMENT_3D ( 'NONE', #259, #1104, #1085 ) ;
#1059 = ORIENTED_EDGE ( 'NONE', *, *, #279, .T. ) ;
#1060 = CIRCLE ( 'NONE', #313, 0.06324555320336752717 ) ;
#1061 = CIRCLE ( 'NONE', #472, 0.06324555320336752717 ) ;
#1062 = CARTESIAN_POINT ( 'NONE',  ( -0.7087500000000001021, 0.4719999999999999751, -0.8013575619295959518 ) ) ;
#1063 = CARTESIAN_POINT ( 'NONE',  ( 0.6600000000000000311, 0.2000000000000000666, -0.2199999999999999734 ) ) ;
#1064 =( LENGTH_UNIT ( ) NAMED_UNIT ( * ) SI_UNIT ( .MILLI., .METRE. ) );
#1065 = CARTESIAN_POINT ( 'NONE',  ( 0.9587499999999998801, 0.5220000000000000195, 0.9487499999999998712 ) ) ;
#1066 = DIRECTION ( 'NONE',  ( 0.000000000000000000, -1.000000000000000000, 0.000000000000000000 ) ) ;
#1067 = FACE_OUTER_BOUND ( 'NONE', #1366, .T. ) ;
#1068 = EDGE_CURVE ( 'NONE', #1423, #728, #532, .T. ) ;
#1069 = AXIS2_PLACEMENT_3D ( 'NONE', #1440, #624, #30 ) ;
#1070 = AXIS2_PLACEMENT_3D ( 'NONE', #1163, #1424, #456 ) ;
#1071 = PRESENTATION_LAYER_ASSIGNMENT (  '', '', ( #1246 ) ) ;
#1072 = DIRECTION ( 'NONE',  ( 0.000000000000000000, 0.000000000000000000, -1.000000000000000000 ) ) ;
#1073 = PLANE ( 'NONE',  #1540 ) ;
#1074 = CARTESIAN_POINT ( 'NONE',  ( 0.6600000000000000311, -1.355252715606880543E-17, 0.2200000000000000289 ) ) ;
#1075 = EDGE_CURVE ( 'NONE', #1466, #557, #814, .T. ) ;
#1076 = DIRECTION ( 'NONE',  ( 0.000000000000000000, 0.000000000000000000, 1.000000000000000000 ) ) ;
#1077 = CARTESIAN_POINT ( 'NONE',  ( -0.2199999999999999734, 0.1100000000000000006, -0.6600000000000000311 ) ) ;
#1078 = ORIENTED_EDGE ( 'NONE', *, *, #71, .T. ) ;
#1079 = CARTESIAN_POINT ( 'NONE',  ( -0.7087500000000001021, 0.5220000000000000195, -0.7013575619295958630 ) ) ;
#1080 =( LENGTH_UNIT ( ) NAMED_UNIT ( * ) SI_UNIT ( .MILLI., .METRE. ) );
#1081 = AXIS2_PLACEMENT_3D ( 'NONE', #1134, #566, #1558 ) ;
#1082 = LINE ( 'NONE', #936, #766 ) ;
#1083 = CARTESIAN_POINT ( 'NONE',  ( -0.9587500000000001021, -2.697649439790129833, 0.9487499999999998712 ) ) ;
#1084 = DIRECTION ( 'NONE',  ( -1.000000000000000000, 0.000000000000000000, 0.000000000000000000 ) ) ;
#1085 = DIRECTION ( 'NONE',  ( 0.000000000000000000, 0.000000000000000000, 1.000000000000000000 ) ) ;
#1086 = FACE_OUTER_BOUND ( 'NONE', #310, .T. ) ;
#1087 = CARTESIAN_POINT ( 'NONE',  ( -0.7087500000000001021, 0.4719999999999999751, -0.7013575619295958630 ) ) ;
#1088 = AXIS2_PLACEMENT_3D ( 'NONE', #243, #1766, #1758 ) ;
#1089 = DIRECTION ( 'NONE',  ( 0.000000000000000000, -1.000000000000000000, 0.000000000000000000 ) ) ;
#1090 = DIRECTION ( 'NONE',  ( -0.000000000000000000, 1.000000000000000000, -0.000000000000000000 ) ) ;
#1091 = DIRECTION ( 'NONE',  ( -1.000000000000000000, 0.000000000000000000, 0.000000000000000000 ) ) ;
#1092 = DIRECTION ( 'NONE',  ( 0.000000000000000000, 1.000000000000000000, 0.000000000000000000 ) ) ;
#1093 = DIRECTION ( 'NONE',  ( -0.000000000000000000, 1.000000000000000000, -0.000000000000000000 ) ) ;
#1094 = DIRECTION ( 'NONE',  ( -0.000000000000000000, 1.000000000000000000, -0.000000000000000000 ) ) ;
#1095 = EDGE_LOOP ( 'NONE', ( #683, #1017, #943, #195 ) ) ;
#1096 = DIRECTION ( 'NONE',  ( 0.000000000000000000, 0.000000000000000000, 1.000000000000000000 ) ) ;
#1097 = CIRCLE ( 'NONE', #293, 0.1100000000000000699 ) ;
#1098 = AXIS2_PLACEMENT_3D ( 'NONE', #745, #1327, #354 ) ;
#1099 = CIRCLE ( 'NONE', #1296, 0.1100000000000000144 ) ;
#1100 = DIRECTION ( 'NONE',  ( 0.000000000000000000, 0.000000000000000000, 1.000000000000000000 ) ) ;
#1101 = ADVANCED_FACE ( 'NONE', ( #1375 ), #224, .F. ) ;
#1102 = SPHERICAL_SURFACE ( 'NONE', #209, 0.1100000000000000144 ) ;
#1103 = DIRECTION ( 'NONE',  ( 1.224646799147353207E-16, 0.000000000000000000, -1.000000000000000000 ) ) ;
#1104 = DIRECTION ( 'NONE',  ( 0.000000000000000000, 1.000000000000000000, 0.000000000000000000 ) ) ;
#1105 = SURFACE_SIDE_STYLE ('',( #1125 ) ) ;
#1106 = ORIENTED_EDGE ( 'NONE', *, *, #254, .T. ) ;
#1107 = FILL_AREA_STYLE_COLOUR ( '', #935 ) ;
#1108 = ORIENTED_EDGE ( 'NONE', *, *, #1243, .F. ) ;
#1109 = VERTEX_POINT ( 'NONE', #1204 ) ;
#1110 = CARTESIAN_POINT ( 'NONE',  ( 0.6600000000000000311, 0.1100000000000000006, -0.2199999999999999734 ) ) ;
#1111 = CARTESIAN_POINT ( 'NONE',  ( 0.7232455532033674750, 0.2000000000000000666, 0.2200000000000000289 ) ) ;
#1112 = EDGE_CURVE ( 'NONE', #1473, #986, #146, .T. ) ;
#1113 = DIRECTION ( 'NONE',  ( 0.000000000000000000, 0.000000000000000000, 1.000000000000000000 ) ) ;
#1114 = FACE_OUTER_BOUND ( 'NONE', #1503, .T. ) ;
#1115 = DIRECTION ( 'NONE',  ( 1.224646799147353207E-16, 0.000000000000000000, -1.000000000000000000 ) ) ;
#1116 = ORIENTED_EDGE ( 'NONE', *, *, #775, .F. ) ;
#1117 = AXIS2_PLACEMENT_3D ( 'NONE', #1087, #510, #666 ) ;
#1118 = ORIENTED_EDGE ( 'NONE', *, *, #466, .T. ) ;
#1119 = CIRCLE ( 'NONE', #674, 0.06324555320336752717 ) ;
#1120 = CYLINDRICAL_SURFACE ( 'NONE', #1392, 0.1000000000000001582 ) ;
#1121 = DIRECTION ( 'NONE',  ( 1.224646799147353207E-16, 0.000000000000000000, -1.000000000000000000 ) ) ;
#1122 = VECTOR ( 'NONE', #536, 1000.000000000000000 ) ;
#1123 = ORIENTED_EDGE ( 'NONE', *, *, #302, .F. ) ;
#1124 = DIRECTION ( 'NONE',  ( -0.000000000000000000, 1.000000000000000000, -0.000000000000000000 ) ) ;
#1125 = SURFACE_STYLE_FILL_AREA ( #250 ) ;
#1126 = FILL_AREA_STYLE_COLOUR ( '', #1451 ) ;
#1127 = ORIENTED_EDGE ( 'NONE', *, *, #1324, .T. ) ;
#1128 = EDGE_CURVE ( 'NONE', #482, #235, #1552, .T. ) ;
#1129 = DIRECTION ( 'NONE',  ( 0.000000000000000000, 0.000000000000000000, 1.000000000000000000 ) ) ;
#1130 = CARTESIAN_POINT ( 'NONE',  ( 0.2200000000000000289, 0.1100000000000000006, -0.6600000000000000311 ) ) ;
#1131 = CIRCLE ( 'NONE', #1594, 0.06324555320336752717 ) ;
#1132 = AXIS2_PLACEMENT_3D ( 'NONE', #193, #626, #1319 ) ;
#1133 = DIRECTION ( 'NONE',  ( 1.000000000000000000, 0.000000000000000000, 0.000000000000000000 ) ) ;
#1134 = CARTESIAN_POINT ( 'NONE',  ( -0.6600000000000000311, 0.1100000000000000006, 0.2200000000000000289 ) ) ;
#1135 = ADVANCED_FACE ( 'NONE', ( #779 ), #676, .T. ) ;
#1136 = FILL_AREA_STYLE ('',( #1660 ) ) ;
#1137 = DIRECTION ( 'NONE',  ( -0.000000000000000000, 1.000000000000000000, -0.000000000000000000 ) ) ;
#1138 = DIRECTION ( 'NONE',  ( -0.000000000000000000, 1.000000000000000000, -0.000000000000000000 ) ) ;
#1139 =( NAMED_UNIT ( * ) SI_UNIT ( $, .STERADIAN. ) SOLID_ANGLE_UNIT ( ) );
#1140 = CARTESIAN_POINT ( 'NONE',  ( 0.2200000000000000289, 0.1100000000000000006, 0.6600000000000000311 ) ) ;
#1141 = PRODUCT_DEFINITION_SHAPE ( 'NONE', 'NONE',  #1777 ) ;
#1142 = AXIS2_PLACEMENT_3D ( 'NONE', #479, #40, #727 ) ;
#1143 = DIRECTION ( 'NONE',  ( -1.000000000000000000, 0.000000000000000000, 0.000000000000000000 ) ) ;
#1144 = AXIS2_PLACEMENT_3D ( 'NONE', #541, #1096, #253 ) ;
#1145 = DIRECTION ( 'NONE',  ( -1.000000000000000000, 0.000000000000000000, 0.000000000000000000 ) ) ;
#1146 = AXIS2_PLACEMENT_3D ( 'NONE', #801, #1093, #547 ) ;
#1147 = SURFACE_SIDE_STYLE ('',( #307 ) ) ;
#1148 = CIRCLE ( 'NONE', #1285, 0.1100000000000000699 ) ;
#1149 = CARTESIAN_POINT ( 'NONE',  ( 0.2200000000000000289, 0.1100000000000000006, -0.6600000000000000311 ) ) ;
#1150 = VERTEX_POINT ( 'NONE', #379 ) ;
#1151 =( NAMED_UNIT ( * ) SI_UNIT ( $, .STERADIAN. ) SOLID_ANGLE_UNIT ( ) );
#1152 = EDGE_CURVE ( 'NONE', #822, #500, #1241, .T. ) ;
#1153 = CARTESIAN_POINT ( 'NONE',  ( 0.5967544467966324762, 0.2000000000000000666, 0.6600000000000000311 ) ) ;
#1154 = AXIS2_PLACEMENT_3D ( 'NONE', #760, #1282, #1602 ) ;
#1155 =( LENGTH_UNIT ( ) NAMED_UNIT ( * ) SI_UNIT ( .MILLI., .METRE. ) );
#1156 = AXIS2_PLACEMENT_3D ( 'NONE', #840, #1691, #571 ) ;
#1157 = ORIENTED_EDGE ( 'NONE', *, *, #1496, .F. ) ;
#1158 = ORIENTED_EDGE ( 'NONE', *, *, #218, .T. ) ;
#1159 = ORIENTED_EDGE ( 'NONE', *, *, #572, .F. ) ;
#1160 = ADVANCED_FACE ( 'NONE', ( #1782 ), #1663, .T. ) ;
#1161 = DIRECTION ( 'NONE',  ( 0.000000000000000000, 0.000000000000000000, 1.000000000000000000 ) ) ;
#1162 = ORIENTED_EDGE ( 'NONE', *, *, #1315, .T. ) ;
#1163 = CARTESIAN_POINT ( 'NONE',  ( 0.000000000000000000, 0.000000000000000000, 0.000000000000000000 ) ) ;
#1164 = CLOSED_SHELL ( 'NONE', ( #718, #774, #130 ) ) ;
#1165 = EDGE_LOOP ( 'NONE', ( #1722, #407 ) ) ;
#1166 = DIRECTION ( 'NONE',  ( 1.000000000000000000, 0.000000000000000000, 0.000000000000000000 ) ) ;
#1167 = VERTEX_POINT ( 'NONE', #509 ) ;
#1168 = CIRCLE ( 'NONE', #1081, 0.1100000000000000699 ) ;
#1169 = CARTESIAN_POINT ( 'NONE',  ( -0.6600000000000000311, -1.355252715606880543E-17, -0.6600000000000000311 ) ) ;
#1170 = DIRECTION ( 'NONE',  ( 1.224646799147353207E-16, 0.000000000000000000, -1.000000000000000000 ) ) ;
#1171 = CARTESIAN_POINT ( 'NONE',  ( 0.2200000000000000289, 0.1100000000000000006, 0.6600000000000000311 ) ) ;
#1172 = FILL_AREA_STYLE_COLOUR ( '', #157 ) ;
#1173 = DIRECTION ( 'NONE',  ( -0.000000000000000000, 1.000000000000000000, -0.000000000000000000 ) ) ;
#1174 = MECHANICAL_DESIGN_GEOMETRIC_PRESENTATION_REPRESENTATION (  '', ( #1206 ), #1003 ) ;
#1175 = ORIENTED_EDGE ( 'NONE', *, *, #1044, .F. ) ;
#1176 = DIRECTION ( 'NONE',  ( 0.000000000000000000, 0.000000000000000000, 1.000000000000000000 ) ) ;
#1177 = VERTEX_POINT ( 'NONE', #1617 ) ;
#1178 = EDGE_CURVE ( 'NONE', #1664, #764, #1795, .T. ) ;
#1179 = ADVANCED_FACE ( 'NONE', ( #525 ), #949, .T. ) ;
#1180 = AXIS2_PLACEMENT_3D ( 'NONE', #1079, #251, #355 ) ;
#1181 = CARTESIAN_POINT ( 'NONE',  ( 0.9587499999999998801, -2.697649439790129833, -0.9487500000000000933 ) ) ;
#1182 = CARTESIAN_POINT ( 'NONE',  ( -0.7087500000000001021, 0.4719999999999999751, -0.6013575619295956631 ) ) ;
#1183 = CARTESIAN_POINT ( 'NONE',  ( 0.7232455532033674750, 0.2000000000000000666, -0.2199999999999999734 ) ) ;
#1184 = EDGE_CURVE ( 'NONE', #519, #202, #1119, .T. ) ;
#1185 = AXIS2_PLACEMENT_3D ( 'NONE', #919, #207, #1402 ) ;
#1186 = ORIENTED_EDGE ( 'NONE', *, *, #394, .F. ) ;
#1187 = ADVANCED_FACE ( 'NONE', ( #963 ), #1516, .T. ) ;
#1188 = ORIENTED_EDGE ( 'NONE', *, *, #1373, .F. ) ;
#1189 = ORIENTED_EDGE ( 'NONE', *, *, #45, .F. ) ;
#1190 = AXIS2_PLACEMENT_3D ( 'NONE', #277, #12, #570 ) ;
#1191 = CIRCLE ( 'NONE', #361, 0.1100000000000000699 ) ;
#1192 = FACE_OUTER_BOUND ( 'NONE', #898, .T. ) ;
#1193 = UNCERTAINTY_MEASURE_WITH_UNIT (LENGTH_MEASURE( 1.000000000000000082E-05 ), #940, 'distance_accuracy_value', 'NONE');
#1194 = SPHERICAL_SURFACE ( 'NONE', #36, 0.1100000000000000144 ) ;
#1195 = EDGE_LOOP ( 'NONE', ( #1252, #1019 ) ) ;
#1196 = PLANE ( 'NONE',  #1493 ) ;
#1197 = ORIENTED_EDGE ( 'NONE', *, *, #349, .T. ) ;
#1198 =( NAMED_UNIT ( * ) PLANE_ANGLE_UNIT ( ) SI_UNIT ( $, .RADIAN. ) );
#1199 = CIRCLE ( 'NONE', #972, 0.1000000000000001582 ) ;
#1200 = CARTESIAN_POINT ( 'NONE',  ( -0.2199999999999999734, 0.2000000000000000666, -0.2199999999999999734 ) ) ;
#1201 = ADVANCED_FACE ( 'NONE', ( #248 ), #1564, .T. ) ;
#1202 = FILL_AREA_STYLE ('',( #191 ) ) ;
#1203 = DIRECTION ( 'NONE',  ( 0.000000000000000000, 0.000000000000000000, 1.000000000000000000 ) ) ;
#1204 = CARTESIAN_POINT ( 'NONE',  ( -0.9587500000000001021, 0.2200000000000001399, 0.9487499999999998712 ) ) ;
#1205 = DIRECTION ( 'NONE',  ( -0.000000000000000000, 1.000000000000000000, -0.000000000000000000 ) ) ;
#1206 = STYLED_ITEM ( 'NONE', ( #630 ), #924 ) ;
#1207 = EDGE_LOOP ( 'NONE', ( #382, #125, #1026 ) ) ;
#1208 = CARTESIAN_POINT ( 'NONE',  ( 0.6600000000000000311, 0.1100000000000000006, -0.2199999999999999734 ) ) ;
#1209 = DIRECTION ( 'NONE',  ( 1.000000000000000000, 0.000000000000000000, -0.000000000000000000 ) ) ;
#1210 = DIRECTION ( 'NONE',  ( -0.000000000000000000, 1.000000000000000000, -0.000000000000000000 ) ) ;
#1211 = CARTESIAN_POINT ( 'NONE',  ( 0.9587499999999998801, -2.697649439790129833, -0.9487500000000000933 ) ) ;
#1212 = DIRECTION ( 'NONE',  ( 0.000000000000000000, 0.000000000000000000, 1.000000000000000000 ) ) ;
#1213 = ORIENTED_EDGE ( 'NONE', *, *, #385, .F. ) ;
#1214 = DIRECTION ( 'NONE',  ( 1.000000000000000000, 0.000000000000000000, 0.000000000000000000 ) ) ;
#1215 = AXIS2_PLACEMENT_3D ( 'NONE', #1063, #1480, #1352 ) ;
#1216 = AXIS2_PLACEMENT_3D ( 'NONE', #42, #1548, #1040 ) ;
#1217 = FILL_AREA_STYLE_COLOUR ( '', #973 ) ;
#1218 = ADVANCED_FACE ( 'NONE', ( #126 ), #853, .T. ) ;
#1219 = DIRECTION ( 'NONE',  ( 0.000000000000000000, -1.000000000000000000, 0.000000000000000000 ) ) ;
#1220 = DIRECTION ( 'NONE',  ( 0.000000000000000000, 0.000000000000000000, 1.000000000000000000 ) ) ;
#1221 = LINE ( 'NONE', #1364, #1332 ) ;
#1222 = FACE_OUTER_BOUND ( 'NONE', #695, .T. ) ;
#1223 = DIRECTION ( 'NONE',  ( 0.000000000000000000, 0.000000000000000000, -1.000000000000000000 ) ) ;
#1224 = ORIENTED_EDGE ( 'NONE', *, *, #475, .F. ) ;
#1225 = CARTESIAN_POINT ( 'NONE',  ( 0.6600000000000000311, 0.1100000000000000006, -0.2199999999999999734 ) ) ;
#1226 = ORIENTED_EDGE ( 'NONE', *, *, #199, .T. ) ;
#1227 =( LENGTH_UNIT ( ) NAMED_UNIT ( * ) SI_UNIT ( .MILLI., .METRE. ) );
#1228 = DIRECTION ( 'NONE',  ( 0.000000000000000000, -0.000000000000000000, -1.000000000000000000 ) ) ;
#1229 = UNCERTAINTY_MEASURE_WITH_UNIT (LENGTH_MEASURE( 1.000000000000000082E-05 ), #23, 'distance_accuracy_value', 'NONE');
#1230 = DIRECTION ( 'NONE',  ( 0.000000000000000000, 0.000000000000000000, 1.000000000000000000 ) ) ;
#1231 = CARTESIAN_POINT ( 'NONE',  ( -0.7087500000000001021, 0.5220000000000000195, -0.8013575619295959518 ) ) ;
#1232 = CARTESIAN_POINT ( 'NONE',  ( 0.2200000000000000289, 0.2000000000000000944, -0.2199999999999999734 ) ) ;
#1233 = EDGE_CURVE ( 'NONE', #1518, #822, #1396, .T. ) ;
#1234 = DIRECTION ( 'NONE',  ( 0.000000000000000000, 0.000000000000000000, -1.000000000000000000 ) ) ;
#1235 = CIRCLE ( 'NONE', #1088, 0.06324555320336752717 ) ;
#1236 = AXIS2_PLACEMENT_3D ( 'NONE', #773, #1368, #1519 ) ;
#1237 = FACE_OUTER_BOUND ( 'NONE', #1449, .T. ) ;
#1238 = CARTESIAN_POINT ( 'NONE',  ( -0.6600000000000000311, 0.1100000000000000006, -0.2199999999999999734 ) ) ;
#1239 = VERTEX_POINT ( 'NONE', #1277 ) ;
#1240 = DIRECTION ( 'NONE',  ( 0.000000000000000000, -1.000000000000000000, 0.000000000000000000 ) ) ;
#1241 = LINE ( 'NONE', #634, #437 ) ;
#1242 = ORIENTED_EDGE ( 'NONE', *, *, #1112, .T. ) ;
#1243 = EDGE_CURVE ( 'NONE', #202, #519, #915, .T. ) ;
#1244 = EDGE_CURVE ( 'NONE', #1728, #1467, #1417, .T. ) ;
#1245 = EDGE_CURVE ( 'NONE', #1803, #1177, #502, .T. ) ;
#1246 = STYLED_ITEM ( 'NONE', ( #707 ), #859 ) ;
#1247 = VECTOR ( 'NONE', #758, 1000.000000000000000 ) ;
#1248 = CIRCLE ( 'NONE', #1508, 0.06324555320336752717 ) ;
#1249 = PRESENTATION_LAYER_ASSIGNMENT (  '', '', ( #1595 ) ) ;
#1250 = CARTESIAN_POINT ( 'NONE',  ( -0.7087500000000001021, 0.4719999999999999751, -0.7013575619295958630 ) ) ;
#1251 = CARTESIAN_POINT ( 'NONE',  ( -0.6600000000000000311, 0.2000000000000000666, -0.6600000000000000311 ) ) ;
#1252 = ORIENTED_EDGE ( 'NONE', *, *, #1243, .T. ) ;
#1253 = CARTESIAN_POINT ( 'NONE',  ( -0.6600000000000000311, 0.1100000000000000006, -0.6600000000000000311 ) ) ;
#1254 = LINE ( 'NONE', #404, #1122 ) ;
#1255 = VERTEX_POINT ( 'NONE', #1404 ) ;
#1256 =( NAMED_UNIT ( * ) SI_UNIT ( $, .STERADIAN. ) SOLID_ANGLE_UNIT ( ) );
#1257 = VERTEX_POINT ( 'NONE', #1679 ) ;
#1258 = DIRECTION ( 'NONE',  ( 1.000000000000000000, 0.000000000000000000, 0.000000000000000000 ) ) ;
#1259 = CARTESIAN_POINT ( 'NONE',  ( -0.2199999999999999734, -1.355252715606880543E-17, -0.6600000000000000311 ) ) ;
#1260 = EDGE_CURVE ( 'NONE', #1412, #1264, #137, .T. ) ;
#1261 = SPHERICAL_SURFACE ( 'NONE', #640, 0.1100000000000000144 ) ;
#1262 = DIRECTION ( 'NONE',  ( 1.000000000000000000, 0.000000000000000000, 0.000000000000000000 ) ) ;
#1263 = DIRECTION ( 'NONE',  ( 0.000000000000000000, 0.000000000000000000, -1.000000000000000000 ) ) ;
#1264 = VERTEX_POINT ( 'NONE', #703 ) ;
#1265 = EDGE_LOOP ( 'NONE', ( #1287, #1189, #49, #41 ) ) ;
#1266 = PRESENTATION_LAYER_ASSIGNMENT (  '', '', ( #757 ) ) ;
#1267 = DIRECTION ( 'NONE',  ( 0.000000000000000000, 0.000000000000000000, -1.000000000000000000 ) ) ;
#1268 = VERTEX_POINT ( 'NONE', #1700 ) ;
#1269 = AXIS2_PLACEMENT_3D ( 'NONE', #163, #200, #461 ) ;
#1270 = PRESENTATION_STYLE_ASSIGNMENT (( #148 ) ) ;
#1271 = DIRECTION ( 'NONE',  ( 0.000000000000000000, 1.000000000000000000, 0.000000000000000000 ) ) ;
#1272 = CIRCLE ( 'NONE', #232, 0.06324555320336752717 ) ;
#1273 = AXIS2_PLACEMENT_3D ( 'NONE', #1685, #324, #282 ) ;
#1274 = DIRECTION ( 'NONE',  ( -0.000000000000000000, 1.000000000000000000, -0.000000000000000000 ) ) ;
#1275 = MECHANICAL_DESIGN_GEOMETRIC_PRESENTATION_REPRESENTATION (  '', ( #516 ), #275 ) ;
#1276 = FILL_AREA_STYLE ('',( #1126 ) ) ;
#1277 = CARTESIAN_POINT ( 'NONE',  ( 0.5967544467966324762, 0.2000000000000000666, -0.2199999999999999734 ) ) ;
#1278 = FILL_AREA_STYLE ('',( #710 ) ) ;
#1279 = CIRCLE ( 'NONE', #1426, 0.1000000000000001582 ) ;
#1280 = EDGE_LOOP ( 'NONE', ( #43, #866, #491 ) ) ;
#1281 = AXIS2_PLACEMENT_3D ( 'NONE', #709, #421, #1536 ) ;
#1282 = DIRECTION ( 'NONE',  ( 0.000000000000000000, 0.000000000000000000, -1.000000000000000000 ) ) ;
#1283 = STYLED_ITEM ( 'NONE', ( #160 ), #1479 ) ;
#1284 =( NAMED_UNIT ( * ) PLANE_ANGLE_UNIT ( ) SI_UNIT ( $, .RADIAN. ) );
#1285 = AXIS2_PLACEMENT_3D ( 'NONE', #1225, #1640, #1214 ) ;
#1286 = UNCERTAINTY_MEASURE_WITH_UNIT (LENGTH_MEASURE( 1.000000000000000082E-05 ), #625, 'distance_accuracy_value', 'NONE');
#1287 = ORIENTED_EDGE ( 'NONE', *, *, #398, .F. ) ;
#1288 = ORIENTED_EDGE ( 'NONE', *, *, #151, .T. ) ;
#1289 = ADVANCED_FACE ( 'NONE', ( #150 ), #1261, .T. ) ;
#1290 = ORIENTED_EDGE ( 'NONE', *, *, #454, .F. ) ;
#1291 = ADVANCED_FACE ( 'NONE', ( #1008 ), #987, .T. ) ;
#1292 = PRESENTATION_LAYER_ASSIGNMENT (  '', '', ( #140 ) ) ;
#1293 = CARTESIAN_POINT ( 'NONE',  ( -0.9587500000000001021, 0.2200000000000001399, 0.9487499999999998712 ) ) ;
#1294 = CIRCLE ( 'NONE', #926, 0.06324555320336752717 ) ;
#1295 = PRESENTATION_STYLE_ASSIGNMENT (( #734 ) ) ;
#1296 = AXIS2_PLACEMENT_3D ( 'NONE', #562, #1589, #53 ) ;
#1297 =( GEOMETRIC_REPRESENTATION_CONTEXT ( 3 ) GLOBAL_UNCERTAINTY_ASSIGNED_CONTEXT ( ( #1045 ) ) GLOBAL_UNIT_ASSIGNED_CONTEXT ( ( #1064, #344, #317 ) ) REPRESENTATION_CONTEXT ( 'NONE', 'WORKASPACE' ) );
#1298 = EDGE_LOOP ( 'NONE', ( #578, #338, #425 ) ) ;
#1299 = ORIENTED_EDGE ( 'NONE', *, *, #134, .F. ) ;
#1300 = EDGE_LOOP ( 'NONE', ( #314, #239, #408 ) ) ;
#1301 = FACE_OUTER_BOUND ( 'NONE', #1298, .T. ) ;
#1302 = CARTESIAN_POINT ( 'NONE',  ( 0.9587499999999998801, -2.697649439790129833, 0.9487499999999998712 ) ) ;
#1303 = DIRECTION ( 'NONE',  ( 0.000000000000000000, 0.000000000000000000, 1.000000000000000000 ) ) ;
#1304 = LINE ( 'NONE', #1182, #594 ) ;
#1305 = ADVANCED_FACE ( 'NONE', ( #697 ), #581, .T. ) ;
#1306 = DIRECTION ( 'NONE',  ( 0.000000000000000000, -1.000000000000000000, 0.000000000000000000 ) ) ;
#1307 = ORIENTED_EDGE ( 'NONE', *, *, #1732, .T. ) ;
#1308 = ORIENTED_EDGE ( 'NONE', *, *, #1607, .F. ) ;
#1309 = SPHERICAL_SURFACE ( 'NONE', #111, 0.1100000000000000144 ) ;
#1310 = ORIENTED_EDGE ( 'NONE', *, *, #824, .F. ) ;
#1311 = PRODUCT_RELATED_PRODUCT_CATEGORY ( 'part', '', ( #294 ) ) ;
#1312 = CIRCLE ( 'NONE', #1721, 0.1100000000000000144 ) ;
#1313 = DIRECTION ( 'NONE',  ( -1.000000000000000000, 0.000000000000000000, 0.000000000000000000 ) ) ;
#1314 = CLOSED_SHELL ( 'NONE', ( #838, #1400, #257 ) ) ;
#1315 = EDGE_CURVE ( 'NONE', #1257, #764, #916, .T. ) ;
#1316 = ADVANCED_FACE ( 'NONE', ( #1669 ), #841, .T. ) ;
#1317 = FACE_BOUND ( 'NONE', #911, .T. ) ;
#1318 =( NAMED_UNIT ( * ) PLANE_ANGLE_UNIT ( ) SI_UNIT ( $, .RADIAN. ) );
#1319 = DIRECTION ( 'NONE',  ( 0.000000000000000000, 0.000000000000000000, 1.000000000000000000 ) ) ;
#1320 = COLOUR_RGB ( '',0.7921568627450980005, 0.8196078431372548767, 0.9333333333333333481 ) ;
#1321 = ORIENTED_EDGE ( 'NONE', *, *, #1644, .F. ) ;
#1322 = ORIENTED_EDGE ( 'NONE', *, *, #1244, .T. ) ;
#1323 = ORIENTED_EDGE ( 'NONE', *, *, #417, .F. ) ;
#1324 = EDGE_CURVE ( 'NONE', #1756, #1505, #411, .T. ) ;
#1325 = EDGE_LOOP ( 'NONE', ( #667, #39, #62, #50 ) ) ;
#1326 = CARTESIAN_POINT ( 'NONE',  ( 0.2832455532033675838, 0.2000000000000000666, -0.6600000000000000311 ) ) ;
#1327 = DIRECTION ( 'NONE',  ( 1.224646799147353207E-16, 0.000000000000000000, -1.000000000000000000 ) ) ;
#1328 = AXIS2_PLACEMENT_3D ( 'NONE', #701, #158, #287 ) ;
#1329 = ORIENTED_EDGE ( 'NONE', *, *, #942, .F. ) ;
#1330 = PLANE ( 'NONE',  #788 ) ;
#1331 = MECHANICAL_DESIGN_GEOMETRIC_PRESENTATION_REPRESENTATION (  '', ( #153 ), #1562 ) ;
#1332 = VECTOR ( 'NONE', #1084, 1000.000000000000000 ) ;
#1333 = CIRCLE ( 'NONE', #273, 0.06324555320336752717 ) ;
#1334 = ORIENTED_EDGE ( 'NONE', *, *, #1555, .T. ) ;
#1335 = FILL_AREA_STYLE ('',( #1217 ) ) ;
#1336 = UNCERTAINTY_MEASURE_WITH_UNIT (LENGTH_MEASURE( 1.000000000000000082E-05 ), #15, 'distance_accuracy_value', 'NONE');
#1337 = CARTESIAN_POINT ( 'NONE',  ( 0.2200000000000000289, 0.2000000000000000944, 0.6600000000000000311 ) ) ;
#1338 = SURFACE_STYLE_FILL_AREA ( #882 ) ;
#1339 = VERTEX_POINT ( 'NONE', #848 ) ;
#1340 = SPHERICAL_SURFACE ( 'NONE', #1381, 0.1100000000000000144 ) ;
#1341 = APPLICATION_CONTEXT ( 'automotive_design' ) ;
#1342 = ORIENTED_EDGE ( 'NONE', *, *, #1422, .F. ) ;
#1343 = DIRECTION ( 'NONE',  ( 0.000000000000000000, 0.000000000000000000, 1.000000000000000000 ) ) ;
#1344 = CARTESIAN_POINT ( 'NONE',  ( -0.9587500000000001021, -2.697649439790129833, 0.9487499999999998712 ) ) ;
#1345 = CARTESIAN_POINT ( 'NONE',  ( -0.5967544467966324762, 0.2000000000000000666, 0.2200000000000000289 ) ) ;
#1346 = DIRECTION ( 'NONE',  ( 0.000000000000000000, 0.000000000000000000, 1.000000000000000000 ) ) ;
#1347 = ORIENTED_EDGE ( 'NONE', *, *, #1632, .F. ) ;
#1348 = CARTESIAN_POINT ( 'NONE',  ( 0.2200000000000000289, 0.2000000000000000666, 0.6600000000000000311 ) ) ;
#1349 = CIRCLE ( 'NONE', #784, 0.1000000000000001582 ) ;
#1350 = EDGE_CURVE ( 'NONE', #1268, #837, #1349, .T. ) ;
#1351 = DIRECTION ( 'NONE',  ( 1.000000000000000000, 0.000000000000000000, 0.000000000000000000 ) ) ;
#1352 = DIRECTION ( 'NONE',  ( 0.000000000000000000, 0.000000000000000000, 1.000000000000000000 ) ) ;
#1353 = LINE ( 'NONE', #1768, #1807 ) ;
#1354 = CARTESIAN_POINT ( 'NONE',  ( -0.2199999999999999734, 0.1100000000000000006, -0.2199999999999999734 ) ) ;
#1355 =( NAMED_UNIT ( * ) PLANE_ANGLE_UNIT ( ) SI_UNIT ( $, .RADIAN. ) );
#1356 = DIRECTION ( 'NONE',  ( 0.000000000000000000, 0.000000000000000000, 1.000000000000000000 ) ) ;
#1357 = ORIENTED_EDGE ( 'NONE', *, *, #1178, .F. ) ;
#1358 = CIRCLE ( 'NONE', #649, 0.1100000000000000144 ) ;
#1359 = CIRCLE ( 'NONE', #1098, 0.1100000000000000144 ) ;
#1360 = COLOUR_RGB ( '',0.7921568627450980005, 0.8196078431372548767, 0.9333333333333333481 ) ;
#1361 = MECHANICAL_DESIGN_GEOMETRIC_PRESENTATION_REPRESENTATION (  '', ( #893 ), #1772 ) ;
#1362 = DIRECTION ( 'NONE',  ( 0.000000000000000000, -0.000000000000000000, -1.000000000000000000 ) ) ;
#1363 = DIRECTION ( 'NONE',  ( 0.000000000000000000, 0.000000000000000000, 1.000000000000000000 ) ) ;
#1364 = CARTESIAN_POINT ( 'NONE',  ( -0.9587500000000001021, 0.2200000000000001399, -0.9487500000000000933 ) ) ;
#1365 = DIRECTION ( 'NONE',  ( 1.000000000000000000, 0.000000000000000000, 0.000000000000000000 ) ) ;
#1366 = EDGE_LOOP ( 'NONE', ( #868, #600, #9 ) ) ;
#1367 = ORIENTED_EDGE ( 'NONE', *, *, #560, .F. ) ;
#1368 = DIRECTION ( 'NONE',  ( 0.000000000000000000, -1.000000000000000000, 0.000000000000000000 ) ) ;
#1369 = ADVANCED_FACE ( 'NONE', ( #381 ), #950, .F. ) ;
#1370 = CARTESIAN_POINT ( 'NONE',  ( 0.6600000000000000311, 0.1100000000000000006, -0.2199999999999999734 ) ) ;
#1371 = FACE_OUTER_BOUND ( 'NONE', #166, .T. ) ;
#1372 = UNCERTAINTY_MEASURE_WITH_UNIT (LENGTH_MEASURE( 1.000000000000000082E-05 ), #561, 'distance_accuracy_value', 'NONE');
#1373 = EDGE_CURVE ( 'NONE', #405, #1109, #1254, .T. ) ;
#1374 = SPHERICAL_SURFACE ( 'NONE', #1618, 0.1100000000000000144 ) ;
#1375 = FACE_OUTER_BOUND ( 'NONE', #721, .T. ) ;
#1376 = DIRECTION ( 'NONE',  ( 0.000000000000000000, -1.000000000000000000, 0.000000000000000000 ) ) ;
#1377 =( NAMED_UNIT ( * ) PLANE_ANGLE_UNIT ( ) SI_UNIT ( $, .RADIAN. ) );
#1378 = EDGE_LOOP ( 'NONE', ( #975, #139 ) ) ;
#1379 = ORIENTED_EDGE ( 'NONE', *, *, #1566, .F. ) ;
#1380 = DIRECTION ( 'NONE',  ( 1.000000000000000000, 0.000000000000000000, 0.000000000000000000 ) ) ;
#1381 = AXIS2_PLACEMENT_3D ( 'NONE', #1491, #952, #1474 ) ;
#1382 = DIRECTION ( 'NONE',  ( 1.224646799147353207E-16, 0.000000000000000000, -1.000000000000000000 ) ) ;
#1383 = CARTESIAN_POINT ( 'NONE',  ( -0.9587500000000001021, -2.697649439790129833, -0.9487500000000000933 ) ) ;
#1384 = EDGE_CURVE ( 'NONE', #1109, #486, #1812, .T. ) ;
#1385 = DIRECTION ( 'NONE',  ( -1.000000000000000000, 0.000000000000000000, -0.000000000000000000 ) ) ;
#1386 = PLANE ( 'NONE',  #1610 ) ;
#1387 = CARTESIAN_POINT ( 'NONE',  ( -0.2199999999999999734, 0.1100000000000000006, -0.2199999999999999734 ) ) ;
#1388 = ORIENTED_EDGE ( 'NONE', *, *, #1373, .T. ) ;
#1389 = ORIENTED_EDGE ( 'NONE', *, *, #1420, .F. ) ;
#1390 = VECTOR ( 'NONE', #333, 1000.000000000000000 ) ;
#1391 = ADVANCED_FACE ( 'NONE', ( #391 ), #128, .T. ) ;
#1392 = AXIS2_PLACEMENT_3D ( 'NONE', #1250, #551, #266 ) ;
#1393 = VECTOR ( 'NONE', #938, 1000.000000000000000 ) ;
#1394 = DIRECTION ( 'NONE',  ( 1.000000000000000000, 0.000000000000000000, 0.000000000000000000 ) ) ;
#1395 = DIRECTION ( 'NONE',  ( -0.000000000000000000, 1.000000000000000000, -0.000000000000000000 ) ) ;
#1396 = LINE ( 'NONE', #435, #1697 ) ;
#1397 = DIRECTION ( 'NONE',  ( 1.000000000000000000, 0.000000000000000000, -0.000000000000000000 ) ) ;
#1398 = FILL_AREA_STYLE ('',( #1538 ) ) ;
#1399 = ORIENTED_EDGE ( 'NONE', *, *, #1695, .T. ) ;
#1400 = ADVANCED_FACE ( 'NONE', ( #1114 ), #1386, .F. ) ;
#1401 = MECHANICAL_DESIGN_GEOMETRIC_PRESENTATION_REPRESENTATION (  '', ( #661 ), #1744 ) ;
#1402 = DIRECTION ( 'NONE',  ( 0.000000000000000000, 0.000000000000000000, 1.000000000000000000 ) ) ;
#1403 = LINE ( 'NONE', #708, #958 ) ;
#1404 = CARTESIAN_POINT ( 'NONE',  ( -0.2199999999999999734, -1.355252715606880543E-17, 0.2200000000000000289 ) ) ;
#1405 = CARTESIAN_POINT ( 'NONE',  ( 0.6600000000000000311, -1.355252715606880543E-17, 0.6600000000000000311 ) ) ;
#1406 = PRESENTATION_STYLE_ASSIGNMENT (( #843 ) ) ;
#1407 = CIRCLE ( 'NONE', #412, 0.1100000000000000699 ) ;
#1408 = SURFACE_SIDE_STYLE ('',( #845 ) ) ;
#1409 = DIRECTION ( 'NONE',  ( 0.000000000000000000, 0.000000000000000000, -1.000000000000000000 ) ) ;
#1410 = DIRECTION ( 'NONE',  ( 1.000000000000000000, 0.000000000000000000, 0.000000000000000000 ) ) ;
#1411 = DIRECTION ( 'NONE',  ( -0.000000000000000000, 1.000000000000000000, -0.000000000000000000 ) ) ;
#1412 = VERTEX_POINT ( 'NONE', #555 ) ;
#1413 = VECTOR ( 'NONE', #453, 1000.000000000000000 ) ;
#1414 = CARTESIAN_POINT ( 'NONE',  ( 0.000000000000000000, 0.2200000000000000011, 0.000000000000000000 ) ) ;
#1415 = CIRCLE ( 'NONE', #296, 0.1100000000000000699 ) ;
#1416 = AXIS2_PLACEMENT_3D ( 'NONE', #796, #522, #807 ) ;
#1417 = LINE ( 'NONE', #717, #1760 ) ;
#1418 = ORIENTED_EDGE ( 'NONE', *, *, #1260, .F. ) ;
#1419 = SURFACE_STYLE_USAGE ( .BOTH. , #189 ) ;
#1420 = EDGE_CURVE ( 'NONE', #104, #1109, #665, .T. ) ;
#1421 =( NAMED_UNIT ( * ) SI_UNIT ( $, .STERADIAN. ) SOLID_ANGLE_UNIT ( ) );
#1422 = EDGE_CURVE ( 'NONE', #1167, #1605, #976, .T. ) ;
#1423 = VERTEX_POINT ( 'NONE', #1537 ) ;
#1424 = DIRECTION ( 'NONE',  ( 0.000000000000000000, 0.000000000000000000, 1.000000000000000000 ) ) ;
#1425 = ORIENTED_EDGE ( 'NONE', *, *, #1632, .T. ) ;
#1426 = AXIS2_PLACEMENT_3D ( 'NONE', #585, #33, #1704 ) ;
#1427 = VECTOR ( 'NONE', #1145, 1000.000000000000000 ) ;
#1428 = LINE ( 'NONE', #1293, #1442 ) ;
#1429 = COLOUR_RGB ( '',1.000000000000000000, 1.000000000000000000, 1.000000000000000000 ) ;
#1430 =( NAMED_UNIT ( * ) SI_UNIT ( $, .STERADIAN. ) SOLID_ANGLE_UNIT ( ) );
#1431 = AXIS2_PLACEMENT_3D ( 'NONE', #1773, #923, #941 ) ;
#1432 = VERTEX_POINT ( 'NONE', #679 ) ;
#1433 = SURFACE_STYLE_USAGE ( .BOTH. , #24 ) ;
#1434 = ORIENTED_EDGE ( 'NONE', *, *, #599, .F. ) ;
#1435 = ORIENTED_EDGE ( 'NONE', *, *, #716, .F. ) ;
#1436 = CARTESIAN_POINT ( 'NONE',  ( -0.2199999999999999734, 0.2000000000000000666, 0.2200000000000000289 ) ) ;
#1437 = FILL_AREA_STYLE ('',( #342 ) ) ;
#1438 = ADVANCED_FACE ( 'NONE', ( #1086 ), #964, .T. ) ;
#1439 = ADVANCED_FACE ( 'NONE', ( #698 ), #1783, .T. ) ;
#1440 = CARTESIAN_POINT ( 'NONE',  ( 0.000000000000000000, 0.2200000000000000011, 0.000000000000000000 ) ) ;
#1441 = SURFACE_STYLE_FILL_AREA ( #1202 ) ;
#1442 = VECTOR ( 'NONE', #1303, 1000.000000000000000 ) ;
#1443 = AXIS2_PLACEMENT_3D ( 'NONE', #1529, #262, #574 ) ;
#1444 = CIRCLE ( 'NONE', #715, 0.06324555320336752717 ) ;
#1445 = PRESENTATION_STYLE_ASSIGNMENT (( #931 ) ) ;
#1446 = ORIENTED_EDGE ( 'NONE', *, *, #1510, .F. ) ;
#1447 = ORIENTED_EDGE ( 'NONE', *, *, #1384, .T. ) ;
#1448 = VERTEX_POINT ( 'NONE', #238 ) ;
#1449 = EDGE_LOOP ( 'NONE', ( #252, #750 ) ) ;
#1450 = CARTESIAN_POINT ( 'NONE',  ( 0.2200000000000000289, 0.1100000000000000006, 0.6600000000000000311 ) ) ;
#1451 = COLOUR_RGB ( '',0.7921568627450980005, 0.8196078431372548767, 0.9333333333333333481 ) ;
#1452 = DIRECTION ( 'NONE',  ( 0.000000000000000000, -1.000000000000000000, 0.000000000000000000 ) ) ;
#1453 = DIRECTION ( 'NONE',  ( 0.000000000000000000, 1.000000000000000000, 0.000000000000000000 ) ) ;
#1454 = DIRECTION ( 'NONE',  ( 0.000000000000000000, -0.000000000000000000, -1.000000000000000000 ) ) ;
#1455 = EDGE_LOOP ( 'NONE', ( #320, #1588, #811, #1418 ) ) ;
#1456 = ORIENTED_EDGE ( 'NONE', *, *, #454, .T. ) ;
#1457 = VERTEX_POINT ( 'NONE', #226 ) ;
#1458 = DIRECTION ( 'NONE',  ( -1.000000000000000000, 0.000000000000000000, -0.000000000000000000 ) ) ;
#1459 = CLOSED_SHELL ( 'NONE', ( #1021, #156, #484 ) ) ;
#1460 = DIRECTION ( 'NONE',  ( 0.000000000000000000, 0.000000000000000000, 1.000000000000000000 ) ) ;
#1461 = UNCERTAINTY_MEASURE_WITH_UNIT (LENGTH_MEASURE( 1.000000000000000082E-05 ), #994, 'distance_accuracy_value', 'NONE');
#1462 = DIRECTION ( 'NONE',  ( 0.000000000000000000, 0.000000000000000000, 1.000000000000000000 ) ) ;
#1463 = AXIS2_PLACEMENT_3D ( 'NONE', #832, #288, #1385 ) ;
#1464 = CARTESIAN_POINT ( 'NONE',  ( -0.1567544467966324462, 0.2000000000000000666, 0.2200000000000000289 ) ) ;
#1465 = AXIS2_PLACEMENT_3D ( 'NONE', #1077, #655, #364 ) ;
#1466 = VERTEX_POINT ( 'NONE', #1231 ) ;
#1467 = VERTEX_POINT ( 'NONE', #564 ) ;
#1468 = CIRCLE ( 'NONE', #678, 0.06324555320336752717 ) ;
#1469 = CARTESIAN_POINT ( 'NONE',  ( 0.6600000000000000311, 0.1100000000000000006, 0.2200000000000000289 ) ) ;
#1470 = SURFACE_SIDE_STYLE ('',( #1338 ) ) ;
#1471 = MANIFOLD_SOLID_BREP ( 'LPattern1[1]', #1164 ) ;
#1472 = AXIS2_PLACEMENT_3D ( 'NONE', #388, #1498, #533 ) ;
#1473 = VERTEX_POINT ( 'NONE', #733 ) ;
#1474 = DIRECTION ( 'NONE',  ( 1.000000000000000000, 0.000000000000000000, 0.000000000000000000 ) ) ;
#1475 = MECHANICAL_DESIGN_GEOMETRIC_PRESENTATION_REPRESENTATION (  '', ( #650 ), #622 ) ;
#1476 = CIRCLE ( 'NONE', #691, 0.1100000000000000144 ) ;
#1477 = ORIENTED_EDGE ( 'NONE', *, *, #539, .F. ) ;
#1478 = FACE_OUTER_BOUND ( 'NONE', #323, .T. ) ;
#1479 = MANIFOLD_SOLID_BREP ( 'Boss-Extrude2', #812 ) ;
#1480 = DIRECTION ( 'NONE',  ( -0.000000000000000000, 1.000000000000000000, -0.000000000000000000 ) ) ;
#1481 = PRESENTATION_STYLE_ASSIGNMENT (( #1615 ) ) ;
#1482 = DIRECTION ( 'NONE',  ( 0.000000000000000000, 0.000000000000000000, -1.000000000000000000 ) ) ;
#1483 = CARTESIAN_POINT ( 'NONE',  ( 0.6600000000000000311, 0.1100000000000000006, -0.6600000000000000311 ) ) ;
#1484 = EDGE_CURVE ( 'NONE', #728, #1339, #1060, .T. ) ;
#1485 = DIRECTION ( 'NONE',  ( 0.000000000000000000, -1.000000000000000000, 0.000000000000000000 ) ) ;
#1486 = SPHERICAL_SURFACE ( 'NONE', #1582, 0.1100000000000000144 ) ;
#1487 = CARTESIAN_POINT ( 'NONE',  ( -0.6600000000000000311, 0.2000000000000000944, -0.2199999999999999734 ) ) ;
#1488 = CARTESIAN_POINT ( 'NONE',  ( -0.9587500000000001021, 0.2000000000000000944, 0.9487499999999998712 ) ) ;
#1489 = CARTESIAN_POINT ( 'NONE',  ( 0.6600000000000000311, 0.2000000000000000944, -0.2199999999999999734 ) ) ;
#1490 = DIRECTION ( 'NONE',  ( 0.000000000000000000, 0.000000000000000000, -1.000000000000000000 ) ) ;
#1491 = CARTESIAN_POINT ( 'NONE',  ( -0.6600000000000000311, 0.1100000000000000006, -0.2199999999999999734 ) ) ;
#1492 = AXIS2_PLACEMENT_3D ( 'NONE', #646, #518, #1410 ) ;
#1493 = AXIS2_PLACEMENT_3D ( 'NONE', #1232, #1485, #1611 ) ;
#1494 =( NAMED_UNIT ( * ) PLANE_ANGLE_UNIT ( ) SI_UNIT ( $, .RADIAN. ) );
#1495 = DIRECTION ( 'NONE',  ( 1.224646799147353207E-16, 0.000000000000000000, -1.000000000000000000 ) ) ;
#1496 = EDGE_CURVE ( 'NONE', #161, #304, #1674, .T. ) ;
#1497 = CARTESIAN_POINT ( 'NONE',  ( 0.6600000000000000311, 0.2000000000000000666, 0.2200000000000000289 ) ) ;
#1498 = DIRECTION ( 'NONE',  ( 0.000000000000000000, 0.000000000000000000, 1.000000000000000000 ) ) ;
#1499 = MANIFOLD_SOLID_BREP ( 'Split1[2]', #4 ) ;
#1500 = CARTESIAN_POINT ( 'NONE',  ( -0.2199999999999999734, 0.1100000000000000006, -0.2199999999999999734 ) ) ;
#1501 = VERTEX_POINT ( 'NONE', #1405 ) ;
#1502 = DIRECTION ( 'NONE',  ( 1.000000000000000000, -0.000000000000000000, 0.000000000000000000 ) ) ;
#1503 = EDGE_LOOP ( 'NONE', ( #1197, #611 ) ) ;
#1504 = CIRCLE ( 'NONE', #1804, 0.1100000000000000699 ) ;
#1505 = VERTEX_POINT ( 'NONE', #173 ) ;
#1506 = MANIFOLD_SOLID_BREP ( 'LPattern1[8]', #1525 ) ;
#1507 = PRESENTATION_LAYER_ASSIGNMENT (  '', '', ( #153 ) ) ;
#1508 = AXIS2_PLACEMENT_3D ( 'NONE', #86, #1173, #1203 ) ;
#1509 = DIRECTION ( 'NONE',  ( 1.000000000000000000, 0.000000000000000000, 0.000000000000000000 ) ) ;
#1510 = EDGE_CURVE ( 'NONE', #860, #405, #27, .T. ) ;
#1511 = MECHANICAL_DESIGN_GEOMETRIC_PRESENTATION_REPRESENTATION (  '', ( #653 ), #797 ) ;
#1512 = MANIFOLD_SOLID_BREP ( 'LPattern1[5]', #905 ) ;
#1513 = FACE_OUTER_BOUND ( 'NONE', #346, .T. ) ;
#1514 = EDGE_CURVE ( 'NONE', #1473, #557, #1304, .T. ) ;
#1515 = DIRECTION ( 'NONE',  ( 1.000000000000000000, 0.000000000000000000, 0.000000000000000000 ) ) ;
#1516 = SPHERICAL_SURFACE ( 'NONE', #1492, 0.1100000000000000144 ) ;
#1517 = FILL_AREA_STYLE_COLOUR ( '', #352 ) ;
#1518 = VERTEX_POINT ( 'NONE', #31 ) ;
#1519 = DIRECTION ( 'NONE',  ( 0.000000000000000000, -0.000000000000000000, -1.000000000000000000 ) ) ;
#1520 = MANIFOLD_SOLID_BREP ( 'LPattern1[10]', #1785 ) ;
#1521 = CARTESIAN_POINT ( 'NONE',  ( 0.2200000000000000289, 0.1100000000000000006, -0.2199999999999999734 ) ) ;
#1522 = MANIFOLD_SOLID_BREP ( 'LPattern1[11]', #80 ) ;
#1523 = FACE_OUTER_BOUND ( 'NONE', #565, .T. ) ;
#1524 = CARTESIAN_POINT ( 'NONE',  ( 0.6600000000000000311, 0.1100000000000000006, 0.2200000000000000289 ) ) ;
#1525 = CLOSED_SHELL ( 'NONE', ( #1316, #786, #16 ) ) ;
#1526 = DIRECTION ( 'NONE',  ( 0.000000000000000000, 0.000000000000000000, 1.000000000000000000 ) ) ;
#1527 = CARTESIAN_POINT ( 'NONE',  ( -0.9587500000000001021, 0.2200000000000001399, 0.9487499999999998712 ) ) ;
#1528 = VERTEX_POINT ( 'NONE', #386 ) ;
#1529 = CARTESIAN_POINT ( 'NONE',  ( -0.6600000000000000311, 0.1100000000000000006, 0.6600000000000000311 ) ) ;
#1530 = MANIFOLD_SOLID_BREP ( 'LPattern1[9]', #1459 ) ;
#1531 = EDGE_LOOP ( 'NONE', ( #1726, #194, #1347 ) ) ;
#1532 = AXIS2_PLACEMENT_3D ( 'NONE', #26, #269, #583 ) ;
#1533 = PRESENTATION_LAYER_ASSIGNMENT (  '', '', ( #1283 ) ) ;
#1534 = DIRECTION ( 'NONE',  ( -1.000000000000000000, 0.000000000000000000, 0.000000000000000000 ) ) ;
#1535 = DIRECTION ( 'NONE',  ( 1.000000000000000000, 0.000000000000000000, 0.000000000000000000 ) ) ;
#1536 = DIRECTION ( 'NONE',  ( 1.000000000000000000, 0.000000000000000000, 0.000000000000000000 ) ) ;
#1537 = CARTESIAN_POINT ( 'NONE',  ( 0.6600000000000000311, -1.355252715606880543E-17, -0.6600000000000000311 ) ) ;
#1538 = FILL_AREA_STYLE_COLOUR ( '', #1682 ) ;
#1539 = ORIENTED_EDGE ( 'NONE', *, *, #1666, .T. ) ;
#1540 = AXIS2_PLACEMENT_3D ( 'NONE', #777, #1626, #1228 ) ;
#1541 = STYLED_ITEM ( 'NONE', ( #1054 ), #1512 ) ;
#1542 = PLANE ( 'NONE',  #1190 ) ;
#1543 = FACE_OUTER_BOUND ( 'NONE', #1776, .T. ) ;
#1544 = CARTESIAN_POINT ( 'NONE',  ( -0.2199999999999999734, 0.1100000000000000006, 0.6600000000000000311 ) ) ;
#1545 = FILL_AREA_STYLE ('',( #1701 ) ) ;
#1546 = ADVANCED_FACE ( 'NONE', ( #359 ), #1102, .T. ) ;
#1547 = FILL_AREA_STYLE_COLOUR ( '', #295 ) ;
#1548 = DIRECTION ( 'NONE',  ( 0.000000000000000000, 0.000000000000000000, -1.000000000000000000 ) ) ;
#1549 = DIRECTION ( 'NONE',  ( -1.000000000000000000, -0.000000000000000000, -0.000000000000000000 ) ) ;
#1550 = SURFACE_STYLE_FILL_AREA ( #681 ) ;
#1551 =( LENGTH_UNIT ( ) NAMED_UNIT ( * ) SI_UNIT ( .MILLI., .METRE. ) );
#1552 = CIRCLE ( 'NONE', #168, 0.06324555320336752717 ) ;
#1553 = DIRECTION ( 'NONE',  ( 0.000000000000000000, -0.000000000000000000, -1.000000000000000000 ) ) ;
#1554 = DIRECTION ( 'NONE',  ( 1.000000000000000000, 0.000000000000000000, 0.000000000000000000 ) ) ;
#1555 = EDGE_CURVE ( 'NONE', #498, #1528, #1444, .T. ) ;
#1556 = CARTESIAN_POINT ( 'NONE',  ( 0.2200000000000000289, 0.1100000000000000006, -0.6600000000000000311 ) ) ;
#1557 = SURFACE_STYLE_USAGE ( .BOTH. , #1147 ) ;
#1558 = DIRECTION ( 'NONE',  ( 1.000000000000000000, 0.000000000000000000, 0.000000000000000000 ) ) ;
#1559 = FILL_AREA_STYLE_COLOUR ( '', #1038 ) ;
#1560 = LINE ( 'NONE', #1761, #390 ) ;
#1561 = CIRCLE ( 'NONE', #485, 0.06324555320336752717 ) ;
#1562 =( GEOMETRIC_REPRESENTATION_CONTEXT ( 3 ) GLOBAL_UNCERTAINTY_ASSIGNED_CONTEXT ( ( #530 ) ) GLOBAL_UNIT_ASSIGNED_CONTEXT ( ( #861, #327, #451 ) ) REPRESENTATION_CONTEXT ( 'NONE', 'WORKASPACE' ) );
#1563 = VECTOR ( 'NONE', #1137, 1000.000000000000000 ) ;
#1564 = PLANE ( 'NONE',  #1463 ) ;
#1565 = CARTESIAN_POINT ( 'NONE',  ( 0.6600000000000000311, 0.2000000000000000666, -0.6600000000000000311 ) ) ;
#1566 = EDGE_CURVE ( 'NONE', #1796, #1457, #794, .T. ) ;
#1567 = SURFACE_STYLE_USAGE ( .BOTH. , #1575 ) ;
#1568 = EDGE_LOOP ( 'NONE', ( #558, #1750 ) ) ;
#1569 = EDGE_LOOP ( 'NONE', ( #1624, #1118, #1299 ) ) ;
#1570 = VERTEX_POINT ( 'NONE', #1074 ) ;
#1571 = ORIENTED_EDGE ( 'NONE', *, *, #1420, .T. ) ;
#1572 = EDGE_CURVE ( 'NONE', #1587, #1791, #450, .T. ) ;
#1573 = CARTESIAN_POINT ( 'NONE',  ( -0.6600000000000000311, 0.1100000000000000006, -0.6600000000000000311 ) ) ;
#1574 = SPHERICAL_SURFACE ( 'NONE', #93, 0.1100000000000000144 ) ;
#1575 = SURFACE_SIDE_STYLE ('',( #138 ) ) ;
#1576 = ORIENTED_EDGE ( 'NONE', *, *, #417, .T. ) ;
#1577 = VERTEX_POINT ( 'NONE', #1667 ) ;
#1578 = EDGE_LOOP ( 'NONE', ( #874, #726, #120, #380 ) ) ;
#1579 = CLOSED_SHELL ( 'NONE', ( #1218, #772, #851 ) ) ;
#1580 = EDGE_CURVE ( 'NONE', #1803, #1678, #891, .T. ) ;
#1581 = EDGE_LOOP ( 'NONE', ( #492, #1049, #1321 ) ) ;
#1582 = AXIS2_PLACEMENT_3D ( 'NONE', #220, #782, #1351 ) ;
#1583 = DIRECTION ( 'NONE',  ( 1.000000000000000000, 0.000000000000000000, 0.000000000000000000 ) ) ;
#1584 = AXIS2_PLACEMENT_3D ( 'NONE', #1556, #1267, #1686 ) ;
#1585 = VERTEX_POINT ( 'NONE', #1111 ) ;
#1586 = DIRECTION ( 'NONE',  ( 0.000000000000000000, 1.000000000000000000, 0.000000000000000000 ) ) ;
#1587 = VERTEX_POINT ( 'NONE', #222 ) ;
#1588 = ORIENTED_EDGE ( 'NONE', *, *, #765, .F. ) ;
#1589 = DIRECTION ( 'NONE',  ( 1.224646799147353207E-16, 0.000000000000000000, -1.000000000000000000 ) ) ;
#1590 = ORIENTED_EDGE ( 'NONE', *, *, #1631, .F. ) ;
#1591 = SURFACE_STYLE_USAGE ( .BOTH. , #1716 ) ;
#1592 = PLANE ( 'NONE',  #793 ) ;
#1593 = FILL_AREA_STYLE ('',( #47 ) ) ;
#1594 = AXIS2_PLACEMENT_3D ( 'NONE', #517, #369, #1076 ) ;
#1595 = STYLED_ITEM ( 'NONE', ( #113 ), #1530 ) ;
#1596 = DIRECTION ( 'NONE',  ( 1.224646799147353207E-16, 0.000000000000000000, -1.000000000000000000 ) ) ;
#1597 = EDGE_LOOP ( 'NONE', ( #1290, #1723, #729 ) ) ;
#1598 = EDGE_LOOP ( 'NONE', ( #690, #1334 ) ) ;
#1599 = ORIENTED_EDGE ( 'NONE', *, *, #599, .T. ) ;
#1600 = ORIENTED_EDGE ( 'NONE', *, *, #71, .F. ) ;
#1601 = FACE_OUTER_BOUND ( 'NONE', #914, .T. ) ;
#1602 = DIRECTION ( 'NONE',  ( 1.000000000000000000, 0.000000000000000000, 0.000000000000000000 ) ) ;
#1603 = ORIENTED_EDGE ( 'NONE', *, *, #1422, .T. ) ;
#1604 = ORIENTED_EDGE ( 'NONE', *, *, #230, .T. ) ;
#1605 = VERTEX_POINT ( 'NONE', #829 ) ;
#1606 = CLOSED_SHELL ( 'NONE', ( #1438, #477, #512 ) ) ;
#1607 = EDGE_CURVE ( 'NONE', #1264, #1505, #1353, .T. ) ;
#1608 = DIRECTION ( 'NONE',  ( 0.000000000000000000, -1.000000000000000000, 0.000000000000000000 ) ) ;
#1609 = AXIS2_PLACEMENT_3D ( 'NONE', #1208, #1072, #1625 ) ;
#1610 = AXIS2_PLACEMENT_3D ( 'NONE', #1792, #1376, #979 ) ;
#1611 = DIRECTION ( 'NONE',  ( 0.000000000000000000, -0.000000000000000000, -1.000000000000000000 ) ) ;
#1612 = SURFACE_STYLE_USAGE ( .BOTH. , #1778 ) ;
#1613 = EDGE_CURVE ( 'NONE', #1177, #1678, #1333, .T. ) ;
#1614 = DIRECTION ( 'NONE',  ( 1.000000000000000000, 0.000000000000000000, -0.000000000000000000 ) ) ;
#1615 = SURFACE_STYLE_USAGE ( .BOTH. , #84 ) ;
#1616 = DIRECTION ( 'NONE',  ( 0.000000000000000000, 0.000000000000000000, -1.000000000000000000 ) ) ;
#1617 = CARTESIAN_POINT ( 'NONE',  ( -0.7232455532033674750, 0.2000000000000000666, -0.2199999999999999734 ) ) ;
#1618 = AXIS2_PLACEMENT_3D ( 'NONE', #1524, #114, #258 ) ;
#1619 =( GEOMETRIC_REPRESENTATION_CONTEXT ( 3 ) GLOBAL_UNCERTAINTY_ASSIGNED_CONTEXT ( ( #588 ) ) GLOBAL_UNIT_ASSIGNED_CONTEXT ( ( #1799, #543, #246 ) ) REPRESENTATION_CONTEXT ( 'NONE', 'WORKASPACE' ) );
#1620 = CARTESIAN_POINT ( 'NONE',  ( -0.9587500000000001021, 0.2000000000000000944, -0.9487500000000000933 ) ) ;
#1621 = PRESENTATION_LAYER_ASSIGNMENT (  '', '', ( #1805 ) ) ;
#1622 = AXIS2_PLACEMENT_3D ( 'NONE', #102, #675, #1091 ) ;
#1623 = COLOUR_RGB ( '',0.7921568627450980005, 0.8196078431372548767, 0.9333333333333333481 ) ;
#1624 = ORIENTED_EDGE ( 'NONE', *, *, #1677, .F. ) ;
#1625 = DIRECTION ( 'NONE',  ( 1.000000000000000000, 0.000000000000000000, 0.000000000000000000 ) ) ;
#1626 = DIRECTION ( 'NONE',  ( 0.000000000000000000, -1.000000000000000000, 0.000000000000000000 ) ) ;
#1627 = DIRECTION ( 'NONE',  ( -0.000000000000000000, 1.000000000000000000, -0.000000000000000000 ) ) ;
#1628 = CARTESIAN_POINT ( 'NONE',  ( 0.5967544467966324762, 0.2000000000000000666, 0.2200000000000000289 ) ) ;
#1629 = DIRECTION ( 'NONE',  ( 0.000000000000000000, 1.000000000000000000, 0.000000000000000000 ) ) ;
#1630 = DIRECTION ( 'NONE',  ( -0.000000000000000000, 1.000000000000000000, -0.000000000000000000 ) ) ;
#1631 = EDGE_CURVE ( 'NONE', #1448, #1024, #1476, .T. ) ;
#1632 = EDGE_CURVE ( 'NONE', #416, #1585, #297, .T. ) ;
#1633 = SURFACE_STYLE_USAGE ( .BOTH. , #205 ) ;
#1634 = DIRECTION ( 'NONE',  ( 0.000000000000000000, 0.000000000000000000, 1.000000000000000000 ) ) ;
#1635 = DIRECTION ( 'NONE',  ( 0.000000000000000000, 0.000000000000000000, 1.000000000000000000 ) ) ;
#1636 = CARTESIAN_POINT ( 'NONE',  ( -0.2199999999999999734, 0.2000000000000000944, -0.6600000000000000311 ) ) ;
#1637 = DIRECTION ( 'NONE',  ( 0.000000000000000000, 0.000000000000000000, -1.000000000000000000 ) ) ;
#1638 = ORIENTED_EDGE ( 'NONE', *, *, #539, .T. ) ;
#1639 = CARTESIAN_POINT ( 'NONE',  ( 0.6600000000000000311, 0.1100000000000000006, -0.6600000000000000311 ) ) ;
#1640 = DIRECTION ( 'NONE',  ( 0.000000000000000000, 0.000000000000000000, 1.000000000000000000 ) ) ;
#1641 = ORIENTED_EDGE ( 'NONE', *, *, #1112, .F. ) ;
#1642 = ADVANCED_FACE ( 'NONE', ( #368 ), #1780, .T. ) ;
#1643 = MECHANICAL_DESIGN_GEOMETRIC_PRESENTATION_REPRESENTATION (  '', ( #757 ), #584 ) ;
#1644 = EDGE_CURVE ( 'NONE', #235, #482, #1708, .T. ) ;
#1645 = APPLICATION_CONTEXT ( 'automotive_design' ) ;
#1646 = PLANE ( 'NONE',  #984 ) ;
#1647 = UNCERTAINTY_MEASURE_WITH_UNIT (LENGTH_MEASURE( 1.000000000000000082E-05 ), #290, 'distance_accuracy_value', 'NONE');
#1648 = ADVANCED_FACE ( 'NONE', ( #401 ), #817, .T. ) ;
#1649 = CARTESIAN_POINT ( 'NONE',  ( -0.2199999999999999734, 0.1100000000000000006, 0.6600000000000000311 ) ) ;
#1650 = CARTESIAN_POINT ( 'NONE',  ( 0.9587499999999998801, 0.5220000000000000195, 0.9487499999999998712 ) ) ;
#1651 = DIRECTION ( 'NONE',  ( 0.000000000000000000, 1.000000000000000000, 0.000000000000000000 ) ) ;
#1652 = CARTESIAN_POINT ( 'NONE',  ( -0.9587500000000001021, -2.697649439790129833, 0.9487499999999998712 ) ) ;
#1653 = ORIENTED_EDGE ( 'NONE', *, *, #1496, .T. ) ;
#1654 = FACE_OUTER_BOUND ( 'NONE', #1568, .T. ) ;
#1655 = ADVANCED_FACE ( 'NONE', ( #1543 ), #696, .T. ) ;
#1656 = CIRCLE ( 'NONE', #855, 0.1100000000000000699 ) ;
#1657 = ORIENTED_EDGE ( 'NONE', *, *, #1717, .T. ) ;
#1658 = AXIS2_PLACEMENT_3D ( 'NONE', #1436, #702, #603 ) ;
#1659 = DIRECTION ( 'NONE',  ( 0.000000000000000000, 0.000000000000000000, 1.000000000000000000 ) ) ;
#1660 = FILL_AREA_STYLE_COLOUR ( '', #206 ) ;
#1661 = DIRECTION ( 'NONE',  ( 0.000000000000000000, 0.000000000000000000, 1.000000000000000000 ) ) ;
#1662 = CARTESIAN_POINT ( 'NONE',  ( 0.2832455532033675838, 0.2000000000000000666, 0.2200000000000000289 ) ) ;
#1663 = CYLINDRICAL_SURFACE ( 'NONE', #470, 0.1000000000000001582 ) ;
#1664 = VERTEX_POINT ( 'NONE', #1259 ) ;
#1665 = SURFACE_SIDE_STYLE ('',( #852 ) ) ;
#1666 = EDGE_CURVE ( 'NONE', #764, #1257, #929, .T. ) ;
#1667 = CARTESIAN_POINT ( 'NONE',  ( 0.1567544467966325017, 0.2000000000000000666, -0.6600000000000000311 ) ) ;
#1668 = AXIS2_PLACEMENT_3D ( 'NONE', #1763, #965, #526 ) ;
#1669 = FACE_OUTER_BOUND ( 'NONE', #1300, .T. ) ;
#1670 = CARTESIAN_POINT ( 'NONE',  ( -0.6600000000000000311, 0.1100000000000000006, 0.2200000000000000289 ) ) ;
#1671 = EDGE_LOOP ( 'NONE', ( #1323, #883, #457 ) ) ;
#1672 = EDGE_LOOP ( 'NONE', ( #1357, #1039, #1035 ) ) ;
#1673 = AXIS2_PLACEMENT_3D ( 'NONE', #1544, #299, #1133 ) ;
#1674 = CIRCLE ( 'NONE', #877, 0.06324555320336752717 ) ;
#1675 = FACE_OUTER_BOUND ( 'NONE', #1671, .T. ) ;
#1676 = FACE_OUTER_BOUND ( 'NONE', #1165, .T. ) ;
#1677 = EDGE_CURVE ( 'NONE', #747, #1605, #1099, .T. ) ;
#1678 = VERTEX_POINT ( 'NONE', #612 ) ;
#1679 = CARTESIAN_POINT ( 'NONE',  ( -0.1567544467966324462, 0.2000000000000000666, -0.6600000000000000311 ) ) ;
#1680 = DIRECTION ( 'NONE',  ( -1.000000000000000000, 0.000000000000000000, 0.000000000000000000 ) ) ;
#1681 = CIRCLE ( 'NONE', #1215, 0.06324555320336752717 ) ;
#1682 = COLOUR_RGB ( '',0.7921568627450980005, 0.8196078431372548767, 0.9333333333333333481 ) ;
#1683 = MECHANICAL_DESIGN_GEOMETRIC_PRESENTATION_REPRESENTATION (  '', ( #1595 ), #1619 ) ;
#1684 = DIRECTION ( 'NONE',  ( 1.000000000000000000, 0.000000000000000000, 0.000000000000000000 ) ) ;
#1685 = CARTESIAN_POINT ( 'NONE',  ( -0.7087500000000001021, 0.4719999999999999751, -0.7013575619295958630 ) ) ;
#1686 = DIRECTION ( 'NONE',  ( 1.000000000000000000, 0.000000000000000000, 0.000000000000000000 ) ) ;
#1687 = PRESENTATION_STYLE_ASSIGNMENT (( #988 ) ) ;
#1688 = CARTESIAN_POINT ( 'NONE',  ( 0.1567544467966325017, 0.2000000000000000666, 0.2200000000000000289 ) ) ;
#1689 = EDGE_CURVE ( 'NONE', #1505, #822, #1403, .T. ) ;
#1690 = DIRECTION ( 'NONE',  ( 0.000000000000000000, 0.000000000000000000, 1.000000000000000000 ) ) ;
#1691 = DIRECTION ( 'NONE',  ( 0.000000000000000000, -1.000000000000000000, 0.000000000000000000 ) ) ;
#1692 = CARTESIAN_POINT ( 'NONE',  ( -0.7087500000000001021, 0.5220000000000000195, -0.7013575619295958630 ) ) ;
#1693 = FILL_AREA_STYLE_COLOUR ( '', #1623 ) ;
#1694 = CLOSED_SHELL ( 'NONE', ( #1051, #180, #1291 ) ) ;
#1695 = EDGE_CURVE ( 'NONE', #1587, #902, #329, .T. ) ;
#1696 = DIRECTION ( 'NONE',  ( -0.000000000000000000, 1.000000000000000000, -0.000000000000000000 ) ) ;
#1697 = VECTOR ( 'NONE', #159, 1000.000000000000000 ) ;
#1698 = MECHANICAL_DESIGN_GEOMETRIC_PRESENTATION_REPRESENTATION (  '', ( #1283 ), #641 ) ;
#1699 = CIRCLE ( 'NONE', #1764, 0.06324555320336752717 ) ;
#1700 = CARTESIAN_POINT ( 'NONE',  ( -0.7087500000000001021, 0.5220000000000000195, -0.6013575619295956631 ) ) ;
#1701 = FILL_AREA_STYLE_COLOUR ( '', #88 ) ;
#1702 = EDGE_LOOP ( 'NONE', ( #970, #1056, #1367 ) ) ;
#1703 =( NAMED_UNIT ( * ) SI_UNIT ( $, .STERADIAN. ) SOLID_ANGLE_UNIT ( ) );
#1704 = DIRECTION ( 'NONE',  ( 0.000000000000000000, 0.000000000000000000, 1.000000000000000000 ) ) ;
#1705 = AXIS2_PLACEMENT_3D ( 'NONE', #806, #1798, #1362 ) ;
#1706 = PRESENTATION_LAYER_ASSIGNMENT (  '', '', ( #687 ) ) ;
#1707 = AXIS2_PLACEMENT_3D ( 'NONE', #318, #1306, #1055 ) ;
#1708 = CIRCLE ( 'NONE', #985, 0.06324555320336752717 ) ;
#1709 = CARTESIAN_POINT ( 'NONE',  ( -0.2199999999999999734, 0.1100000000000000006, 0.2200000000000000289 ) ) ;
#1710 = ADVANCED_FACE ( 'NONE', ( #1301 ), #878, .T. ) ;
#1711 = UNCERTAINTY_MEASURE_WITH_UNIT (LENGTH_MEASURE( 1.000000000000000082E-05 ), #1551, 'distance_accuracy_value', 'NONE');
#1712 = ORIENTED_EDGE ( 'NONE', *, *, #1075, .F. ) ;
#1713 = PRODUCT_CONTEXT ( 'NONE', #1341, 'mechanical' ) ;
#1714 = CARTESIAN_POINT ( 'NONE',  ( -0.7087500000000001021, 0.4719999999999999751, -0.7013575619295958630 ) ) ;
#1715 = ORIENTED_EDGE ( 'NONE', *, *, #143, .F. ) ;
#1716 = SURFACE_SIDE_STYLE ('',( #440 ) ) ;
#1717 = EDGE_CURVE ( 'NONE', #304, #161, #18, .T. ) ;
#1718 = PRODUCT_DEFINITION_FORMATION_WITH_SPECIFIED_SOURCE ( 'ANY', '', #294, .NOT_KNOWN. ) ;
#1719 = DIRECTION ( 'NONE',  ( 1.224646799147353207E-16, 0.000000000000000000, -1.000000000000000000 ) ) ;
#1720 = SURFACE_STYLE_USAGE ( .BOTH. , #643 ) ;
#1721 = AXIS2_PLACEMENT_3D ( 'NONE', #1140, #1115, #1680 ) ;
#1722 = ORIENTED_EDGE ( 'NONE', *, *, #716, .T. ) ;
#1723 = ORIENTED_EDGE ( 'NONE', *, *, #917, .T. ) ;
#1724 = VERTEX_POINT ( 'NONE', #580 ) ;
#1725 = ORIENTED_EDGE ( 'NONE', *, *, #1572, .F. ) ;
#1726 = ORIENTED_EDGE ( 'NONE', *, *, #804, .F. ) ;
#1727 = CARTESIAN_POINT ( 'NONE',  ( -0.7087500000000001021, 0.4719999999999999751, -0.8013575619295959518 ) ) ;
#1728 = VERTEX_POINT ( 'NONE', #1738 ) ;
#1729 =( LENGTH_UNIT ( ) NAMED_UNIT ( * ) SI_UNIT ( .MILLI., .METRE. ) );
#1730 =( GEOMETRIC_REPRESENTATION_CONTEXT ( 3 ) GLOBAL_UNCERTAINTY_ASSIGNED_CONTEXT ( ( #245 ) ) GLOBAL_UNIT_ASSIGNED_CONTEXT ( ( #1729, #1030, #1151 ) ) REPRESENTATION_CONTEXT ( 'NONE', 'WORKASPACE' ) );
#1731 =( LENGTH_UNIT ( ) NAMED_UNIT ( * ) SI_UNIT ( .MILLI., .METRE. ) );
#1732 = EDGE_CURVE ( 'NONE', #1467, #486, #419, .T. ) ;
#1733 = CARTESIAN_POINT ( 'NONE',  ( -0.1567544467966324462, 0.2000000000000000666, -0.2199999999999999734 ) ) ;
#1734 = VERTEX_POINT ( 'NONE', #1169 ) ;
#1735 = ORIENTED_EDGE ( 'NONE', *, *, #1128, .F. ) ;
#1736 = ORIENTED_EDGE ( 'NONE', *, *, #1384, .F. ) ;
#1737 = EDGE_LOOP ( 'NONE', ( #1162, #1539 ) ) ;
#1738 = CARTESIAN_POINT ( 'NONE',  ( 0.9587500000000001021, 0.2000000000000000944, -0.9487500000000000933 ) ) ;
#1739 = ORIENTED_EDGE ( 'NONE', *, *, #553, .T. ) ;
#1740 = CIRCLE ( 'NONE', #423, 0.06324555320336752717 ) ;
#1741 = UNCERTAINTY_MEASURE_WITH_UNIT (LENGTH_MEASURE( 1.000000000000000082E-05 ), #430, 'distance_accuracy_value', 'NONE');
#1742 = CARTESIAN_POINT ( 'NONE',  ( -0.2199999999999999734, -1.355252715606880543E-17, -0.2199999999999999734 ) ) ;
#1743 = SURFACE_STYLE_FILL_AREA ( #770 ) ;
#1744 =( GEOMETRIC_REPRESENTATION_CONTEXT ( 3 ) GLOBAL_UNCERTAINTY_ASSIGNED_CONTEXT ( ( #400 ) ) GLOBAL_UNIT_ASSIGNED_CONTEXT ( ( #980, #1813, #118 ) ) REPRESENTATION_CONTEXT ( 'NONE', 'WORKASPACE' ) );
#1745 = AXIS2_PLACEMENT_3D ( 'NONE', #187, #1121, #1313 ) ;
#1746 = SPHERICAL_SURFACE ( 'NONE', #328, 0.1100000000000000144 ) ;
#1747 = VECTOR ( 'NONE', #1453, 1000.000000000000000 ) ;
#1748 = EDGE_LOOP ( 'NONE', ( #762, #805, #1329 ) ) ;
#1749 = ORIENTED_EDGE ( 'NONE', *, *, #1178, .T. ) ;
#1750 = ORIENTED_EDGE ( 'NONE', *, *, #1644, .T. ) ;
#1751 = PRESENTATION_STYLE_ASSIGNMENT (( #1612 ) ) ;
#1752 = ADVANCED_FACE ( 'NONE', ( #1601 ), #339, .F. ) ;
#1753 = SPHERICAL_SURFACE ( 'NONE', #1154, 0.1100000000000000144 ) ;
#1754 = ORIENTED_EDGE ( 'NONE', *, *, #490, .F. ) ;
#1755 = CARTESIAN_POINT ( 'NONE',  ( -0.2199999999999999734, 0.2000000000000000666, 0.6600000000000000311 ) ) ;
#1756 = VERTEX_POINT ( 'NONE', #903 ) ;
#1757 = ADVANCED_FACE ( 'NONE', ( #1676 ), #983, .F. ) ;
#1758 = DIRECTION ( 'NONE',  ( 0.000000000000000000, 0.000000000000000000, 1.000000000000000000 ) ) ;
#1759 = CYLINDRICAL_SURFACE ( 'NONE', #738, 0.1000000000000001582 ) ;
#1760 = VECTOR ( 'NONE', #14, 1000.000000000000000 ) ;
#1761 = CARTESIAN_POINT ( 'NONE',  ( -0.7087500000000001021, 0.4719999999999999751, -0.8013575619295959518 ) ) ;
#1762 = AXIS2_PLACEMENT_3D ( 'NONE', #554, #1138, #1113 ) ;
#1763 = CARTESIAN_POINT ( 'NONE',  ( -0.6600000000000000311, 0.2000000000000000666, 0.2200000000000000289 ) ) ;
#1764 = AXIS2_PLACEMENT_3D ( 'NONE', #89, #1205, #647 ) ;
#1765 = ORIENTED_EDGE ( 'NONE', *, *, #230, .F. ) ;
#1766 = DIRECTION ( 'NONE',  ( -0.000000000000000000, 1.000000000000000000, -0.000000000000000000 ) ) ;
#1767 = FACE_OUTER_BOUND ( 'NONE', #1325, .T. ) ;
#1768 = CARTESIAN_POINT ( 'NONE',  ( -0.9587500000000001021, -2.697649439790129833, -0.9487500000000000933 ) ) ;
#1769 = CARTESIAN_POINT ( 'NONE',  ( -0.6600000000000000311, -1.355252715606880543E-17, 0.2200000000000000289 ) ) ;
#1770 = DIRECTION ( 'NONE',  ( 0.000000000000000000, 0.000000000000000000, -1.000000000000000000 ) ) ;
#1771 = AXIS2_PLACEMENT_3D ( 'NONE', #38, #1608, #306 ) ;
#1772 =( GEOMETRIC_REPRESENTATION_CONTEXT ( 3 ) GLOBAL_UNCERTAINTY_ASSIGNED_CONTEXT ( ( #1286 ) ) GLOBAL_UNIT_ASSIGNED_CONTEXT ( ( #625, #921, #896 ) ) REPRESENTATION_CONTEXT ( 'NONE', 'WORKASPACE' ) );
#1773 = CARTESIAN_POINT ( 'NONE',  ( 0.2200000000000000289, 0.2000000000000000666, -0.6600000000000000311 ) ) ;
#1774 = EDGE_CURVE ( 'NONE', #735, #569, #577, .T. ) ;
#1775 = ADVANCED_FACE ( 'NONE', ( #20 ), #749, .F. ) ;
#1776 = EDGE_LOOP ( 'NONE', ( #460, #458, #736 ) ) ;
#1777 = PRODUCT_DEFINITION ( 'UNKNOWN', '', #1718, #291 ) ;
#1778 = SURFACE_SIDE_STYLE ('',( #944 ) ) ;
#1779 = FACE_OUTER_BOUND ( 'NONE', #108, .T. ) ;
#1780 = PLANE ( 'NONE',  #487 ) ;
#1781 = FACE_OUTER_BOUND ( 'NONE', #1737, .T. ) ;
#1782 = FACE_OUTER_BOUND ( 'NONE', #677, .T. ) ;
#1783 = SPHERICAL_SURFACE ( 'NONE', #264, 0.1100000000000000144 ) ;
#1784 = CARTESIAN_POINT ( 'NONE',  ( -0.9587500000000001021, 0.2000000000000000944, 0.9487499999999998712 ) ) ;
#1785 = CLOSED_SHELL ( 'NONE', ( #658, #147, #331 ) ) ;
#1786 = ORIENTED_EDGE ( 'NONE', *, *, #302, .T. ) ;
#1787 = EDGE_CURVE ( 'NONE', #1457, #1268, #846, .T. ) ;
#1788 = DIRECTION ( 'NONE',  ( -0.000000000000000000, 1.000000000000000000, -0.000000000000000000 ) ) ;
#1789 = DIRECTION ( 'NONE',  ( 1.000000000000000000, 0.000000000000000000, 0.000000000000000000 ) ) ;
#1790 = FACE_OUTER_BOUND ( 'NONE', #746, .T. ) ;
#1791 = VERTEX_POINT ( 'NONE', #311 ) ;
#1792 = CARTESIAN_POINT ( 'NONE',  ( -0.6600000000000000311, 0.2000000000000000944, 0.2200000000000000289 ) ) ;
#1793 = VERTEX_POINT ( 'NONE', #179 ) ;
#1794 = DIRECTION ( 'NONE',  ( 0.000000000000000000, 0.000000000000000000, 1.000000000000000000 ) ) ;
#1795 = CIRCLE ( 'NONE', #1465, 0.1100000000000000144 ) ;
#1796 = VERTEX_POINT ( 'NONE', #1727 ) ;
#1797 = CARTESIAN_POINT ( 'NONE',  ( -0.2832455532033675283, 0.2000000000000000666, 0.6600000000000000311 ) ) ;
#1798 = DIRECTION ( 'NONE',  ( 0.000000000000000000, -1.000000000000000000, 0.000000000000000000 ) ) ;
#1799 =( LENGTH_UNIT ( ) NAMED_UNIT ( * ) SI_UNIT ( .MILLI., .METRE. ) );
#1800 = CARTESIAN_POINT ( 'NONE',  ( 0.6600000000000000311, 0.1100000000000000006, -0.6600000000000000311 ) ) ;
#1801 = SPHERICAL_SURFACE ( 'NONE', #285, 0.1100000000000000144 ) ;
#1802 = EDGE_LOOP ( 'NONE', ( #211, #1456, #826 ) ) ;
#1803 = VERTEX_POINT ( 'NONE', #469 ) ;
#1804 = AXIS2_PLACEMENT_3D ( 'NONE', #1469, #1495, #542 ) ;
#1805 = STYLED_ITEM ( 'NONE', ( #1270 ), #879 ) ;
#1806 = COLOUR_RGB ( '',0.7921568627450980005, 0.8196078431372548767, 0.9333333333333333481 ) ;
#1807 = VECTOR ( 'NONE', #552, 1000.000000000000000 ) ;
#1808 = SPHERICAL_SURFACE ( 'NONE', #1328, 0.1100000000000000144 ) ;
#1809 = DIRECTION ( 'NONE',  ( 0.000000000000000000, 0.000000000000000000, 1.000000000000000000 ) ) ;
#1810 = ORIENTED_EDGE ( 'NONE', *, *, #787, .T. ) ;
#1811 = CARTESIAN_POINT ( 'NONE',  ( -0.2199999999999999734, 0.1100000000000000006, 0.2200000000000000289 ) ) ;
#1812 = LINE ( 'NONE', #1527, #119 ) ;
#1813 =( NAMED_UNIT ( * ) PLANE_ANGLE_UNIT ( ) SI_UNIT ( $, .RADIAN. ) );
#1814 = VERTEX_POINT ( 'NONE', #892 ) ;
ENDSEC;
END-ISO-10303-21;
